movie_id,title,original_title,overview,release_date,runtime,original_language,status,imdb_id,popularity,vote_average,vote_count,adult_flag,video_flag,poster_path,backdrop_path,homepage,tagline,budget,revenue,collection_id,collection_name
69695,Enemy Agents Meet Ellery Queen,Enemy Agents Meet Ellery Queen,Detective Ellery Queen aids Free Dutch agents battle Nazi spies over a prize of industrial diamonds.,1942-07-30,64,en,Released,tt0034703,0.6159,6.625,4,False,False,/pvBOJasFILGi2QGL6eoWo9pXNrj.jpg,/zO1GWK7ZtRocf5WPDLj6mLPhxN8.jpg,,It's a wave of thrills and chills for you!,0,0,395086,Ellery Queen Collection
36056,The Ring,The Ring,"Both Jack Sander and Bob Corby are boxers in love with Mabel. Jack and Mabel wed, but their marriage is flat. The young wife looks to Bob for comfort.",1927-09-28,116,en,Released,tt0018328,1.5413,5.904,109,False,False,/VeNRpyspVlJzkrNAyszdGtmy9e.jpg,/8nCWeu8mgd3Wa0TtkSUIla0x9cF.jpg,,Two boxers compete for the love of a woman.,0,0,,
41289,Bloodfight,Bloodfight,"Master martial artist Masahiro Kai is a shadow of the champion fighter and trainer he once was. After his protégé was slain in a no-holds-barred, underground fight by the incomparable Chang Lee, Kai slips into a numbing alcohol-induced stupor to try to forget the past.",1989-06-24,100,en,Released,tt0140859,1.6484,5.938,24,False,False,/4dvfxBT3OqIONZK6apAL7ERVC85.jpg,/xudfgCTwE2A8XRcvUi2wQwojbrN.jpg,,Beneath the fight. Beyond the fight. Become the warrior,0,0,,
25563,Marked Woman,Marked Woman,"In the underworld of Manhattan, a woman dares to stand up to one of the city's most powerful gangsters.",1937-04-10,96,en,Released,tt0029217,1.7962,6.553,76,False,False,/rJHNkbEnyjQUl8DXWxk127hNEhD.jpg,/mBL8qkSJKjAOdm3r14PtVV1Hf5L.jpg,,The star teaming you'll never forget!,0,0,,
50618,Fortress of War,Брестская крепость,"The film covers the heroic defence of the Brest Fortress, which was attacked during the first strike of German invaders on June 22 1941. The story describes the events of the first days of the defence, including the three main resistance zones, headed by the regiment commander, Pyotr Mikhailovich Gavrilov, the commissar Efim Moiseevich Fomin and the head of the 9th frontier outpost, Andrey Mitrofanovich Kizhevatov. Many years later veteran Alexander Akimov again recalls the memories of the time, when he, then a 15 year old Sasha Akimov was deeply in love with the beautiful Anya and suddenly found himself in the middle of the bloody events of war.",2010-11-04,138,ru,Released,tt1343703,2.4349,7.171,181,False,False,/iHXo74DonjdP8AoY2iChSEm9HjG.jpg,/6AXiXs5BOaGpYx1ctChTSNJxjJu.jpg,http://brestkrepost-film.ru,Surrender was not an option,8500000,4404729,,
18217,Buried Alive,Buried Alive,A college prank at an abandoned house accidentally awakens a frightening spirit.,2007-02-07,94,en,Released,tt0479199,1.3632,4.752,121,False,False,/nGjRzBdlSwUnv2zoxpChWyttIBo.jpg,/drk6V6q14u0ksBclhzJ35Q0s3kd.jpg,,Evil Won't Stay Buried Forever,0,1558939,,
14057,Trust the Man,Trust the Man,"Overachieving actress Rebecca must come to grips with her failing marriage to stay-at-home dad Tom. While Rebecca's slacker brother Tobey can't seem to commit to his aspiring-novelist girlfriend, Elaine. As both relationships spin out of control, the two couples embark on a quest to rediscover the magic and romance of falling in love in New York.",2005-09-01,103,en,Released,tt0427968,1.3584,5.166,125,False,False,/njvBxeC3mj5XKjT9a2OdDglq9Yj.jpg,/A4f5bTLP0qkhgfS3ry1fPFHKsl4.jpg,,Men play the game. Women know the score.,9000000,0,,
89777,"Piet Kluit, een man met ballen.","Piet Kluit, een man met ballen.",,2009-02-16,50,nl,Released,tt1370827,0.0143,,,False,False,/lae45rxoSUXrTnirNLwkhXPe827.jpg,/eaqpYnAAtbWlmJmMrCdbpHSUzj9.jpg,,,0,0,,
91906,World of Skinhead,World of Skinhead,"Straight out of This is England! Or was it the other other way round? Never mind, now a classic, World of Skinhead seeks out the roots of skinhead culture - from Detroit to Bergen, from Glasgow to Berlin, honouring its true spirit.",1995-03-09,52,en,Released,,0.0741,,,False,False,,,,,0,0,,
68201,The Mikado,The Mikado,"In a small Japanese town, Ko-Ko is appointed to the unenviable position of executioner. Knowing he must successfully perform before the appearance of the Mikado in a month's time, Ko-Ko finds a suitable victim in Nanki-Poo, who is distraught over his unrequited love for the maiden Yum-Yum. Nanki-Poo agrees to sacrifice his life if he is allowed to spend his remaining days with Yum-Yum, who is betrothed to Ko-Ko.",1939-05-01,91,en,Released,tt0031650,0.7501,6.855,31,False,False,/8cMjvpBjKJZ2xTKLlvOGhszOeuH.jpg,/abLgXm9M6tO3gLntYYzY2ovNuiI.jpg,,,165000,0,,
79177,Suze Orman: The Courage to Be Rich,Suze Orman: The Courage to Be Rich,"Suze Orman, author of the bestselling book and DVD 9 Steps to Financial Freedom, delivers another seminar to us, this time on The Courage to Be Rich. The premise of this lecture is ""how to create changes in our life so that we can take charge of our financial future."" Orman loosely divides the program into three sections: the first explores how our thoughts create our destiny; the second examines our relationship with our self, our money, and those we love and their money; and the final explores the myths and realities of Roth IRAs, commissions on mutual funds, and why you may not be getting the raise you deserve. Using personal anecdotes and exercises, Orman drives her points home. Her opinions are definite--make sure you have a prenuptial agreement, own your home, invest in a Roth IRA--but she is clear and effective in explaining the reasoning behind these absolutes. Her manner is both inviting--those new to the financial world will not be in the least intimidated--and knowledgeable.",,75,en,Released,tt0255626,0.1939,8.75,2,False,False,,,,,0,0,,
95467,The Full Treatment,The Full Treatment,"Race car driver Alan Colby and his new wife Denise are involved in a car crash where he sustains a serious head injury, causing him to have murderous feelings toward Denise. After Denise persuades him to honeymoon with her on the Cote D'Azur in France, they enlist the aid of a French psychiatrist who offers to regress Alan back to the time of the accident and cure him.",1960-10-01,108,en,Released,tt0054901,0.8503,6.182,22,False,False,/5C8cZ5uOynaQEKej8tteXN5lJ3g.jpg,/wlaDHhbcnH6meuDaUPWPwS1SyDl.jpg,,A diabolical new technique in suspense!,0,0,,
18550,Fled,Fled,"During a routine prison work detail, convict Piper is chained to Dodge, a cyberhacker, when gunfire breaks out. Apparently, the attack is related to stolen money that the Mafia is after, and some computer files that somebody wants desperately to bury. The pair, who don't exactly enjoy each other's company, escape and must work together if they are to reach Atlanta alive. Luckily, they meet a woman who may be willing to help them.",1996-07-19,98,en,Released,tt0116320,2.6577,5.614,246,False,False,/5oGdTgWXCOKerrfdBxJrOlFyifL.jpg,/z9jJJX0FPhwEHjbLzVmVsAOtMI2.jpg,,See how they run.,25000000,17193231,,
49977,The Butt,Fimpen,"6-year-old Johan (nicknamed 'Fimpen') loves football. One day, his talents are discovered, and it doesn't take long before Fimpen gets to travel around with the national team. Fimpen becomes an idol and the media wants a piece of him all the time. It gets hard to catch up in school.",1974-02-16,87,sv,Released,tt0071498,0.8306,5.923,13,False,False,/p3ImxbFgz1ZmpM29q2Ufl34P8XA.jpg,/qk1rZKavQHZQ6NE8e5nghIkHxWd.jpg,,,0,0,,
61821,The Jokes,Le barzellette,"In many small episodes, various characters represent the typical vices and comedy of Italian society in early 2000.",2004-02-06,92,it,Released,tt0402832,0.9629,4.592,120,False,False,/zgzygvWq1rZ5h2qn1hX3h73Fs29.jpg,/e12yyOpFYx17ioQzd4tpVOtUctg.jpg,,,0,0,,
54908,Depeche Mode: The Dark Progression,Depeche Mode: The Dark Progression,"Unauthorized by (and therefore completely independent from) Depeche Mode themselves or their record company, Depeche Mode: The Dark Progression is a new documentary following the development and career of popular electronic band Depeche Mode, from their interest in New Romanticism at the start of their career through the darkness and urban industrial themes that permeated their albums, to the departure of Alan Wilder in 1995 and more. Packed with interviews with all the band members, contributions from their friends, colleagues, and contemporaries , rare performances by Depeche Mode, archive footage, video clips, location shots, and news reports, Depeche Mode: The Dark Progression is a ""must-have"" for Depeche Mode fans. Some tracks are also included, such as ""Just Can't Get Enough"", ""People Are People"", ""Stripped"", ""Never Let Me Down Again"", ""Strangelove"", ""Personal Jesus"", ""Enjoy the Silence"", ""Walking In My Shoes"", ""I Feel You"", and more.",2009-06-16,97,en,Released,,0.055,1.0,1,False,False,/zSqGHWezBfhKss51MRJ95buVmor.jpg,,,Unauthorized,0,0,,
75944,The Jackpot!,La Totale !,"To his family, François Voisin is nothing more than a humdrum civil servant. In truth, for the past twenty years he has been working as a secret agent. All goes well until circumstances put his secret in danger.",1991-12-18,102,fr,Released,tt0103103,1.7341,5.839,115,False,False,/jTn3hsc9wqOIOaYzucy97putFFv.jpg,/57UWmEFLl61qqVnLsnWVp9c9uzM.jpg,,,0,0,,
39579,Golf for Dummies,Golf for Dummies,"Whether you're new to golf or already a strong player, you're guaranteed to learn something new about the game with this DVD! Golf For Dummies DVD features: Designed for golfers of all ages levels, and egos Easy-to-follow program for any player Discover how to grip your clubs, stand, and swing Improve your putting Pick the best equipment for your game, and more Running length: 75 minutes About the Host: Gary McCord, a 25-year Tour veteran, stumbled into broadcasting when a CBS executive asked him to do color commentary---by tossing him a headset with 15 minutes to prepare. CBS liked Gary's style under pressure and he was on his way to a career in broadcasting. McCord writes for America Online and Golf Digest...Another of his efforts were: Just a Range Ball in a Box of Titleists a collection of essays and stories from his life on and off the Tour. McCord also operates the Kostis-McCord Teaching Center in Scottsdale, AZ with Peter Kostis.",2004-06-08,75,en,Released,tt0437208,0.3301,8.5,3,False,True,,,,,0,0,,
11522,Pretty in Pink,Pretty in Pink,"Andie is an outcast, hanging out either with her older boss, who owns the record store where she works, or her quirky high school classmate Duckie, who has a crush on her. When one of the rich and popular kids at school, Blane, asks Andie out, it seems too good to be true. As Andie starts falling for Blane, she begins to realize that dating someone from a different social sphere is not easy.",1986-02-28,97,en,Released,tt0091790,4.5178,6.696,1198,False,False,/jeFJyzJBufJexpOuywuPp8q2tCJ.jpg,/bZneRu42OnfMJzQJ0Mn39kCI5v3.jpg,,Blane's a pretty cool guy. Andie's pretty in pink. And Duckie's pretty crazy.,9000000,40471663,,
37373,Island in the Sun,Island in the Sun,"A scandalous tale of politics, social inequality, interracial romance, and murder set on a fictitious British-owned Caribbean island.",1957-06-12,119,en,Released,tt0050549,1.1798,6.69,21,False,False,/edwem9j28FpivnydLlDCchc5WCy.jpg,/zwuRNAp7hQdYDO7Edmy1WMEn2QV.jpg,,,3000000,5000000,,
13816,Idlewild,Idlewild,"A reticent piano player Percival, along with Rooster, his flamboyant lead performer and manager, struggle to keep their speakeasy, in the Prohibition-era South, out of the hands of gangsters who want to take it over.",2006-08-25,121,en,Released,tt0417225,2.1501,5.633,64,False,False,/d1KW3hrGAJCsvs2GC2MCkYebD2u.jpg,/l3S9jKTD6zCegaPrVkCfSZS2xJV.jpg,,,15000000,12643027,,
60157,Bee Gees - Live by Request,Bee Gees - Live by Request,"Celebrating 35 years of hitmaking, the Bee Gees take the stage in New York City with host Mark McEwen taking the requests as Barry, Maurice and Robin play your favorite songs from the last four decades. From A&E's popular ""Live by Request"" music series, the brothers Gibb perform five new classics and over a dozen all-time favorites in this unique, intimate concert captured in glorious surround sound. Songs: This Is Where I Came In, She Keeps on Coming, Sacred Trust, Man in the Middle, Massachusetts, To Love Somebody, I Started a Joke, Jive Talkin', How Can You Mend a Broken Heart, Gotta Get a Message To You, Acoustic Medley: New York Mining Disaster/Run to Me/Too Much Heaven/Islands in the Stream/Holiday/A Woman in Love/Guilty/Nights on Broadway, Wedding Day, Lonely Days, How Deep Is Your Love, You Should Be Dancin'.",2001-04-27,90,en,Released,,0.1302,6.6,7,False,False,/dzqoQzYAwErrttSKfzpTFZishMi.jpg,,,,0,0,,
92674,Classified X,Classified X,"A history of the racially stereotyped portrayal of African Americans in cinema, hosted by film pioneer Melvin Van Peebles.",1998-10-16,53,en,Released,tt0141593,0.6081,5.417,6,False,False,/2Vu7MTXqm7chzwcple1FM7zR10X.jpg,/3zE4cV8KSM53isRjqfHg87dD7dG.jpg,,,0,0,,
85899,The Lone Wolf in London,The Lone Wolf in London,"Michael Lanyard is suspected of stealing two fabulous diamonds from a vault in Scotland Yard, where they were being held for safekeeping, but the Yard can't prove he did it. Later, Lanyard is summoned by a member of the nobility to help the latter raise money to pay a blackmailer. Lanyard later finds evidence to reveal the diamonds as having been stolen by a famous stage star.",1947-11-13,68,en,Released,tt0039579,0.8379,6.625,4,False,False,/4jltS83R8Vv6T0waEpE0pgeWARk.jpg,/4C7queVRmyDCpMxJkiVOAmV6oAv.jpg,,The Lone Wolf's Got A Way With Women Who Try To Get Away With MURDER!,0,0,395433,Lone Wolf Collection
38308,Live Killers,Queen: Live Killers - In Paris,"Concert of the Queen Live Killers world tour at the Pavillion de Paris, March 1st 1979. Songs including Fat Bottomed Girls, You're My Best Friend, Don't Stop Me Now, If You Can't Beat Them, Spread Your Wings and Dreamer's Ball. On the exhausting Jazz Tour in late 1978 for the US and early 1979 through Europe and Japan, most European dates were recorded and then later spliced together to make up the Live Killers double-album. This tour featured their ""Pizza Oven"" lighting rig which consisted of 320 par lights arranged on a massive moveable rig above the band. It was nicknamed the ""Pizza Oven"" due to the massive amount of heat that the lights generated.",1979-03-01,102,en,Released,,0.3221,7.0,2,False,False,/vLASdagbgbaEeqd3mXqH8jZVdcD.jpg,,,,0,0,,
47026,Mandy,Mandy,"London, the early 1950s. Born deaf, Mandy is mute for most of her childhood. As she reaches school age her family itself is in danger of breaking up. Christine, Mandy's mother, has heard of a residential school for the oral education of the deaf.",1952-07-29,93,en,Released,tt0045654,1.2122,7.118,34,False,False,/8bwWXoxCjCUDJN6hKPCtUWUzPux.jpg,/l8AAefZ2lvAphYXe7HZ9uVxGbgQ.jpg,,The Greatest Emotional Drama yet brought to the screen...,0,0,,
63074,The Roses of the Desert,Le rose del deserto,"A sanitary battalion of Italian Army is sent to Sorman oasis in Lybia during the Africa campaign in 1940. Soon an Italian missionary, living nearby, succeed to transform the occupation by Italian Army in a kind of humanitarian mission. In fact all the battalion is involved to help the local population. The war anyway goes on with no regards to human feelings. The ""glorious"" Fascist campaign is going to became a fast retreat.",2006-12-01,102,it,Released,tt0470082,0.8601,6.156,16,False,False,/gzW15mnUnKovV06Ggyomr1asp4u.jpg,/kORC0dKWM1Ya0fk6C9Q53bA66ts.jpg,,,0,0,,
43771,Gabbeh,گبه,"An elderly couple go about their routine of cleaning their gabbeh, while bickering gently with each other. Magically, a young woman appears, helping the two clean the rug. This young woman belongs to the clan whose history is depicted in the design of the gabbeh, and the rug recounts the story of the courtship of the young woman by a stranger from the clan.",1996-06-26,72,fa,Released,tt0116384,0.9697,6.705,61,False,False,/uT2MCo2YKqMqtUXdtmy1rwR4IwD.jpg,/uv0annzJaX9iGrzQOTTmHD63qPJ.jpg,,Life is Colour. Love is Colour.,0,0,,
17131,The Glass Key,The Glass Key,A crooked politician finds himself being accused of murder by a gangster from whom he refused help during a re-election campaign.,1942-09-08,85,en,Released,tt0034798,1.381,6.628,129,False,False,/wMUEEEdqKWIN9BxcSFx3dlFb7i1.jpg,/jkGg59usMSBG36TLfA3KaaHAZnP.jpg,,The Tougher They Are—The Harder They Fall,0,0,,
38157,Wishmaster 4: The Prophecy Fulfilled,Wishmaster 4: The Prophecy Fulfilled,"The unspeakable evil of the soul-devouring djinn rises again in this fourth electrifying installment of the unstoppable Wishmaster horror legacy! But now, as a host of new victims see their most nightmarish wishes come true, the world faces the ultimate demonic terror: an onslaught of multiple djinns hell-bent on destroying everything in their path!",2002-06-10,92,en,Released,tt0254872,1.5731,4.514,180,False,False,/am5GYs2Zd4AE8faxTGkdSBvdgbG.jpg,/cjIY7VLjVGLVp46WqrhQemImEfr.jpg,,Leave no soul unturned.,500000,0,135489,Wishmaster Collection
30565,The Hamster Factor and Other Tales of 'Twelve Monkeys',The Hamster Factor and Other Tales of 'Twelve Monkeys',"A documentary following Terry Gilliam through the creation of ""Twelve Monkeys.""",1996-11-05,88,en,Released,tt0116479,1.0972,6.97,33,False,False,/xoeX7DIHRU90KuSNNsDWoYqhrJL.jpg,/gNbhAEsi1239PFdwi7gXxIzvHfN.jpg,,,0,0,,
53014,Cat Napping,Cat Napping,"Tom has plans to take a nice long nap in a hammock, but Jerry has gotten there first and is snoozing happily, so the two fight it out to see who gets to sleep there.",1951-12-08,7,en,Released,tt0043387,0.7242,7.0,42,False,False,/mUZyABnISQtywcfJ1yNrOKR50at.jpg,/ga2rBuLcsmxArVxvHo3xZq9RINp.jpg,,,0,0,,
8905,Three Monkeys,Üç maymun,"A family battles against the odds to stay together when small lies grow into an extravagant cover-up. In order to avoid hardship and responsibilities that would otherwise be impossible to endure, the family chooses to ignore the truth, not to see, hear or talk about it. But does playing “Three Monkeys” invalidate the truth of its existence?",2008-05-16,109,tr,Released,tt1233381,1.4173,6.811,225,False,False,/tyIKP8SSTkw9xEXAG9lj5jEnIfW.jpg,/tD7zvUWcx6Uw54GiE0xzpGK15pT.jpg,http://www.nbcfilm.com/3maymun/3maymun.php?mid=1,,0,1930628,,
47282,Little Dorrit,Little Dorrit,"Amy Dorrit spends her days earning money for the family and looking after her proud father who is a long term inmate of Marshalsea debtors' prison in London. Amy and her family's world is transformed when her employer's son, Arthur Clennam, returns from overseas to solve his family's mysterious legacy and discovers that their lives are interlinked.",1987-12-11,357,en,Released,tt0095530,0.9625,6.357,14,False,False,/61uclYiDIhkbV3o8XsjqUK0jbXD.jpg,/mogHGupMqYXj3tR3JZ5xLSyTZJ4.jpg,,,0,0,,
47044,The Secret Life,The Secret Life,"Based on the life of notorious serial killer Jeffrey Dahmer, who murdered 17 men and ate many of them before he was caught in 1991.",1993-01-01,99,en,Released,tt0244782,1.0435,5.02,25,False,False,/5NZrBKAtpRqVtWuVZvw5HISajld.jpg,/sdKYcmYTXh7xsdHsHmyLPCHztm5.jpg,,The fictionalized story of the murders.,0,0,,
9464,Buffalo '66,Buffalo '66,"Billy is released after five years in prison. In the next moment, he kidnaps teenage student Layla and visits his parents with her, pretending she is his girlfriend and they will soon marry.",1998-01-20,110,en,Released,tt0118789,5.2173,7.1,1042,False,False,/fxzXFzbSGNA52NHQCMqQiwzMIQw.jpg,/oCcRRoalUWy83x3gqhCIl6pPUAi.jpg,http://www.vincentgallofilms.com/buffalo66.html,Billy Brown just got out of jail. Now he’s going to serve some real time. He’s going home.,1500000,2375097,,
26189,Get a Clue,Get a Clue,"A wealthy student with too much fashion sense, her equally rich friends, and her rival/superior from the school paper work together to solve the case when their teacher goes missing.",2002-06-28,83,en,Released,tt0282521,1.5946,5.315,238,False,False,/9NhdXavPBUPYkdBwCaatOIGwGjp.jpg,/1eqEZmLExg1Px2Dgz9t0Ji9ghPi.jpg,https://movies.disney.com/get-a-clue,Trust No One... Question Everything... Get A Clue.,0,0,,
68394,Emma Goldman: An Exceedingly Dangerous Woman,Emma Goldman: An Exceedingly Dangerous Woman,"The remarkable life of the immigrant christened ""the most dangerous woman in America"" is explored in this documentary focusing on noted birth-control advocate and anti-military conscription activist Emma Goldman. A noted Russian-born woman who became the leader of the anarchist movement upon immigrating into the United States, Goldman subsequently earned such nicknames as ""Red Emma"" and ""Queen of the Anarchists"" for her outspoken vocal attacks on the government and her staunch opposition to World War I",2004-04-12,85,en,Released,,0.4425,,,False,False,/zTTqRbWuHPVtk9KSPVD02jmZqiJ.jpg,,,,0,0,,
76027,Killing Hitler,Killing Hitler,"A drama-documentary about Operation Foxley, a 1944 British plan to assassinate Adolf Hitler.",2003-03-30,90,en,Released,tt0360715,0.6906,6.5,6,False,False,/hXlYcQb23TdjEylYNYAIw4DeOXs.jpg,,,,0,0,,
55896,獄に咲く花,獄に咲く花,"When U.S. Commodore Matthew Perry's infamous Black Ships arrived in Uraga Harbour in 1853 saw his chance to let that breath out, and he and a friend snuck aboard Perry's ship in an attempt to return with him to America. When Perry's crew caught him and returned him to the mainland the ruling Shogunate put him under house arrest, a light sentence considering that the official penalty for leaving Japan was death. It was during his time of house arrest that Shōin saw the whirlwind of foreign influence that Perry's visit had initiated. To try and counteract this Shōin set up a school in his native Hagi in Yamaguchi Prefecture where he taught traditional Japanese values, military strategy and a redefinition of bushido, the samurai code. This school, the Shoka Sonjuku produced some of the leading revolutionaries who would bring about the downfall of the Shogunate.",2010-04-10,,ja,Released,tt1606611,0.2467,8.5,1,False,False,/h1mREuhHNNDX3wUxrrf4oOOprLt.jpg,/1ZcarbQ4MwpPWUs93jtvBLf8IlN.jpg,,,0,0,,
69138,"The Cat, the Cow, and the Beautiful Fish","The Cat, the Cow, and the Beautiful Fish","While Jean Jean takes his pet fish for a walk, the evil cat sneaks into his house to to kill his mother; but his plans go awry when the orange juice cow shows up...",1992-01-01,3,en,Released,,0.051,,,False,False,,,,,0,0,,
85328,The Pompatus of Love,The Pompatus of Love,"Four guys sit around drinking beer and talking, trying to figure out the meaning of ""the pompatus of love"" (from the Steve Miller song ""Joker"") and analyzing their relationships with women.",1996-07-26,99,en,Released,tt0117357,1.2649,4.071,7,False,False,/i94UXzKj8OF1hUyXlT4BHvfgJZI.jpg,/vEiAWnELNuUbULQ913nVUeMsJ38.jpg,,Woman are a mystery,0,0,,
91340,"Where Are You From, Johnny?","D'où viens-tu, Johnny ?","Without knowing it, Johnny, a young rock musician, finds himself involved with a Parisian drug gang. Realising he is being set up, he throws the drugs into the Seine and takes refuge in the Camargue with his family and his fiancée, Gigi. Meanwhile, the dealers are hot on their heels.",1963-10-29,100,fr,Released,tt0056974,0.5201,6.0,5,False,False,/ygHBnG0DPkLts24YMyIf6ED46v0.jpg,/7vqPEdp3sPSNXqz0X5URT9vxOVi.jpg,,,0,0,,
96799,When a City Falls,When a City Falls,"2010 on the Canterbury Plains and all is well. Lambs, blue skies and daffodils. In Cathedral Square choir boys sing to their God. Punts push new season's tourists along the Avon. They photograph the 'Garden city'; the 'most English city outside of England'.  We get hit with a 7.1 earthquake. We stand up, wave our fists at the heavens and compliment ourselves on our ability to recover. And then we get hit even harder. Now the city has fallen. Many are dead. Many injured. Many narrowly escape.  A fragile people reappear in the following days. We have learnt from the first earthquake and once again a response is growing. Once again adrenaline is taking over. Now the whole country is rallying for Christchurch. It's the energy of the people that's unprecedented. Communities are rising from the sand. People are holding tight to each other.  A year later and the quakes keep rolling. Now the Canterbury earthquakes are the most ever quakes recorded in a series. And we're still counting....",2011-11-24,106,en,Released,tt2258731,0.0668,0.5,2,False,False,/zOb94gSCGMylWmJdYP8QZTTaVPl.jpg,,http://www.frankfilm.co.nz/when-a-city-falls.html#fragment-59,,0,0,,
70155,Devochka Moya,Девочка моя,"Однажды, после тяжелого концерта в ночном клубе звезда джаз-кабаре Астров, просыпаясь в гостиничном номере, обнаруживает в своей постели малолетнюю фанатку. Девочка утверждает, что Астров ее изнасиловал и угрожает выброситься с балкона. Бдительной горничной тут же вызвана милиция, разгорается ужасный скандал… Желтая пресса плотоядно потирает ручки, предвкушая как джаз-музыканта вот-вот упекут за решетку за развращение несовершеннолетней сиротки, мать которой умерла при родах… Но честь Астрова и невинность девочки удается доказать. Астрова отпускают из-под стражи, однако адвокат советует своему подопечному разыграть для вездесущих журналистов смерть от «сердечного приступа», на время уехать в провинцию и «залечь на дно», пока не забудется эта «сомнительная история». Расстроенный Астров направляется на вынужденный отдых «на историческую родину» - в городок своего детства, где не был со дня окончания школы. Здесь его ждёт встреча с первой любовью и новые «приключения»…",2008-06-06,89,en,Released,,0.1493,,,False,False,,,,,0,0,,
62736,Baoh: The Visitor,バオー来訪者,"Doress, a Japanese ""black projects"" organization, has been gathering psionics and creating biological weapons to ""make Japan superior"". When one of the biological experiments, BAOH, a parasite living inside 17-year-old Ikuro, escapes with a psychic young girl named Sumire, Doress will do anything to get the boy and girl back. The only problem for them is that BAOH has the ability to alter its host into a living death machine in order to keep it alive. BAOH ""awakens"" to its ""Armed Defense Phenomenons"", giving Ikuro acid-tipped claws, bio-regeneration, and super-strength. But Doress takes the girl, and BAOH, alongside its host, must fight an army of commandos and psionics to get her back.",1989-11-01,50,ja,Released,tt0096891,2.3468,6.012,43,False,False,/wvSMLqZmFWjZ74ILsLtqVt45WTL.jpg,/CVZXg7vngiz2fO7KrVnhG508qM.jpg,,,0,0,,
52447,Coronation Street: A Knight's Tale,Coronation Street: A Knight's Tale,"Coronation Street's Curly Watts and Reg Holdsworth, two of Britain's most enduring characters are reunited in a special one-off feature length movie, A Knight's Tale. They are joined by Norris Cole, Mary Taylor, Rosie Webster and Jason Grimshaw in a comedy of errors set at a medieval weekend within a Gothic castle. A Knight's Tale also stars Brian Capron in a cameo as a 'Dickie the boatman' and Jeremy Edwards (Holby City, Dancing on Ice) as plastic surgeon Uri. Written by Anonymous",2010-11-01,81,en,Released,tt1735854,0.0708,6.3,5,False,False,,,,,0,0,,
30347,Jesse Stone: Death in Paradise,Jesse Stone: Death in Paradise,"When Jesse Stone looks into the murder of a teen-age girl whose body is found floating in a local lake, it brings him up against the Boston mob and into the affluent world of a bestselling writer who exploits troubled teens.",2006-04-30,87,en,Released,tt0800095,1.716,6.9,118,False,False,/zbRvYD01GzgwBqe5vHBFeoscuQA.jpg,/byGOLsnQrTzxjC5NofjwT6aa7S9.jpg,http://www.cbs.com/specials/death_in_paradise/,,0,0,59235,Jesse Stone Collection
98602,Samsung Presents: IMAX 3D Triple Feature,Samsung Presents: IMAX 3D Triple Feature,"Galapagos: Shot on the famed archipelago and in its surrounding waters, Galapagos follows marine biologist Dr. Carole Baldwin as she makes her initial venture into that world first chronicled for science 160 years earlier by Charles Darwin. The tools for Baldwin's team are far different than anything Darwin used, yet one thing is unchanged. The Galapagos Islands remain a stunningly abundant laboratory for exploration.  Into the Deep: Kate Nelligan narrates and renowned marine-life filmmaker Howard Hall directs this colorful foray into the kelp forests located off California's Channel Islands.  Mummies: Secret of the Pharaohs: unravel the enshrouded human time capsules that have become the most fascinating mystery of our time - Egypt's mummies. Probe ancient tombs to uncover these carefully hidden phenomena, and experience the dramatic adventure of their excavations.",2010-09-19,112,en,Released,,0.0143,,,False,True,/fHmGKkB6lSwfsqUlWv6oFQbGxpy.jpg,,http://www.blu-ray.com/movies/Samsung-Presents-IMAX-3D-Triple-Feature-Blu-ray/16085/,,0,0,,
58678,Alarm,Alarm,A grieving woman leaves Dublin to the Irish countryside for a fresh start. Soon her new life is disturbed by a vendetta and her own suspicion towards her new neighbors and her old friends,2008-07-11,105,en,Released,tt1135960,0.2654,4.1,7,False,False,/3OXaxsSvji5em07xPPYExCcfGFo.jpg,,,Home is where the fear is,0,0,,
86528,The Hidden Faith of the Founding Fathers,The Hidden Faith of the Founding Fathers,"The 'Hidden Faith of Our Founding Fathers' is perhaps the first and only documentary to go where no film has ever gone before: into the hidden faith of America's founding fathers. Many founders were involved in secret societies, and yet it is often claimed these men were Christians who were trying to build a Christian nation. But was their faith the true faith of the Bible? And is it possible, as some claim, that the exact opposite is true?  What did the founders believe about the Person of Jesus Christ? Were they fighting for Christianity, or against it? Moreover, is it possible that the events of the American Revolution have a much darker significance in the pages of Bible prophecy than most church leaders are aware?",2011-01-01,180,en,Released,tt3433584,0.0865,4.0,2,False,False,/agjPX1IwrdXbRn37WKiHn7x3p0d.jpg,,https://www.adullamfilms.com,What did America's founding fathers actually think about the Gospel of Jesus Christ?,0,0,,
96279,After the Storm,After the Storm,"On the run from smugglers and the police, world-weary scavenger Arno (Benjamin Bratt) takes a job as a courier for a tycoon. But when the tycoon's yacht goes down in a storm, can Arno partner with a fellow sea scavenger to loot the ship's bounty? What awaits are diamonds, emeralds and gold. Guy Ferland directs this tropical noir film, which is based on a short story by Ernest Hemingway. Armand Assante co-stars.",2001-08-17,99,en,Released,tt0240325,1.1344,3.941,17,False,False,/axUSRcce15d8fa0JT2LOMP8CHAx.jpg,/ldB6vULU6IyZsJ5ClPjFrSlYFdM.jpg,,A tale of human nature rising to the surface.,0,0,,
74812,The Thieves,I ladri,"An Italian-American mobster is sent back to Naples from the States. He moves to Italy with all his illegal proceeds hidden in jam jars--which fall into the wrong hands when they get to the harbour of Naples. These hands belong to people who demand their fair share. Meanwhile, the mobster is questioned by investigators.",1959-06-27,82,it,Released,tt0052985,1.0374,5.727,22,False,False,/pcliLcY5Jrv106hPY3PwKjulMgP.jpg,/wQPZlpvZ5juDNXdhLHNainycilJ.jpg,,,0,0,,
69299,Resistance,Resistance,"The epic tale of an American reconnaissance pilot downed in occupied Belgium at the height of World War II. Hidden by resistance fighters, the pilot falls in love with the wife of the man who will save him. When their affair is exposed, an act of betrayal threatens their lives and the entire resistance movement, forcing the pilot to make a powerful choice that could change the course of the war.",2003-07-16,92,en,Released,tt0306011,1.0501,5.091,11,False,False,/5Q6S3RCVDzPCFW0ROBIDfxvqWgF.jpg,/dUlquuqCDJBqTNhvJcbeFveJPW.jpg,,,0,0,,
15580,The End of America,The End of America,"Based on her book of the same name, Naomi Wolf presents controversial evidence that America has begun a frightening descent into dictatorship and fascism. American democracy, as we know it, is under attack. By examining the chilling parallels between the current state of our nation and the ascent of dictators and fascism in other once-free societies, Wolf urges viewers to open their eyes to the horrors that lie ahead. From the increased use of paramilitary groups to the construction of secret prisons and the targeted suspension of the rule of law, the warning signs are all there for people to wake up and finally take notice.",2008-01-01,73,en,Released,tt1294790,0.3525,6.8,16,False,False,/zpoE9TmMWx9TLz1ssdtZW0coS8H.jpg,/8Uw95suGwcCxQzXUgyAiSEdCuBD.jpg,,Liberty: Use It or Lose It,0,0,,
94814,The Mechanical Man,L'uomo meccanico,"The story begins with a scientist creating a device shaped like a man that can be remote-controlled by a machine. The mechanical man possess super-human speed and strength. The scientist is killed however by a gang of criminals, led by a woman named Mado, who wish to get the instructions for building the mechanical man. The criminals are captured before they are able to get them and are brought to trial and condemned. Mado manages to escape and kidnaps the scientist's niece whom she forces to give her the instructions which she uses to build a mechanical man.",1921-11-01,80,it,Released,tt0337377,0.3515,6.167,18,False,False,/rT0AATJ8lh4hwFREWNEeLHMinVI.jpg,/6KlML5WDFpR177smIer2ZcEfXHU.jpg,,,0,0,,
82733,Maroon 5: Live - Friday the 13th,Maroon 5: Live - Friday the 13th,"Grammy Award-winning band Maroon 5 performs live at the Santa Barbara Bowl in this concert film. The group treats the audience to three huge hits -- ""This Love,"" ""Sunday Morning"" and ""She Will Be Loved"" -- from their multiplatinum breakthrough album, ""Songs About Jane."" The concert also features the never-before-released song ""Wasted Years"" and a cover of Oasis's hit ""Hello."" Also included are exclusive interviews and behind-the-scenes footage.",2005-07-13,120,en,Released,tt0814206,0.1239,9.0,2,False,False,/aTwa4WS33DTsEb8TR9atJdgwUut.jpg,,,,0,0,,
83880,Super Shark,Super Shark,"An offshore drilling accident triggers the release of a giant prehistoric shark. When marine biologist Kat Carmichael arrives, she runs up against corporate front man Roger Wade, who plots with Stewart to disrupt her investigation. With the help of Skipper Chuck and disc jockey Dynamite Stevens, Kat tries to find a way to defeat the monster which has evolved to a state where it can walk on dry land and fly...it's the SUPER SHARK!",2011-12-08,87,en,Released,tt1698008,1.3402,4.1,65,False,False,/5hLiYCnO00t7Q0dWjtZKUvGh5pJ.jpg,/tMjbe5NoKkuMuaX6RR1C5XFwPdM.jpg,,"Bikinis, bullets & big bites.",0,0,,
72306,Celine Dion: That's Just The Woman In Me,Celine Dion: That's Just The Woman In Me,"Five-time Grammy Award winner and multi-platinum recording artist Celine Dion stars in a one-hour primetime special, CELINE DION: THAT'S JUST THE WOMAN IN ME. This pop music superstar returns to CBS with her first concert since completing her five year musical extravaganza in Las Vegas. She also performs two special duets with Grammy award nominee Josh Groban and Grammy award winner will.i.am. Taped before a live audience at the Wiltern Theatre in Los Angeles, Celine performs some of her greatest hits including ""Because You Loved Me,"" ""My Heart Will Go On"" and ""Taking Chances"" off her current album, The Prayer. Amid the intimately set concert, Celine Dion also engages the audience in conversation about her past, present and future in response to questions from guests.  44 mins (w/o commercial breaks)",2008-02-15,44,en,Released,tt1556679,0.4043,10.0,2,False,False,/bwX7OaM4oEpjsrOFZWX2aLbnZf4.jpg,/fwAUSNq3Z8EjXZHGBkHeu9jpDnk.jpg,,,0,0,,
1273,TMNT,TMNT,"After the defeat of their old arch nemesis, The Shredder, the Turtles have grown apart as a family. Struggling to keep them together, their rat sensei, Splinter, becomes worried when strange things begin to brew in New York City.",2007-03-23,87,en,Released,tt0453556,4.7835,6.163,1199,False,False,/6ZCWn7BGpDLBDigtdiuGyBdEqab.jpg,/92mpNNg6v2PN2HN2C2Z4g0v3Tya.jpg,https://www.warnerbros.com/tmnt,A Whole New Breed of Heroes.,34000000,95608995,,
82509,Bad Inclination,Cattive inclinazioni,"When a bloodthirsty serial killer begins murdering women with a carpenter’s set square, the story becomes a media sensation, inspiring kooks from all over the city to attempt to cash in on the publicity.",2003-09-26,95,it,Released,tt0373751,0.9813,2.889,9,False,False,/kckjC005vBvtTNAN7skIHoctCFm.jpg,/p6b6W5lpP8n5aq23XyKm26Ut1xy.jpg,,,0,0,,
53398,His Trysting Places,His Trysting Places,"On his way to a restaurant, Ambrose, a happily married man, obliges to mail a letter for a woman in the apartment lobby. Unbeknownst to him, the letter is about a rendezvous with her own lover at their ""trysting place"".  Elsewhere, after some domestic frustration, Charlie runs an errand to buy a baby bottle before stopping at the same restaurant. After a confrontation there, they both inadvertently leave with each other's coats. Later, their wives independently discover what appears to be incriminating evidence of extramarital affairs from the pockets of the swapped garments. It all comes to a head when all four of them find themselves at the ""trysting place"" in the park.",1914-11-09,21,en,Released,tt0004108,0.5099,6.2,50,False,False,/8Nf3uVAIbW9lry0i917qRsdv9Ex.jpg,/7uD3DtsgoW5WjPKuZHkBJtCVxiX.jpg,,,0,0,,
49457,Boy and Bicycle,Boy and Bicycle,"A teenage boy plays truant from school, and spends the day riding around the town and the deserted beach on his bicycle, letting his mind wander as he imagines he is the only person in the world...",1965-01-01,27,en,Released,tt0346645,0.6773,5.605,38,False,False,/l8APEAGZk3FT7tLS6MypcozryVw.jpg,/dDJS3OCmFMn8KQJCL9UC8XHpmsQ.jpg,,,81,0,,
79855,WWE: The Legacy of Stone Cold Steve Austin,WWE: The Legacy of Stone Cold Steve Austin,"He’s one of the most accomplished Superstars in the history of sports-entertainment, with a resume that includes six WWE Championship reigns, three Royal Rumble victories, a King of the Ring Championship, and an unprecedented run of raising hell throughout WWE. The Legacy of Stone Cold Steve Austin gives fans young and old the opportunity to relive the greatest matches and moments from the career of one of WWE’s most popular, and controversial, personalities.",2008-02-12,,en,Released,tt1332547,0.6605,10.0,1,False,True,/tvRUn8gjVdIQk3WHZuSfcePOACx.jpg,/qWIWp53oNGDDysBODCJcImJPNvN.jpg,,,0,0,,
77345,Truth or Dare,Sanning eller Konsekvens,"Summer holiday is over. Nora begins sixth grade and is drawn to intrigues and doesn't really know what side she's on. Or wants to be on. On one hand she feels sorry for the bullied Karin, one the other hand she wants to be friends with tough Fanny and Sabina.",1997-10-16,77,sv,Released,tt0120061,1.4666,4.825,20,False,False,/mNvdlHTQ09ciKDoO1PgLndGydaI.jpg,/z0ynyHgz6VTurwrNh76vJfmsY3r.jpg,,,0,0,,
36153,Bigfoot,Bigfoot,"The whole family will enjoy huge laughs and giant, hairy adventures with this touching tale about a big-hearted Bigfoot. Lost in the forest, he befriends three kids, Percy, Madison and Leonard, who are determined to protect him. When two local bullies kidnap the legendary creature with plans to sell him to the highest bidder, it's up to his human buddies to rescue him and return him to his home.",2008-01-01,90,en,Released,tt1294144,0.4958,5.6,18,False,False,/55luT32ImIFIHUmRcyt9jV1fQV9.jpg,/8vmaYqPg5EWeP73Dl84prAD1oPJ.jpg,,Friendship can get a little hairy...,0,0,,
79334,Jayam Kondaan,Jayamkondaan,"The film revolves around an Information technology professional, who returns to Chennai from London, to set up his own business. Follows the sibling relationship and the threat from the rowdy.",2008-08-29,145,ta,Released,tt1621424,0.2929,5.3,6,False,False,/6OCxTBXRTOmQKR3bHFfICwUK0pC.jpg,/hQ5FJ00oBAInAXOauAYpHysZIXT.jpg,,,0,0,,
25822,Hawaii Max,Hawaii Max,,2007-01-01,,en,Released,,0.0071,,,False,False,,,,,0,0,,
76093,Fem år i helvete,Fem år i helvete,,1998-12-31,,no,Released,,0.0478,,,False,False,,,,,0,0,,
13741,2 Alone in Paris,Seuls Two,"A bumbling Paris policeman is doggedly determined to capture the master thief that repeatedly eludes him, even when they're the last two men on Earth.",2008-06-25,94,fr,Released,tt1077097,1.1282,5.125,334,False,False,/11DqLXRUsARo7GIxoUETLhaBDCh.jpg,/hQVTV0HKq2jJVfhYIvOwIXGtecW.jpg,http://www.seulstwo.com,What if Paris was yours?,0,0,,
51036,MadHouse,MadHouse,"The luxurious villa of Mark and Jessie Bannister, a yuppie couple, is overrun by loads of uninvited guests who turn the house up side down.",1990-02-16,90,en,Released,tt0100087,1.6505,5.349,83,False,False,/l8BBcinqXq50PeKObT2lvLdTkYb.jpg,/rleDLcv2mktrAIU9djiVc9lb4he.jpg,,The bad news is you have houseguests. There is no good news.,0,0,,
44180,Monkey Magic,西遊記,"Journey to the West comes to the big screen like never before in the 2007 film Saiyuuki! Also known as Monkey Magic and Adventures of the Super Monkey, this is the latest in a long line of adaptations of the Wu Cheng'en tome.",2007-07-14,116,ja,Released,tt0938281,0.6734,5.4,13,False,False,/nObvB67WksxGfCn7F42G1dANIVP.jpg,/531BuMgi0zjZaLkaffJf8KzheCl.jpg,,,0,0,,
17580,Crusty Demons 13: Unleash Hell,Crusty Demons 13: Unleash Hell,"CRUSTY 13 takes you on a journey throughout CANADA, USA, AUSTRALIA &amp; NEW ZEALAND. Witness the Crusty crew ""SMASHING the rules of GRAVITY"" by breaking world record distances, 360's, tsunami flips and double backflips!! This film is NATIONAL GEOGRAPHIC meets MAYHEM!! Nominated for the 2008 Impact Video Xtremey Awards, in the Best Freestyle MX category.",2007-01-01,75,en,Released,,0.0662,,,False,False,/6JU0aLPmPKCQrVtxJ6r7Wt5k7qm.jpg,,http://www.crusty.com/,,0,0,,
31187,Four Dragons,Kinta 1881,"When 19th-century Chinese immigrants find themselves fighting against a powerful lord and a vengeful gang with secretive aims, they summon the ancient power of Wushu to wage an epic battle of good vs. evil. Under the leadership of Tin Sok, the four ""dragons"" -- Dragon (Robin Ho), Tiger (David Bao), Ace (Kuan Fei Jun) and Blaze (Michael Chinn) -- set out to restore the balance of justice. C.L. Hor directs Malaysia's first martial arts offering.",2008-12-04,92,cn,Released,tt1356802,0.4464,6.333,6,False,False,/1N5ubL520MTlmX1EChqHSxv95M9.jpg,,,,0,0,,
49860,David Grisman Quartet Classic Dawg,David Grisman Quartet Classic Dawg,"Drawing inspiratiion from the realms of bluegrass, Latin, jazz, klezmer and gypsy swing, David Grisman created a revolutionary new kind of acoustic music. Classic Dawg showcases the talents of David Grisman and is virtuoso string players in an exciting concert DVD featuring one of the early groups that put ""dawg"" music music on the map.",2006-08-08,60,en,Released,,0.0071,,,False,False,,,,,0,0,,
86501,Superchick,Superchick,"Tara B. True is a flight attendant who makes a weekly swing through New York, Miami, and Los Angeles. In each city, she has a man: Edward, older and wealthy; Johnny, a beach bum with gambling debts; and, Davey, a rock musician on the cusp of success. Tara is a free spirit, faithful to each man in her own way, and so stunning that she dresses in a wig and ill-fitting uniform while she's working so men won't harass her constantly. The low-life whom Johnny is in debt to figures out a way to use Tara to help him execute a daring in-flight robbery. But will Tara stand by helplessly, or is superchick ready for action?",1973-09-01,94,en,Released,tt0070752,5.5524,3.471,17,False,False,/lwyHIgtUKMwH5d9lVpLSuo53Buy.jpg,/49Oj66cLLxTpkRcsFqC0CvEOlZX.jpg,http://www.crownintlpictures.com/ostitles.html,Everything You Ever Wanted In A Woman And More... A Lot More!,0,0,,
781,Winter Sleepers,Winterschläfer,"Young blonde translator Rebecca lives with her boyfriend ski instructor Marco in a mountain villa owned by her friend, nurse Laura. Rene, local cinema projectionist, steals Marco's car and gets into a car crash with local Theo, whose daughter, after being in coma for a time, dies. Rene suffers from partial short term memory loss and starts a relationship with Laura. Meanwhile Marco is looking for the man who stole his car and Theo - for the man who killed his daughter...",1997-10-30,120,de,Released,tt0120522,1.0724,6.92,56,False,False,/9eSSVuhQ197uSzhgkuW8rKGQ1bo.jpg,/7KB5MLHBkkZrjKIZm5PRhImOSdt.jpg,,,0,323041,,
41568,Tales from the Crapper,Tales from the Crapper,"The Crapkeeper hosts two stories combining highbrow entertainment with kung fu action, alien adventure and vampire lesbian sex.",2004-01-29,90,en,Released,tt0338479,1.0045,4.32,25,False,False,/lp24DmwfzTxqQ4Ts1fI5HmOlX27.jpg,/7ytWfc05UJOR0nQqWcEns9JIFsQ.jpg,,Twice the monsters! Twice the fat guys! Twice the lesbians! Twice the boobies!,0,0,,
52745,The Leech Woman,The Leech Woman,"An endocrinologist in a dysfunctional marriage with an aging, alcoholic wife journeys to Africa seeking a drug that will restore youth.",1960-05-01,77,en,Released,tt0054020,1.0083,4.789,38,False,False,/6xMaV4WLDdFQtc3VZiNfy9ViE0A.jpg,/aoLmqTtMAeRQzZuckDn6Houhrs7.jpg,,She drained men of their loves and lives!,0,0,,
73067,Frankie Starlight,Frankie Starlight,The quirky story of a young boy's adventures growing up with his stunningly beautiful mother and the two very different men who love her.,1995-09-15,101,en,Released,tt0113107,1.0946,5.233,15,False,False,/6v3VxWhFsr2Qx8qIQkG4WL3f76X.jpg,/zJIZVQ8wLpkL3cmrkIhMOshmOdR.jpg,,Sometimes the brightest star is the one that shines within.,0,0,,
41767,Luna Park,Луна-парк,"Andrei is the head of a gang of antisemitic skinheads clinging to the old communist ideals in post-Communist Moscow. When he learns that his long lost father actually is a Jewish bohemian living in Moscow, rather than an Afghanistan war hero, he traces him down in order to kill him. But the intriguing father and his ""reactionary"" lifstyle soon fascinates Andrei which leads to a clash with his gang.",1992-09-09,111,ru,Released,tt0104776,0.8171,4.563,16,False,False,/iN0bHbtE7i3Yv5533giRuPpNb1o.jpg,/bYwugqS2jQG9LTbcguOnRf8ykA7.jpg,,,0,0,,
95745,The Survivors Club,The Survivors Club,"After being raped by a serial killer, Jillian Hayes, Carol Rosen and Meg Pesaturo found ""The Survivors Club"", and they use the press to force the police and justice to arrest the rapist. Eddie Como is arrested, based on DNA evidences, and while going to court for trial, he is murdered by a sniper and the three women switch position from victims to suspects. Detective Roan Griffin, who is traumatized by the brutal murder of his beloved wife by the manipulative killer David Price, joins the investigation with detective Fitz Fitzpatrick trying to solve the case.",2004-03-07,85,en,Released,tt0384570,1.0423,7.333,3,False,False,/bFv1Ysq7pikxrV0wfR1mkqQzdUj.jpg,,,,0,0,,
11596,Wes Craven's New Nightmare,Wes Craven's New Nightmare,A demonic force has chosen Freddy Krueger as its portal to the real world. Can Heather Langenkamp play the part of Nancy one last time and trap the evil trying to enter our world?,1994-10-13,112,en,Released,tt0111686,4.6033,6.463,1572,False,False,/q5BWxfL1x34nyYSvA3Qo5odleGW.jpg,/qKF9GwtJbi2rob8kZBmGcQGAaMo.jpg,,This time the terror doesn't stop at the screen.,8000000,19721741,8581,A Nightmare on Elm Street Collection
26942,Amy's Orgasm,Amy's Orgasm,"Amy is a single 29 year old Jewish woman. She wrote a successful self-help book about how women can't truly be in love and experience ""mental orgasm."" Her parents and acquaintances always try to give her advice. Eventually, she breaks her celibacy and starts dating a radio shock jock, who is known for hitting on his bimbo guests. Of all men, will she find in him the true love she never believed in",2001-03-08,87,en,Released,tt0280424,0.9657,4.867,15,False,False,/hsqw2fdGb13VryEo7kKMr1F3GJz.jpg,/1gM96msvuKrOYWrV49zFqWWAIu9.jpg,,,0,0,,
26127,Joshua Tree,Joshua Tree,A Los Angeles police detective tracks a fugitive who heads for the desert with a deputy sheriff as hostage.,1993-04-08,106,en,Released,tt0106309,2.5112,6.003,175,False,False,/kKYMrf2iwyyBYbGYnzPVWV8LXUQ.jpg,/khX8E1X1zizbL3gvC5cfaVxCixL.jpg,,"When it comes to getting even, he's taking revenge into overdrive.",9000000,0,,
21187,Diagnosis: Death,Diagnosis: Death,"Two people meet as guinea pigs in a weekend drug trial. They soon discover their lives are in more danger than they imagined. The staff are peculiar. The drugs cause hallucinations. Or is the clinic really haunted? Struggling with their senses, they must team up to unravel a spooky mystery.",2010-04-16,80,en,Released,tt1441259,0.4406,4.462,13,False,False,/kZhSoGCj1EGrgGvuBwAcKJtw9O0.jpg,/wv9scqDeQ1TQaLuMEVtHk9Zudmf.jpg,http://www.diagnosisdeath.co.uk/,,0,0,,
2147,The Flickering Flame,The Flickering Flame,"Documentary following dockers of Liverpool sacked in a labour dispute and their supporters’ group, Women of the Waterfront, as they receive support from around the world and seek solidarity at the TUC conference.",1996-12-18,52,en,Released,tt0130700,0.4341,6.286,7,False,False,/uabgugo6QEKY9jokQO00SLtEDF9.jpg,,,,0,0,,
68756,Comrades,Camarades,"22 year-old- Yan is trying hard to find his way in life: a job he likes, an ideal. In Saint-Nazaire, his home town, he vegetates, just like his father, an unambitious worker. His fiancée, Juliette, has middle class values and dreams of nothing but a comfortable married life. Dissatisfied, he moves to Paris where he becomes an assembly line worker at the Billancourt Renault car factory. Sick of the working conditions he and his fellow workers have to endure there, he soon turns into a leftist activist...",1970-11-05,85,fr,Released,tt0064121,0.5765,6.667,6,False,False,/eNAnlaYhkZv7jBr1DyVY528EfwU.jpg,,,,0,0,,
15551,Cirque du Soleil: Corteo,Cirque du Soleil: Corteo,"Corteo, which means ""cortege"" in Italian, is a joyous procession, a festive parade imagined by a clown. The show brings together the passion of the actor with the grace and power of the acrobat to plunge the audience into a theatrical world of fun, comedy and spontaneity situated in a mysterious space between heaven and earth.",2006-01-01,101,fr,Released,tt1190708,0.4309,7.7,38,False,False,/kzDXhg31RFrGJJMl6IcoJr3S0JM.jpg,/5GqaD9xViUrCQ68bs5ULLWaIq7T.jpg,,,0,0,,
93867,Dr. Heckyl and Mr. Hype,Dr. Heckyl and Mr. Hype,"An ugly, misshapen podiatrist ingests a formula made by a colleague and turns into a handsome, devil-may-care (but violent) ladies' man.",1980-10-01,99,en,Released,tt0080658,0.9248,5.167,15,False,False,/bEkWaTWvLPhMeWko1TZzhrKdvru.jpg,/wHempuM8pNJz6SLFUbm5cA7I9rs.jpg,,You'll love the brute and you'll hate the brute!!,0,0,,
5658,Mondkalb,Mondkalb,"After her release from prison Alex, who has lost her faith in love, tries to reclaim her psychic balance through a retreat into loneliness. A man and a child interrupt her plan and force her to reengage. Alex dares to emerge from her shell and learns again how thin the ice is and how fragile happiness is, small though it may be.",2008-01-31,102,de,Released,tt0897272,0.4843,6.3,3,False,False,/1gmCYyAraDr7h3WZ3zC3jurpnsH.jpg,/vr6ht0ELjbOg9LuMkPXOyiRXgSK.jpg,,,0,0,,
29502,Witch's Dungeon: 40 Years of Chills,Witch's Dungeon: 40 Years of Chills,"A look behind the scenes at Cortlandt Hull's ""The Witch's Dungeon,"" a movie-themed Halloween attraction in Bristol, Connecticut -- now the longest-running show of its type in the United States.",2006-01-01,118,en,Released,tt0929808,0.6059,8.2,3,False,False,,,,,0,0,,
70193,Hazard,HAZARD,"Shin is a Japanese university student living a boring and meaningless life. One day, he spots a book titled Dangerous Ways to Walk the World, in which he finds a page written about hazards in New-York. Eager to get out, he jets off to New-York to find this inspiration.",2005-11-11,103,ja,Released,tt0798722,0.7134,6.6,26,False,False,/37UiCE8LyyRLlg9p50LL2QvBmzz.jpg,/hS0IOeV0ghqiv1WcsjdKgYop9JT.jpg,,Three criminal punks from Japan stir up New York City.,0,0,,
50054,Dating Fossils and Rocks,Dating Fossils and Rocks,"In this DVD, Mr. Riddle shares the results of his much reading and research in the area of Carbon 14 dating, and explains the importance of Carbon 12 in conjunction with C-14. He explains in simple terms the molecular breakdown process. He also discusses other dating methods and the underlying assumptions the methods are based on, the correctness of which are brought into question. Mike is an interesting and dynamic speaker. His visual aids are excellent. Mike Riddle has degrees in mathematics and education. He's a former Marine, national decathlon champion, former technical specialist and manager for Microsoft, and teacher at ICR's graduate school.",2004-05-01,61,en,Released,,0.1286,,,False,False,,,,Dating Fossils and Rocks: Scientific Evidence and the Age of the Earth,0,0,,
67165,Rugged Bear,Rugged Bear,"It's a peaceful day in a national forest...until hunting season begins at which point all the bears hide out in a cave but one bear, Humphrey, doesn't make it. He hides out in a cabin and, seeing hunter Donald Duck approaching, hides the bearskin rug in a trunk and takes its place. Masquerading as the rug tends to be an unpleasant experience for Humphrey as Donald opens nuts and bottles in his mouth and washes him in the washer/dryer among other things. Finally, when hunting season ends and Donald leaves, Humphrey is relieved but makes a startling discovery.",1953-10-23,6,en,Released,tt0046256,0.7441,7.114,35,False,False,/vyJWO5vxfcnOwacdiy2sR3c4N2T.jpg,/yiiE3mS885HqgLkC0Loy77BDMhC.jpg,,,0,0,,
57020,Lime Salted Love,Lime Salted Love,"LIME SALTED LOVE is a minimalist, surreal examination of abandonment, guilt, abuse and psychic pain set in this minute's hipster enclaves of Los Angeles. The film, told in rippling flashbacks from its four main characters, drains out of the eyes of the institutionally confined, David Triebel, his guilt-ridden younger brother, Chase, Ellie, his emotionally damaged girlfriend, and Zephyr, the sexual provocateur. In the visual narrative tradition of David Lynch the film depicts the tale of three bonded brothers broken by the accidental death of one and the residual guilt draping the remaining two The film examines how damaged people are hurt even more by their own willful ways. Sometimes it is the smallest things we do to others that destroys them...",2007-01-01,92,en,Released,tt0481561,0.9364,4.75,4,False,False,/me335lLvydbGdrHUd1pjThloKqj.jpg,/pBmNqXRCXCJmodnWn4L3sowtmvu.jpg,,Nobody wants to be alone...,0,0,,
20414,"Grande, grosso e... Verdone","Grande, grosso e... Verdone",A comic movie divided in three episodes.,2008-03-07,132,it,Released,tt1077026,0.8889,5.884,393,False,False,/q1uFyN8W9xvC2BcGNZRGc545ZeD.jpg,/bYcsJJVj70YHHMOZGCBaDLxBI2j.jpg,,,0,0,,
56020,Radiofreccia,Radiofreccia,"April 24, 1993: it's the last broadcast of Radiofreccia, an independent radio station closing after 18 years, barely one minute before coming of age. Bruno, one of its founders, begins to tell its story, the story of a group of friends—especially troubled Freccia's—and a period of their youth in their small hometown.",1998-10-16,112,it,Released,tt0169164,1.2363,7.049,356,False,False,/w2AO7FzSsWholgjwTx2MUTV8M9v.jpg,/9l87pFIHkFmAz1TuXVHW3VdnCLs.jpg,,,0,0,,
84464,A Hora da Liberdade,A Hora da Liberdade,"Based on the events which took place the night of April 24th, 1999 in Portugal. This is the story of the Coup d'État which put an end to the Dictatorship and reinstated the Democracy.",1999-04-24,164,pt,Released,tt0188174,0.4772,5.125,4,False,False,/62wXXJYEGUMupHVrMGjPY2MjqBV.jpg,/mhgjEVfuoOIjFGWYa6GDqsGEaxo.jpg,,,0,0,,
53418,One A.M.,One A.M.,A drunken homeowner has a difficult time getting about in his home after arriving home late at night.,1916-08-07,25,en,Released,tt0007145,1.0277,6.73,128,False,False,/6JYWlLf3YNiBUf4QII3V4pLhWIG.jpg,/9LnEeVTAfem92s9oVkVQ4IqyeAQ.jpg,,An inspiring and fantastic one-man show!,0,0,,
96323,First Invasion: The War of 1812,First Invasion: The War of 1812,"First Invasion: The War of 1812, a History Channel documentary that first aired in 2004, portrays a young United States of America ""on the brink of annihilation"" as it battles the largest and most powerful empire on earth. Critics say the documentary is far too pro-American, and that it ignores or downplays crucial elements of the War of 1812. Others praise First Invasion for its compelling presentation of a far too neglected period of history.",2004-09-12,46,en,Released,tt0425988,0.5296,10.0,1,False,False,/orFeMZNIF1e08RPc9MNhw3UOfSX.jpg,/7SHEdziaBRhnje4aKNXE5s016hR.jpg,,,0,0,,
49290,Two Guys,투 가이즈,"Hun is a famous Casanova who works as a part-time valet parker at a bar. He suffers from a huge amount of credit card debt, since he has spent money on his girls. Meanwhile, Hun's usurer hires Joong-tae to threaten Hun for getting his money back. One day, Hun and Joong-tae witness a murder scene, and they fall into the real trouble.",2004-07-09,116,ko,Released,tt0414624,1.0514,5.813,8,False,False,/kaJH7dwyJYv86cKCSou6ODKNY0J.jpg,/q7v49vE4UViAqnXxwLK1udzKfG5.jpg,,You want a piece of us?,0,0,,
30523,The Masque of the Red Death,The Masque of the Red Death,"Lovely photographer Rebecca winds up in a Bavarian castle at a ""Masque of the Red Death"" party hosted by the wealthy Ludwig. Mayhem ensues as assorted Poe story devices start doing away with the guests.",1989-11-09,94,en,Released,tt0179334,0.7456,3.636,11,False,False,/syi8vAD9zf1u6Xi90Ta9Vfn0I8n.jpg,/cFKfL7dkST2svXQNTSw7NHj3bga.jpg,,,0,0,,
15667,The Last Winter,The Last Winter,"In the Arctic region of Northern Alaska, an oil company's advance team struggles to establish a drilling base that will forever alter the pristine land. After one team member is found dead, a disorientation slowly claims the sanity of the others as each of them succumbs to a mysterious fear.",2006-09-11,101,en,Released,tt0454864,1.7853,5.367,235,False,False,/uDHwjlPWcyNEkfgOVwIz3IaUNXC.jpg,/rkFufEtGjbsk2Bzu6Dqyc98RXQD.jpg,http://www.glasseyepix.com/html/lastwin.html,What if mankind only had one season left on Earth?,0,0,,
58857,13 Assassins,十三人の刺客,A bravado period action film set at the end of Japan's feudal era in which a group of unemployed samurai are enlisted to bring down a sadistic lord and prevent him from ascending to the throne and plunging the country into a war-torn future.,2010-09-25,141,ja,Released,tt1436045,4.0537,7.318,1250,False,False,/yUsVsiVXUwClk4vSCx80vrdO6MV.jpg,/bz95FrtRKCJ2ZKXJU7ZAXxvl4Xb.jpg,http://www.13assassins.com/,Take up your sword.,6000000,17555141,,
55950,Wilder Napalm,Wilder Napalm,"Wilder and Wallace are brothers and pyrokinetics. Ever since childhood they've been able to start fires with their minds but following a tragedy in which they accidentally killed a man, the brothers have grown up very differently. Wilder has become a regular 9-5 workaday joe but Wallace performs his feats with a traveling circus. When the circus comes to Wilder's home town Wallace starts coming on strong to Wilder's wife, Vida who, ironically, is a slight pyromaniac.",1993-08-20,109,en,Released,tt0108569,1.8011,5.567,30,False,False,/z9M9yIuHwvFNb4wMkLQZ8gbJ2Cf.jpg,/cA1GcR7bcWCntr7s1BOdEBhjzTx.jpg,,Never Start a Romance You Can't Put Out.,0,84859,,
34496,Storage,Storage,"Working at an underground city storage facility, a young man discovers evidence of a murder and vows to bring the killer to justice.",2009-09-10,95,en,Released,tt1223893,0.7889,5.9,14,False,False,/31Yi65s8gdhBpjfbrIbpXCPyVvP.jpg,,http://www.storagethemovie.com/,"The Deeper You Go, The Darker it Gets.",0,0,,
53445,The Unloved,The Unloved,"Lucy is eleven years old. Having been neglected by her estranged mother and father, she is placed in a children's home. Through her eyes, we follow her struggle to cope with the system; her only saving being her self-belief and certainty that she is being watched over and protected by the holy spirit.",2009-05-17,106,en,Released,tt1268989,1.5996,6.779,34,False,False,/h8IJpERlvkOyIM6qpycvb0EsibI.jpg,/rq3fVu4LBLCiuFSKUEDcrWvYhWR.jpg,,,0,0,,
2926,The Three Musketeers,The Three Musketeers,"In 17th century France, young D'Artagnan wants to join the King's Musketeers, but instead befriends three legendary musketeers—Athos, Porthos, and Aramis—and together, they become embroiled in the political intrigue surrounding King Louis XIII and his adversaries, particularly the powerful Cardinal Richelieu.",1973-12-11,107,en,Released,tt0072281,3.9403,6.763,350,False,False,/6qjW1e31k2XhcWpzGz6lgHcRt5W.jpg,/ljZtX8UZhGOOpQrgtcqSwPTTZJv.jpg,,. . . One for All and All for Fun!,4500000,22018000,87631,The Musketeers Collection
79375,Le Cri de la soie,Le Cri de la soie,"An illiterate seamstress has a powerful fetish for silk which gets her into trouble. The psychiatrist sent to help her becomes fascinated by her case and when he returns to France from World War One they fall in love, an affair that can only end in tragedy.",1996-08-28,110,fr,Released,tt0115973,0.6604,4.444,9,False,False,/n8GHpXcp8cMvuGmHe2M0uYBhkjG.jpg,/adJ1FQgve41To6jKEm7njIMSafL.jpg,,,0,0,,
85399,Arabian Nights: The Adventures of Sinbad,アラビアンナイト シンドバッドの冒険,"Two young aspiring adventurers, Sindbad and Ali, find an old sailor who has washed up on the shore. With his final breath, the sailor tells them a tale of a hidden treasure and hands over the map he had held on to through his trials. And so, the two would-be heroes are off for adventure. But the road to riches is paved with hardships: their travels lead from stowing away on a ship to the sultan's dungeons -- only to escape with the sultan's daughter in tow!",1962-07-21,81,ja,Released,tt0056482,1.4434,5.286,14,False,False,/pRgvM4KTkgiJVkerVMZc6bCwGA7.jpg,/4jZHHbYNUQq4IK4iB0vFV3Ldhm5.jpg,,,0,0,,
43259,Hollywood or Bust,Hollywood or Bust,"The last movie with Jerry Lewis and Dean Martin together, is a satire of the life in Hollywood. Steve Wiley is a deceiver who cheats Malcolm Smith when he wins a car, claiming that he won it too. Trying to steal the car, Steve tells Malcolm that he lives in Hollywood, next to Anita Ekberg's. When Malcom hears that, they both set out for Hollywood and the adventure begins...",1956-12-06,95,en,Released,tt0049322,1.9449,6.175,77,False,False,/mm6VZSq6251wy3ynqNDHW7aoWfx.jpg,/dv97f0wt4s69u9kB2ZexunxSSqo.jpg,,A COAST TO COAST FUN TOOT!,0,0,,
69399,Citizen,சிட்டிசன்,"Three prominent members of society, a judge, a police official and a district collector are kidnapped in broad daylight by a man who calls himself 'Citizen'. As CBI Officer Sarojini (Nagma) follows his trail she finds clues to a shocking mystery, of a village called Attipatthi which simply disappeared off the map of India, and to which each of these men is connected",2001-06-08,157,ta,Released,tt1039952,0.7982,6.3,23,False,False,/A7OYNRIbsDA91PIE3EgzfyA1Swb.jpg,/yTGmGjAd0gfpVK0ezoqWgx7AJkp.jpg,,,500000,500000,,
27936,Micmacs,Micmacs à tire-larigot,"While standing in the doorway of the video shop where he works, Bazil is inadvertently shot in the head. Now homeless and jobless, he is taken in by a troupe of misfits who live in a giant mound of trash. There Bazil begins his quest for revenge against the people who produced the gun that shot him.",2009-10-28,104,fr,Released,tt1149361,1.3658,6.634,657,False,False,/yiqooJWNDEVsp8lbdTrTBvLAk0m.jpg,/awhWLCEmA4Suxf3po9xXAGDwzZY.jpg,,Non Stop Madness.,33000000,14000000,,
45096,Eve of Destruction,Eve of Destruction,"Eve is a military robot made to look exactly like her creator, Dr. Eve Simmons. When she is damaged during a bank robbery, the robot becomes an unstoppable killing machine. Colonel Jim McQuade is assigned to stop the robot and with the help from Dr. Simmons they have to predict where she will go next.",1991-01-18,99,en,Released,tt0101831,1.1226,4.708,60,False,False,/lssgv86oGv5zMvfRV0bxcZN9Yuk.jpg,/344zsxo6PaXZ1WNMIhhgEDPWyi0.jpg,,"They gave her looks. Brains. Nuclear capabilities. Everything but an ""off"" switch.",13000000,5451119,,
11583,The First Great Train Robbery,The First Great Train Robbery,"In Victorian England, a master criminal makes elaborate plans to steal a shipment of gold from a moving train.",1978-12-14,110,en,Released,tt0079240,2.8587,6.674,428,False,False,/4LqLUNoCwoPQNmrRuDZa0zC3hT8.jpg,/hRqwp6ee3qKnUWLw6S4nj9yMwv0.jpg,,Never have so few taken so much from so many.,6000000,0,,
73733,Irene Huss: The Man With the Small Face,Irene Huss 9: En man med litet ansikte,"After an elder man gets hit by a stolen car, the police decides to investigate it. The stolen car is later found next to a murdered young girl, prompting Inspector Irene Huss and her co-workers to investigate and slowly get pulled into a world of evil.",2011-09-07,88,sv,Released,tt1825824,0.0948,5.9,7,False,False,/xr45gjlhhstJmDBqBn1JUGBsNIg.jpg,/x6FJTza5A2PwVDzbR9OUzWa63NO.jpg,,,0,0,98426,Irene Huss Collection
45459,Kickboxer's Tears,新龍爭虎鬥,A kickboxer is killed in the ring by a dirty opponent who works for a syndicate. The sister of the dead kickboxer vows revenge by facing off against both the dirty kickboxer and the crime syndicate.,1992-05-21,93,cn,Released,tt0105860,1.3403,7.545,11,False,False,/piferxVtxydE83KqS6CveEJGnv3.jpg,/cIYBxB5vliyB9p3V5oCSCw5LjnJ.jpg,,,0,25984,,
63659,Agatha and the Limitless Readings,Agatha et les lectures illimitées,A man and his sister meet at a seaside village to discuss their relationship.,1981-10-07,83,fr,Released,tt0205726,0.5975,6.333,21,False,False,/agrscypKfjYeFVqw6rtD9GwQp5f.jpg,/fWGW5di4SwiKyvexdTCeCDQuVy1.jpg,,,0,0,,
78876,Siraipparavai,Siraipparavai,,1987-01-14,137,ta,Released,tt0319184,0.6535,7.0,1,False,False,,,,,0,0,,
55732,Santo in the Vengeance of the Mummy,Santo en la venganza de la momia,"When Santo accompanies a troupe of archaeologists in the search for Aztec artifacts, they find the Mummy of an Aztec who leaves a warning to those who tamper with his resting place. The adventurers ignore the warning, and before long, the Mummy starts bumping them off one-by-one with his bow & arrow.",1971-12-09,87,es,Released,tt0208429,0.8566,4.9,15,False,False,/ytGblxtgLAOyugMDt4y41Hpa2OR.jpg,/tucEvs4QEvDD1nihrViP8WJxc6x.jpg,,,0,0,,
64268,Stupid Woman,Дура,"In the same world two sisters live. One of which was largely unlucky at the very beginning of life: Ulyana is a ""gable child"" who, by the age of thirty, had preserved the outlook, behavior and reactions of a ten-year-old girl. The second - Lisa - was not even luckier. She is a healthy person whose life is completely dependent on a disabled sister who voluntarily or involuntarily destroys the plans of her ambitious sister actress.",2005-07-21,95,ru,Released,tt0436254,0.7604,5.2,5,False,False,/6iL3NZwQLL290VaUvISvXpWfdAG.jpg,/19Hn7GpWUTZNYiDTKFVBtIKlQik.jpg,,,0,0,,
61014,Your Love Never Fails,Your Love Never Fails,"Your Love Never Fails is the story of Laura (Elisa Donovan), a working mother who just wants to spend more time with her daughter Kelsey, 9. Unfortunately, her demanding boss Paul (Fred Willard) has other ideas. When Kelsey’s father, Dylan (Brad Rowe) files for joint custody, Laura is forced to take Kelsey to Texas, where she confronts the lifestyle, church and father (Tom Skerritt) that she left behind. With the help of the local church Pastor, Frank (John Schneider), Laura and Dylan will find their way back to the commitment they made to each other and to Kelsey.",2011-02-04,96,en,Released,tt1698639,1.2002,5.8,44,False,False,/sElsN81kNw2buXRgppef8npiJ8y.jpg,/ciFpFDiFgjJEzrTaPZOXoI1jkmV.jpg,,There is no bond stronger than family.,0,0,,
96524,The Rattle Rat,De RatelRat,"A rich Frisian farmer has been murdered in Amsterdam and police duo Grijpstra & De Gier are sent to investigate. Adjutant Grijpstra has problems at home again and is happy to leave for Friesland to investigate the murder. Sgt. De Gier finds the Frisian Hylke much more interesting than the murder case. In Leeuwarden there is a real Chinese war and a brutal robbery at the cattle market. Suddenly there is that friendly rattling, asthmatic rat who provides an unexpected solution.",1987-02-05,90,nl,Released,tt0093824,0.6581,5.375,12,False,False,/q4n5VXX7M8Wvlt6fJLBtcEK9qyF.jpg,,,Amsterdam's best known police duo at it's best.,0,0,180784,Grijpstra & de Gier Collection
82768,Drop the Curtain,Abajo el Telón,"Cantinflas, who owns a cleaning business, cleans the windows of the house of a famous French actress. While carrying out his work he observes how a man steals one of the famous actress necklaces, but he can only see his back.",1955-08-31,103,es,Released,tt0046674,0.8092,7.391,23,False,False,/tGxZyNZlM8nIXDuMCtNXW6i9A0Y.jpg,/AtzOFv9y4fl6fiiEM87qR9hEkmA.jpg,,,0,0,1370872,Cantinflas Collection
17516,UFC 12: Judgement Day,UFC 12: Judgement Day,"UFC 12: Judgement Day was a mixed martial arts event held by the Ultimate Fighting Championship on February 7, 1997 at the Dothan Civic Center in Dothan, Alabama. The event was seen live on pay per view in the United States, and later released on home video.",1997-02-07,127,en,Released,tt0487976,0.3154,6.5,5,False,True,/dpo2sAzWL1oorzhQjAxMwxMbmLl.jpg,/uwKKh7OkpLQM8PpfP4L2W1E6sCf.jpg,http://www.ufc.com/index.cfm?fa=eventdetail.fightCard&amp;eid=1127,,0,0,,
22305,Depeche Mode: The Videos 86-98,Depeche Mode: The Videos 86-98,"The Videos 86>98 is a music video compilation by Depeche Mode, featuring almost two dozen music videos directed by a variety of directors, released in 1998. It coincides with The Singles 86>98.  The original movie was released on VHS and DVD. There was however a special edition, DVD only, called Videos 86>98 + (without ""The"", and with ""+"") released in 2002. The DVD was two discs, the first disc being identical to the only disc in the original DVD, while the second DVD contains bonus material not found in the original release.",1998-09-28,126,en,Released,tt0500144,0.6363,7.917,12,False,True,/v34j9YxqZMxrqlRn4yw2Kw9IA9D.jpg,/53iAjIAymvFLUiZGvs9e0LIdAj.jpg,,,0,0,,
950,Ice Age: The Meltdown,Ice Age: The Meltdown,"Diego, Manny and Sid return in this sequel to the hit animated movie Ice Age. This time around, the deep freeze is over, and the ice-covered earth is starting to melt, which will destroy the trio's cherished valley. The impending disaster prompts them to reunite and warn all the other beasts about the desperate situation.",2006-03-29,91,en,Released,tt0438097,14.3136,6.716,10302,False,False,/e23bfKyjOiKJ5uOufFgfO7JO5ug.jpg,/o1jr0UqVjxIZ1JnFzuVLN4ulWey.jpg,http://www.iceagemovies.com/films/ice-age-the-meltdown,Kiss your nuts goodbye.,80000000,660998756,8354,Ice Age Collection
8656,Deep Impact,Deep Impact,"A seven-mile-wide space rock is hurtling toward Earth, threatening to obliterate the planet. Now, it's up to the president of the United States to save the world. He appoints a tough-as-nails veteran astronaut to lead a joint American-Russian crew into space to destroy the comet before impact. Meanwhile, an enterprising reporter uses her smarts to uncover the scoop of the century.",1998-05-08,121,en,Released,tt0120647,7.5877,6.231,3288,False,False,/a3vQS7JKqlOb3MdVJHuTCP9s7Mg.jpg,/pWmJBkdb0EMb3PSd2f9wjza0krb.jpg,,Oceans rise. Cities fall. Hope survives.,75000000,349464664,,
67533,"Deep Purple - History, Hits & Highlights '68-'76","Deep Purple - History, Hits & Highlights '68-'76","This collection contains rare and previously unreleased live performances, TV shows appearances & studio sessions footage from 1968 to 1976-era Deep Purple. Also includes a documentary and Interviews with band members.",2009-06-03,287,en,Released,,0.0946,7.8,4,False,True,/ucJJshgVp3jj4HNb7gQ2zEQdsfT.jpg,/uQuyW7UX0g99LXyREgkS2FCe6Ra.jpg,,,0,0,,
10684,Courage Under Fire,Courage Under Fire,"A US Army officer, who made a ""friendly fire"" mistake that was covered up, has been reassigned to a desk job. He is tasked to investigate a female chopper commander's worthiness to be awarded the Medal of Honor. At first all seems in order. But then he begins to notice inconsistencies between the testimonies of the witnesses...",1996-07-04,116,en,Released,tt0115956,2.9631,6.544,1036,False,False,/vDJurMJkrx049AiXa3DJx5Zx7a4.jpg,/sWaKmnieGBGSrstaPLopH4m1A3K.jpg,,A medal for honor. A search for justice. A battle for truth.,46000000,100900000,,
75139,Lo smemorato di Collegno,Lo smemorato di Collegno,"A man is hospitalized in a neurological clinic, suffering from amnesia. After seeing his photo in the newspaper, Mrs. Ballerini realizes that he is her husband and brings him home; then Mrs. Polacich recognizes him as her husband.",1962-09-07,84,it,Released,tt0056501,1.0764,6.739,44,False,False,/arvG7p7Fjz5HtvkV3OREeK48AAD.jpg,/eNa9LN6oByDDT8Z3Fyz7hFpJHdS.jpg,,,0,0,,
45545,Bad Men of the Hills,Bad Men of the Hills,U.S. Marshal Dave Upjohn arrives in Sundown to investigate reports of lawlessness.,1942-08-13,58,en,Released,tt0034489,0.7025,8.0,1,False,False,/jYIOZTJ7WzDrEoXQ74f97BB4Rkg.jpg,/pbhL2byggwJyqpYkUnXUjxo3spG.jpg,,Thrills fill the plains... As songs soar to the hills!,0,0,,
41831,True Heart,True Heart,"A brother and sister are plane-wrecked in Canada, where they must rely on the help of a native and his bear.",1999-02-17,92,en,Released,tt0120381,1.5158,4.871,31,False,False,/rnOPcBc3ZHXPUDcrNP3jrtAAM7k.jpg,/k4Tx1EaJApVtyloW3Rqa8Yq1wy4.jpg,,,0,0,,
99613,Maelo Ruiz - El Cantante Del Amor En Vivo,Maelo Ruiz - El Cantante Del Amor En Vivo,This DVD contains the songs that played live at the concert held this year in Colombia with the Gale Group.  Este DVD contiene los temas que interpretó en vivo en un concierto que realizó este año en Colombia con el grupo Gale,2010-07-10,75,en,Released,,,,,False,False,,,,Maelo Ruiz,0,0,,
15434,Seed,Seed,"After surviving the electric chair, convicted serial killer Max Seed is buried alive. He digs himself out of the grave and goes on a killing spree. Taking revenge on the men who put him there and random unfortunates alike.",2006-11-03,90,en,Released,tt0758781,1.0959,3.9,132,False,False,/A94moUGOMYzgHruGSEjUpyRfXjF.jpg,/r6fOpBgrJ0eplvAdOyoCDYDRPA6.jpg,,Nothing Can Prepare You For...,10000000,155362,285879,Seed Collection
96631,Piggy,Piggy,"London, modern day: Joe, a mild mannered young man is bored by his life. When his beloved brother is murdered Joe finds solace in Piggy, one of his brother's old friends. Piggy helps Joe to cope with grief, intent on saving him and helping him get justice for his brother's killing. As their friendship grows Joe finds himself in an increasing dangerous and murky world of violence and revenge. As Joe life collapses around him he starts to question who Piggy really is, and how honest he's really been with him. When Joe confronts Piggy a series of events are put in place that lead to a disastrous climax.",2012-05-03,106,en,Released,tt1951218,0.8293,5.5,35,False,False,/qA0yXUqPOTw3cpsZUFfz2MP4uuJ.jpg,/hHnZ212gpzg8qkOtB24EA68c984.jpg,,"""It's a Terrible Thing That Happened""",900000,0,,
67585,The China Shop,The China Shop,"The elderly owner of a china shop leaves for the night, and the various figurines and decorated mugs come to life. A demonic figure captures an upper-class lady and does battle with her lord, damaging much of the shop. But the demon proves to have a glass jaw and, literally, a yellow streak, and the happy couple is soon reunited. No dialogue, but some signs are in English, particularly the final punch-line.",1934-01-13,8,en,Released,tt0024977,0.8257,6.185,27,False,False,/jpKtLIcANyDGmCtiXNzG1jGdQcl.jpg,/kh1rTRqcXicSizUJsCuWfikGXE6.jpg,,,18411,0,,
42284,Little Athens,Little Athens,"A day in Athens, Arizona, as teens and twenty-somethings navigate life without a compass. Jimmy has gambling debts and sees a chance to steal and sell a dead-man's stash of drugs. The corpse's cousin smells a rat. Jessica, who is babysitting, abandons her charge to seek someone to defend her from a boyfriend angry that he's caught an STD. Corey is responsible for his teen sister, and he and his pal Pedro have been evicted, so they plot to steal a car, sell it, and get back in their apartment. Heather, an EMT, thinks her cop boyfriend is cheating, and she confides in her best friend. There's a party that night where all comes to a head.",2005-06-01,103,en,Released,tt0417907,1.2719,3.944,18,False,False,/gENWLFMfF1MST1t5Dfp8yyC51oX.jpg,,,A whirlwind day in the hapless lives of small town youth.,0,0,,
64214,Mission Stardust,...4 ...3 ...2 ...1 ...morte,A team of astronauts is sent to the moon to rescue an alien who is seeking help to save her dying race. They are attacked by a force of bandit robots and discover that enemy spies are out to kill the alien.,1967-08-04,95,it,Released,tt0063859,0.8737,4.605,38,False,False,/4uVR3uiA2wab737BkAq42mVfZjB.jpg,/bJRvlOduIQk5kF6vfuJGBt6q9Va.jpg,,The science fiction film that staggers the imagination!,97000,0,,
34795,Pixies: Gouge,Pixies: Gouge,"Gouge - a documentary tracing The Pixies' story featuring interviews with Bono, David Bowie, Thom Yorke and Jonny Greenwood (Radiohead), Graham Coxon and Alex James (Blur), Fran Healy and Andy Dunlop (Travis), P J Harvey, Tim Wheeler (Ash), Gavin Rossdale (Bush) and Badly Drawn Boy.",2004-04-27,50,en,Released,tt0493286,0.6145,8.0,4,False,False,/3WReaBdaZffvl1BZdz9AWah1wHa.jpg,,,,0,0,,
90360,Dracula (The Dirty Old Man),Dracula (The Dirty Old Man),"Dracula enslaves Dr. Irving Jekyll, turning him into the lycanthropic JackalMan, demanding that he lure female blood donors to his L.A. cabin retreat.",1969-12-11,80,en,Released,tt0064255,0.3731,2.938,16,False,False,/5e5jJPgCQRkFS2NcqF12JMvr6J5.jpg,/jhOxXILk1UUhDMTfof0Vaybo8HZ.jpg,,He slaked his thirst with the blood of innocent young virgins,0,0,,
28755,Framed,Framed,"Rose Manning swears revenge for the unjust slaying of her father by Inspector McArthur. Five years later, as a nightclub hostess, she is sought by Chuck Gaines, secretly a bootlegger, but she centers her attentions on young Jimmy Carter, who, she learns, is the son of McArthur.",1930-03-16,65,en,Released,tt0020900,0.8819,5.286,14,False,False,/a3tv4X2HBXNYZ5KVmxaVmIxLmy1.jpg,/dxU57Yo5mJPsX5jWGxNyreoaEFv.jpg,,"Spiking the death-flashing Gats of Gangland in its Reign of Terror....Dramatic Triumph of the Law, Over the Lawless!",0,0,,
21724,Dance Flick,Dance Flick,"Street dancer Thomas Uncles is from the wrong side of the tracks, but his bond with the beautiful Megan White might help the duo realize their dreams as they enter in the mother of all dance battles.",2009-05-22,83,en,Released,tt1153706,2.6653,4.968,296,False,False,/qqaM8jQhALhULwvm3eEepkBTQHJ.jpg,/yTg0O6dYknEp3yPDnsI1jp4Aj8T.jpg,,The funniest dance movie of all time.,25000000,31439140,,
31970,"Chicago and Earth, Wind & Fire - Live at the Greek Theatre","Chicago and Earth, Wind & Fire - Live at the Greek Theatre","Recorded live in 2004.  The teaming of legendary groups Chicago and Earth, Wind &amp; Fire was the tour hit of summer 2004. Playing to sold-out venues, this spectacular show brought the Grammy-winning artists together in a show that both individually and together highlighted their revolutionary melding of rock, soul and jazz as well as their numerous #1 and Top 10 hits. Now you can have a front- row seat for this amazing concert, performed at the Greek Theatre in Los Angeles. Every moment, all the energy and excitement of this final show of the tour, was captured in high- definition for this extraordinary Blu-ray.",2005-08-10,172,en,Released,tt0870088,0.0963,6.9,5,False,True,/mHRrXMmUjVxoV2LVcTVzuKINZX4.jpg,/aCBpvmPiUMY34VvZFJqqpHZK83V.jpg,,,0,0,,
78854,Easy!,Scialla! (Stai sereno),The life of a melancholy professor is turned upside down when he discovers that a rebellious teenager he is tutoring is actually his son.,2011-11-18,96,it,Released,tt1821597,0.6362,6.4,243,False,False,/RwyeBE6i44VVmr3QXR9zwL1G9b.jpg,/pmRZc2gCrUI11AVWWjlfIxdBgeU.jpg,,,0,3264563,,
44530,Son of Fury: The Story of Benjamin Blake,Son of Fury: The Story of Benjamin Blake,"Sir Arthur Blake has inherited title and lands from his brother. He also has his orphaned nephew Benjamin working for him as a bonded servant. While he believes the lad was born out of wedlock and so cannot claim the inheritance, he is taking no chances. Benjamin eventually rebels against his uncle and sets sail to try and make his fortune. This may enable him to return to prove his claim to being the rightful heir to the estate.",1942-01-29,98,en,Released,tt0035360,1.0911,7.25,18,False,False,/zCDbfyiuogdG26fy1InpvrKQ5cx.jpg,/lQ54IyzeTMrhm89Dp0tt3DjRG5c.jpg,,Bold Swooping Tremendous Adventure!,0,0,,
31918,The Russians Are Coming! The Russians Are Coming!,The Russians Are Coming! The Russians Are Coming!,"When a Soviet submarine gets stuck on a sandbar off the coast of a New England island, its commander orders his second-in-command, Lieutenant Rozanov, to get them moving again before there is an international incident. Rozanov seeks assistance from the island locals, including the police chief and a vacationing television writer, while trying to allay their fears of a Communist invasion by claiming he and his crew are Norwegian sailors.",1966-05-25,126,en,Released,tt0060921,1.474,6.42,131,False,False,/sgo7cQg6Zo0xuCgb8ckou0RX4Bj.jpg,/5If0AOiaB68crKlnd6XfUMAuYzM.jpg,,IT'S A PLOT! ...to make the world die laughing!!,3900000,0,,
27470,Skidoo,Skidoo,"Ex-gangster Tony Banks is called out of retirement by mob kingpin God to carry out a hit on fellow mobster ""Blue Chips"" Packard. When Banks demurs, God kidnaps his daughter Darlene on his luxury yacht.",1968-12-19,97,en,Released,tt0063612,1.5178,4.82,25,False,False,/9gLzrTg7Kmw7yH7YsUWdT61hAMW.jpg,/wts6E7Ygv6xCQq0uMMLRX4YCrgq.jpg,,It takes two to skidoo.,0,0,,
13786,WEC 36: Faber vs. Brown,WEC 36: Faber vs. Brown,"WEC 36: Faber vs. Brown took place on November 5, 2008 at the Seminole Hard Rock Hotel and Casino in Hollywood, Florida. The event aired live on the Versus Network. Paulo Filho fought again against Chael Sonnen in the main event of the evening. WEC Featherweight Champion Urijah Faber also put his belt on the line against Mike Brown.",2008-11-05,94,en,Released,,0.137,,,False,True,/kcjsWtAQYrWL2bd3kQ9ZiME23aI.jpg,,,,0,0,,
96836,Amar no es Querer,Amar no es Querer,"Jakie es una joven que disfruta de ayudar a los más necesitados, pero su esposo Samuel no comparte este sentimiento. El mundo de Jakie giraba alrededor de la ayuda a niños con cáncer en una clínica, el mundo de él giraba alrededor de los negocios, no le interesaba el altruismo de su mujer. Un trágico accidente deja en coma a Samuel, después de meses de espera Jackie decide seguir su vida y volverse a enamorar.",2011-09-02,90,es,Released,tt2047672,0.5381,6.5,25,False,False,/hl8KPgSce9W1dlLHNeykD2OdvzC.jpg,,,,0,0,,
14874,Try Seventeen,Try Seventeen,"Teenager Jones has opted not to go to college and is instead renting a room in a boarding house to work on his writing skills. Soon, Jones finds himself dividing his time between two women: a young actress named Lisa and a photographer named Jane. After Jane's ex-boyfriend arrives to help her recover from a car accident, Jones begins to understand just how much he cares for her.",2002-09-10,96,en,Released,tt0311941,2.1411,6.203,118,False,False,/wNOIMMhPaBiFaDEHOODFEHg8Ef8.jpg,/AqRYUwWbHpbP8PK2q8magXOlOI8.jpg,,"You're only seventeen once. For Jones Dillon, it's one time too many.",0,0,,
11926,The Vanguard,The Vanguard,The year is 2015 and overpopulation and famine have plunged our planet into chaos and one desperate survivor finds himself being hunted and pursued by hordes of rage-crazed zombies.,2008-02-07,89,en,Released,tt0977669,0.5475,3.7,24,False,False,/97P4QE9z3X2kRek659u0ZoTlzDy.jpg,/zXFutRw15r9KbChv8vHLgkzL1r2.jpg,,,0,0,,
72175,Portrait of a Hitman,Portrait of a Hitman,"A professional hitman is hired to kill a brain surgeon. However, it turns out that not only are he and the surgeon old friends, but they are both in love with the same woman.",1979-05-11,86,en,Released,tt0076561,0.7224,5.167,6,False,False,/9xXWyjFbG9WOMTZ48ZhrtUzoTHB.jpg,,,,0,0,,
32060,Brighton Beach Memoirs,Brighton Beach Memoirs,"Eugene, a young teenage Jewish boy, recalls his memoirs of his time as an adolescent youth. He lives with his parents, his aunt, two cousins, and his brother, Stanley, whom he looks up to and admires. He goes through the hardships of puberty, sexual fantasy, and living the life of a poor boy in a crowded house.",1986-12-26,108,en,Released,tt0090774,1.5108,6.602,54,False,False,/gtaQOHgnGAOQdkLY57Mlu0ZdZA3.jpg,/2bwPiYKu1H4vTNYUxOlq5fA3Rqw.jpg,,,0,0,979674,Eugene Trilogy
27443,Silver Lode,Silver Lode,"Dan Ballard, a respected citizen in the western town of Silver Lode, has his wedding interrupted by four men led by Ned McCarty, an old acquaintance who, as a US Marshal, arrests Ballard for the murder of his brother and the theft of $20,000. Ballard seeks to stall McCarty while tracking down evidence that will prove his innocence.",1954-06-24,81,en,Released,tt0047495,1.5434,6.196,69,False,False,/cVIDVhgbtQ6mAsihqzD8opW9uga.jpg,/rWx3NHwnPRMH2w3TwRmZZip6SNp.jpg,,While the mob waits they match bullet for bullet… life for life!,0,0,,
9597,Vidocq,Vidocq,"Paris, 1830. In the heart of the town, Vidocq, a famous detective, disappears as he fights the Alchemist, an assassin that he has been pursuing for a few months. His young biographer, Etienne Boisset, decides to avenge Vidocq's death and takes the investigation on...",2001-09-18,98,fr,Released,tt0164961,2.9011,5.953,573,False,False,/xeoj8AOHjW1muVQRUPCvnOVxSfj.jpg,/hDwRKONTSGJGd9PlZ9Es4UpeYuj.jpg,,To look into his mask was to lose your soul.,0,13240767,,
90095,Book of Numbers,Book of Numbers,Two waiters in Depression-era Arkansas get involved in the numbers racket.,1973-04-10,81,en,Released,tt0069816,0.8004,7.0,2,False,False,/hvmyZSgrfMSQO66cg9MNCLK3vbA.jpg,/siLMNdZoBXErS8D9AIWl7swroRR.jpg,,The Black King of the Numbers Game,0,0,,
87462,Relentless,Relentless,Two Los Angeles police detectives hunt for a serial killer who randomly chooses his victims from a phone directory.,1989-08-30,92,en,Released,tt0098184,1.6451,5.333,36,False,False,/9P23snECnN4st50r9kD86DeVEHH.jpg,/ouuFdKu9N7KfQjEsyezTsPXQ7Ya.jpg,,Killers aren't born. They're made.,0,6985019,705731,Relentless Collection
49361,Don't Torture a Duckling,Non si sevizia un paperino,A reporter and a promiscuous young woman try to solve a series of child killings in a remote southern Italian town rife with superstition and a distrust of outsiders.,1972-09-29,105,it,Released,tt0069019,1.7219,7.313,410,False,False,/ehH1xFUdcLyEeJMBfW5FVeT0Flf.jpg,/93Q0oOm0j3WHbEAB6S6JBjtVScj.jpg,,A classic tale of the perverse from director Lucio Fulci.,0,0,,
11786,Dracula and Son,Dracula père et fils,"With angry villagers driving them away from their castle in Transylvania, Dracula and his son Ferdinand head abroad. Dracula ends up in London, England where he becomes a horror movie star exploiting his vampire status. His son, meanwhile, is ashamed of his roots and ends up a night watchman in Paris, France where he falls for a girl. Naturally, tensions arise when father and son are reunited and both take a liking to the same girl.",1976-09-14,96,fr,Released,tt0079075,1.0206,5.79,31,False,False,/e1aeKNgEZfnXiRiD6Cd7BL7FBJf.jpg,/vqsmORAzsB78h5zd4fkbbuih398.jpg,,"Like Father Like Son, It's in the Blood",0,0,,
20445,Four Dogs Playing Poker,Four Dogs Playing Poker,"With the help of their mentor Felix, a group of the best friends and first-time thieves steal a valuable statuette for a ruthless black market art dealer. After the amateurs botch the delivery of the objet d'art, the dealer kills Felix and forces the remaining four to ""find"" $1 million within a week's time or face certain death.",2000-06-06,98,en,Released,tt0160289,0.9284,4.006,16,False,False,/6v4Cx2uf3S1UvBvAhKv2kAMz4hq.jpg,/msQroAI9XORkT5YH7JCSGBxgp70.jpg,,,0,0,,
11828,Erik the Viking,Erik the Viking,"Erik the Viking gathers warriors from his village and sets out on a dangerous journey to Valhalla, to ask the gods to end the Age of Ragnorok and allow his people to see sunlight again. A Pythonesque satire of Viking life.",1989-09-01,107,en,Released,tt0097289,2.2853,5.906,244,False,False,/tRaNvLehJf0OVsBexo4u4NRKLJ4.jpg,/gIS35GCtQgwYCmKjzdMYcmSPDo5.jpg,,A Middle Ages Crisis.,0,1932642,,
33932,Shortcut to Happiness,Shortcut to Happiness,"In Manhattan, the aspirant writer Jabez Stone is a complete loser: he is not able to sell his novels, he lives in a lousy apartment and he does not have success with women. When one of his friends Julius Jenson sells his novel for US$ 190,000.00 to an editor, Jabez fells envy and promises to sell his soul to the devil for success and accidentally kills a woman with his typing machine. The Devil knocks on his door, fixes the situation and seals a contract with Jabez. His low quality novels have bad reviews but become best-sellers; Jabez enriches; has success with women, but has no time for his friends. Jabez meets with the publisher Daniel Webster who offers him a chance to break the contract with the devil.",2007-07-13,102,en,Released,tt0263265,2.0824,5.632,190,False,False,/xmxvHnI5AVfd8nYzoGsgg9KEyy0.jpg,/lPQoA1kM2AXjoLuXiA8AHevYfpe.jpg,,The devil is in the details.,0,0,,
53520,Visage,Visage,"Hsiao-Kang, a Taiwanese film director, travels to the Louvre in Paris, France, to shoot a film that explores the Salomé myth.",2009-10-02,138,fr,Released,tt1262420,1.2972,5.4,25,False,False,/xBlH9ZrGWcwifYg4ygNXnQiMsKn.jpg,/6FCmPG9knRVSsEdws6s2Aw0CcTv.jpg,,,3875000,0,,
44172,The Falcon Strikes Back,The Falcon Strikes Back,The Falcon is framed for the murder of a banker and the theft of war bonds. He makes his escape into the mountains where he hides out in a rustic lodge. From here he uncovers a phony war bond operation.,1943-04-01,66,en,Released,tt0035854,0.6657,5.6,15,False,False,/f5BvvyCq1FoHnl2Yz22bnd3vE4I.jpg,/2kZ6jdjnDojUoKqQt1jbcYmKk7n.jpg,,LIKE A BOLT OF DEADLY LIGHTNING,0,0,47630,The Falcon Series
9357,One Hour Photo,One Hour Photo,"Sy Parrish has lovingly developed photographs for the Yorkin family since their son was a baby. But as the Yorkins' lives become fuller, Sy's only seems lonelier, until he eventually convinces himself he's part of their family. When Sy's picture-perfect fantasy collides with an ugly dose of reality, a bizarre and thrilling confrontation ensues.",2002-08-21,96,en,Released,tt0265459,3.1836,6.646,1874,False,False,/fuSIN3Nq6dmaA8LZSkASpQueFO1.jpg,/uwbp1RJkFR5vhaMJPujoB7Qkkgc.jpg,https://www.searchlightpictures.com/onehourphoto,The things that we fear the most have already happened to us...,12000000,52223306,,
44325,The Whole Dam Family and the Dam Dog,The Whole Dam Family and the Dam Dog,A portrait of the Dam family.,1905-07-15,5,en,Released,tt0235045,0.5465,5.235,17,False,False,/7FBNcXcgqaDEmoTnWSS7CDBcVT6.jpg,,,,0,0,,
38615,Heartbreak Hotel,Heartbreak Hotel,"When a teen tries to set up a band at his school, his mother - who was a big fan of Elvis Presley - gets in a wreck. He and his band members then decide to kidnap Elvis and hook him up with his mother.",1988-09-30,97,en,Released,tt0095288,1.7585,5.143,35,False,False,/9FeHaHPHXsZZle8qAQWTJSGPOji.jpg,/eF90cbP6Qe7UmF7Obl8xku1AylA.jpg,,"1972. My family needed some help, my town needed a hero, and my band needed a break. So I borrowed Mom's pink Cadillac and I kidnapped Elvis Presley, and our lives were never the same again.",0,0,,
27944,Rain Fall,Rain Fall,A hit man looks to protect the daughter of one of his victims against CIA assassins.,2009-04-24,111,ja,Released,tt1206086,1.5177,4.7,29,False,False,/jpcy33dy2fkUeUI45OZuDql1KVx.jpg,/jCg3EBjvZtXyFJ2zDokn3fFfCXm.jpg,,,7000000,0,,
56104,Generation Zero,Generation Zero,"An examination of the causes of the global economic crisis which began in 2008, studying how decades of social changes have influenced financial systems and practices.",2010-01-01,,en,Released,tt1624385,0.5786,3.3,3,False,False,/gj2JC3QnrcEXR0tjDAoMwcIGsap.jpg,,http://www.generationzeromovie.com/,,0,0,,
76432,Guldörat,Guldörat,Guldöronen är en samling vanliga män med en stenhård passion för bra ljudanläggningar. De tävlar med varandra på blodigt allvar om vem som kan få fram det bästa ljudet i sitt vardagsrum. Priset är den åtråvärda vandringstrofén Guldörat.,2007-12-14,30,sv,Released,,0.0143,8.0,1,False,False,/nFmTrRraLTsUHWC0HmpDCIlWv8I.jpg,,http://svt.se/2.61757/1.995237/guldorat,,0,0,,
28402,Seven Murders for Scotland Yard,Jack el destripador de Londres,"Several murders have taken place in London. All the victims are prostitutes and the murderer is using the same techniques as Jack the Ripper. Peter Dockerman, an ex-acrobat and husband of one of the victims is the prime suspect. But whoever the killer is has cannibalistic tendencies and if Scotland Yard doesn't solve the murders quickly the evidence just might be eaten!",1972-07-10,87,es,Released,tt0067260,0.7659,4.5,14,False,False,/21w2HI1ZH5kd1YItUf5k2nttvLm.jpg,/nLmOXvqTEK10LrNKoERV2sbw7rR.jpg,,,0,0,,
11872,Er kann's nicht lassen,Er kann's nicht lassen,"Father Brown is only too happy to interfere with the work of the police in solving tricky criminal cases, usually with resounding success. That's why the clergyman is transferred to a sleepy island called Abbott's Rock. At first, nothing happens there, but somehow Father Brown seems to be attracted to crime: Soon a gang of thieves is up to no good on the island. So Brown makes the headlines again, and is punitively transferred once more. This time he finds himself in a quiet Irish millionaire community.",1962-10-19,94,de,Released,tt0055960,0.5994,6.896,24,False,False,/uNPnptPwmgrHPNfxPLH8gJO8QeI.jpg,/4y8160hASLbZo4Q8uQKKMxvkEhB.jpg,,,0,0,221691,Pater Brown Collection
35120,Black Devil Doll from Hell,Black Devil Doll from Hell,"A woman buys a doll at a magic shop. Unbeknownst to her, the doll is possessed by an evil spirit, and it proceeds to take her over.",1984-02-04,70,en,Released,tt0193013,0.3598,3.738,21,False,False,/rMU1fskzrqYHZoaTV9c2fyFPxjc.jpg,/31gKbcYTWA9ZETnOXwsw46w2vmn.jpg,,Was it a nightmare? Or was it for real?,8000,0,,
19900,Weather Girl,Weather Girl,"Succumbing to the stresses of her personal and professional lives, Sylvia, a Seattle morning show weather forecaster, has a meltdown live on-air. Now, unemployed, lacking career prospects, and with a mess of a romantic life, she moves in with her little brother. She must learn how to cope with being 35-years-old and unfortunately famous for melting down on live television.",2009-07-10,92,en,Released,tt1085515,1.7284,5.6,67,False,False,/p22bXXTDQvRbezyEcLU6mKiRikB.jpg,/cAqw3u48GzHwF4tNGOKil3O1H5G.jpg,,Partly cloudy with a 90% chance of meltdown.,0,22779,,
67591,The Litterbug,The Litterbug,Donald and his nephews are litterbugs: they drop garbage everywhere they go - even when they are out for a drive in Donald's car - until they are stopped by a policeman who makes them pick up everything they have dropped.,1961-06-21,8,en,Released,tt0055089,0.4559,6.7,20,False,False,/3TN0YDfap5VXS4RxcusN90u85ob.jpg,/dehu1YeUmlLaW1aNR7TFr3CHoeQ.jpg,,,0,0,,
29879,The Little Colonel,The Little Colonel,"After Southern belle Elizabeth Lloyd runs off to marry Yankee Jack Sherman, her father, a former Confederate colonel during the Civil War, vows to never speak to her again. Several years pass and Elizabeth returns to her home town with her husband and young daughter. The little girl charms her crusty grandfather and tries to patch things up between him and her mother.",1935-02-22,80,en,Released,tt0016029,0.9252,6.528,36,False,False,/t48Hj1PtU0JhcRbiunJ1BIYxLlA.jpg,/kfwYjcbQIzOnBbIVjevFWor15Mk.jpg,,She Has Won An Unconditional Surrender From Every Heart!,0,0,,
76771,Two Bits & Pepper,Two Bits & Pepper,"Comedy about idiotic (the two can't even add 1+1) kidnappers, both played for unknown reasons by Joe Piscopo, who capture two young girls and hold them for ransom. However, in ""Home Alone"" fashion, the two girls make fools of the two men. The film becomes even sillier as two horses who talk to one another decide to rescue the girls from the kidnappers",1995-01-01,89,en,Released,tt0114752,0.8007,5.15,10,False,False,/l7HaEcfrE9BQd9VrBxcUwenGONN.jpg,/AqtI6IcOhsbwNK7tVZGtVsQILzw.jpg,,"Two Girls, a Little Magic, and a lot of Horsing Around",0,0,,
37358,The Golf Specialist,The Golf Specialist,"At a Florida hotel, absconding miscreant J. Effingham Bellweather goes slapstick golfing with the house detective's flirtatious wife and an incompetent caddy.",1930-08-22,20,en,Released,tt0020927,0.2972,5.343,35,False,False,/huUvauZRB1YU3fGXBPEa0YKElXH.jpg,/fdEbXhHyRZJLvJRRAARIOAaOxHz.jpg,,,0,0,,
62858,Peeping Tom: Live in Cologne,Peeping Tom: Live in Cologne,TV broadcast of a Peeping Tom show from 2006 in Germany.,2006-12-11,64,en,Released,,0.0168,7.0,1,False,True,,,,,0,0,,
37786,Sex and the City 2,Sex and the City 2,"Carrie, Charlotte, and Miranda are all married now, but they're still up for a little fun in the sun. When Samantha gets the chance to visit one of the most extravagant vacation destinations on the planet and offers to bring them all along, they surmise that a women-only retreat may be the perfect excuse to eschew their responsibilities and remember what life was like before they decided to settle down.",2010-05-26,147,en,Released,tt1261945,7.0093,6.053,1720,False,False,/iHSRxhZsPaVuLCivvV6WEkMVGWU.jpg,/gPqqEBBpSl7E4Fz8uMBqoBLxcTP.jpg,http://www.sexandthecitymovie.com/,Carrie on.,100000000,290700000,50457,Sex and the City Collection
14072,Rab Ne Bana Di Jodi,रब ने बना दी जोड़ी,"A lonely 40-ish man, likely to remain a bachelor, has a chance to find the love of his life when he falls for a vivacious young woman.",2008-12-11,167,hi,Released,tt1182937,1.8534,7.098,312,False,False,/m8x6I2qf3R98HtF4DmJXcdxCU64.jpg,/dXE0wWG9vaFd7HZ7Zi2cmExQ2ih.jpg,http://www.yashrajfilms.com/microsites/rnbdjmicro/rnbdj.html,There Is An Extraordinary Love Story In Every Ordinary Jodi.,0,29914469,,
11573,Inspector Clouseau,Inspector Clouseau,"Detective Inspector Jacques Clouseau is borrowed from the Surete on special assignment for Scotland Yard in hopes that a fresh outlook will help the government recover the loot from the Great Train Robbery, which is being used to underwrite a new crime wave. What they don't count on, however, is having more than one Clouseau on the job.",1968-07-19,96,en,Released,tt0063135,2.2847,5.049,91,False,False,/A7yauQMOYV4bFO7DvdzkdnKzSLn.jpg,/855wSmSvZw5Ma0kIPMw3aj046KO.jpg,,Put Clouseau on another case? They wouldn't dare!,0,0,937,The Pink Panther (Original) Collection
31343,Can Dialectics Break Bricks?,La dialectique peut-elle casser des briques ?,"A Hong Kong martial arts movie redubbed by situationist René Viénet. The narrative focuses on a conflict between proletarians and bureaucrats within state capitalism. The proletarians enlist their grasp of dialectics in the fight against their oppressors, while the bureaucrats defend themselves using a combination of co-optation and violence.",1973-03-08,90,fr,Released,tt0069970,0.94,7.0,7,False,False,/3pE7FP5OIol8GIlDIWfzRgTSHOx.jpg,/rfnqXmLEif1j6BYZlo7LcDf4SMb.jpg,,A toast to the exploited!,0,0,,
57259,A Summer in a Sea Shell 2,Poletje v školjki 2,"Three years later, Tomaz meets Milena in Ljubljana where she practices dancing. In order to spend more time with her, Tomaz enrolls at the dance club where he finds many new friends. As the club is faced with close-down, the members decide to save it by setting up a dance show for the urban elite.",1988-04-07,96,sl,Released,tt0396176,0.6004,8.143,7,False,False,/ikK2e0ZyxZNDps7xEaTg0Gv2cNQ.jpg,/qcDvKoKcKSU7J2JwFw92t3EjjRH.jpg,,,0,0,169460,Poletje v školjki Collection
84102,First Earth: Uncompromising Ecological Architecture,First Earth: Uncompromising Ecological Architecture,"FIRST EARTH is a documentary about the movement towards a massive paradigm shift for shelter - building healthy houses in the old ways, out of the very earth itself, and living together like in the old days, by recreating villages. An audiovisual manifesto filmed over the course of 4 years and 4 continents, FIRST EARTH makes the case that earthen homes are the healthiest housing in the world; and that since it still takes a village to raise a healthy child, it is incumbent upon us to transform our suburban sprawl into eco-villages, a new North American dream.",2009-02-04,87,en,Released,tt1380891,0.108,6.0,4,False,False,,,http://www.davidsheen.com/firstearth/,,0,0,,
23941,Dancing at the Blue Iguana,Dancing at the Blue Iguana,"At the Blue Iguana, L.A.'s most notorious strip club, the lives of five exotic dancers converge, clash and ultimately bond over the course of one week.",2001-10-10,123,en,Released,tt0217355,1.7179,5.379,58,False,False,/mqnHHF6pductvQGIXfdB37GWNkd.jpg,/5QupiAgyE6WDxdRFYBS22kCZP8k.jpg,,They expose all. They show nothing.,0,0,,
68121,Assault on Death Mountain,Assault on Death Mountain,"The Shadow Warriors hire on to reclaim the daughter of a woman whose ex-husband kidnapped the child after a custody battle. At the same time, they uncover a terrorist plot to attack Seattle.",1999-04-04,91,en,Released,tt0177217,0.9824,4.447,19,False,False,/fETOOFeqO6D1N2jHP0OGTzsoxxU.jpg,/a3fFgLiat5R2B4SKp97MbMyM2Pl.jpg,,Pray they're on your side.,0,0,109044,Shadow Warriors Collection
54880,The Hunchback of Paris,Le Bossu,Duke Philippe de Nevers is an influential and popular man who is married to a beautiful wife called Aurore. His rival Philippe de Gonzague hates him enough to organise an attempt on him. The Duke is accompagnied by Henri de Lagardère when de Gonzague's henchmen altogether attack him. Lagardère cannot save his friend because the both of them are hopelessly outnumbered. He has to escape in order to save the Duke's daughter and swears revenge. Together with his old buddy Passepoil he raises the little girl in Spain. At the same time he returns frequently to France where he detects confronts his friend's murderers and puts them to the sword one by one until only their former leader is left. Finally he discovers that Philippe de Gonzague is the man for whom he is looking.,1959-11-26,105,fr,Released,tt0052644,1.7785,6.716,97,False,False,/yWdifU3NZ0FCU5Cb36hhefyX04R.jpg,/8OheIpBs8mcSpaEaKrpm73Pj1Xk.jpg,,,0,0,,
40434,John Mellencamp: MTV Unplugged,John Mellencamp: MTV Unplugged,"""MTV Unplugged"" presents beloved American rocker John Mellencamp. The program, which was taped in Los Angeles in April of 1992, features a medley of Mellencamp hits. Mellencamp, who was just wrapping up a worldwide concert tour at the time of the taping, was accompanied by touring band members Mike Wanchic (guitar), Kenny Aronoff (drums), Toby Myers (bass), David Grissom (guitar), John Cascella (accordion), Lisa Germano (fiddle) and Pat Peterson and Jenny Douglas-McRae (background vocals). Recorded 27 April 1992 at Warner Hollywood Studios, Los Angeles. Set List: 1. Love and Happiness; 2. Paper in Fire; 3. Check it Out; 4. Rain on the Scarecrow; 5. Jackie Brown; 6. Small Town; 7. Minutes to Memories; 8. Big Daddy of Them All; 9. Pink Houses; 10. All Along the Watchtower",1992-04-27,,en,Released,,0.1658,3.5,2,False,True,/uj0dmuJZZ6ifsAMm2oWmxgTMalY.jpg,/71DqLdBIVIvqw0pBXFzCGql5vR9.jpg,,,0,0,,
10257,The Twins Effect II,千機變II花都大戰,"Set in Flower Capital, a land ruled by an Evil Queen. All men in the kingdom are slaves to women. However, a prophecy foretells that one day, the Star of Rex will find and wield a mythical sword, rise to power, overthrow the queen, and restore the balance of the two sexes.",2004-08-12,106,cn,Released,tt0398373,3.2872,5.286,105,False,False,/4UNGA2zrHgHmQQ8LY7S8uEKL3Dv.jpg,/aDgysYfiPZBgGSaOjxYooYSvNxG.jpg,,Their strength will defy an empire.,0,0,192541,The Twins Effect Collection
66155,Four Windows,Vier Fenster,"They want to get away from each other, but they clasp each other even more firmly. They seek to save appearances at all force. The more they laugh, the quieter it gets around them. The cracks in the family picture widen until an inescapable secret reveals itself.",2006-02-14,80,de,Released,tt0483835,0.3937,4.714,7,False,False,/xMVh8ldBMxz2T3vhkVIkgbWdpbP.jpg,/7FT9MmethdgBApr9VunsdBLzMSr.jpg,,,0,0,,
31788,"Bill Hicks Live: Satirist, Social Critic, Stand-up Comedian","Bill Hicks Live: Satirist, Social Critic, Stand-up Comedian","Since Bill died in 1993, his work has reached a new audience and he has become a powerful cult figure. The DVD captures Bill at his very best, with three of his legendary filmed performances: ""One Night Stand"" - the Old Vic Theatre in Chicago (30 min) ""Revelations"" - the Dominion Theatre in London (65 min) ""Relentless"" - Bill’s breakout performance at the Montreal Comedy Festival (70 min)",2004-10-25,210,en,Released,tt0836636,0.1422,7.2,6,False,False,/lz2poVfHSWoEDo4GbAYmOIXKD13.jpg,,,,0,0,,
25951,Bullet Ballet,バレット・バレエ,"After his girlfriend commits suicide, a man becomes embroiled in gang warfare attempting to obtain a gun in hopes to kill himself.",1998-12-01,87,ja,Released,tt0163563,1.8709,7.004,142,False,False,/v3bQVcIvajOJLamwejJOUTZHK7Z.jpg,/snkw8maFYKOf42H8pFu9Wt1x0aN.jpg,http://tsukamotoshinya.net/contents/?p=144,,0,0,,
28808,Detective Conan: The Last Wizard of the Century,名探偵コナン 世紀末の魔術師,"Kaitou Kid dares to challenge the police once more, setting his sights on the Russian Imperial Easter Egg. With the date, time, and place, the Osaka police force scrambles to stop him. But this time, Kid may have bitten off more than he can chew—Conan Edogawa, Heiji Hattori, and numerous others are also trying to get their hands on the jeweled egg.",1999-04-17,100,ja,Released,tt1067920,5.0953,7.3,194,False,False,/q2v6JmGMVQR0UhUirXuuzXUcAnN.jpg,/uAzdAGerv6i1XVl4ACfpuoWtq21.jpg,https://www.tms-e.co.jp/global/alltitles/conan/087303.html,,0,22951145,39199,Detective Conan Collection
18735,Magnificent Bodyguards,飛渡捲雲山,"Chan is asked by a young, wealthy lady to take her sick brother to a particular doctor in order to be cured. To reach this doctor, Chan and a handful of travelling companions must pass through bandit-infested wild country. They meet and kung-fu-fight several gangs of thugs along the way.",1978-04-27,101,zh,Released,tt0077541,2.3963,6.116,43,False,False,/bEyZjZyPQEnHW38fFO2HtRCkG40.jpg,/wJKF04trkTxomeh58VCnUJvWsQa.jpg,,,0,0,,
13916,Shooting Gallery,Shooting Gallery,"A street-smart pool player falls in with a pack of hustlers. As he rises in the underground circuit, he lands in the middle of a match between his boss and a crooked cop.",2005-12-26,102,en,Released,tt0339526,1.3944,5.7,30,False,False,/hRsL4ga7f7VHnt6PgqNhtP9A3TH.jpg,/cNnewGZg44VA5iEISR4JhR80k9Q.jpg,,,0,0,,
16640,Pirates of the Great Salt Lake,Pirates of the Great Salt Lake,"Kirk Redgrave and Flint Weaver met only three weeks ago. But that hasn't stopped them from becoming the greatest pirates the Great Salt Lake has ever known. Still, pirate life isn't all that it's cracked up to be. For Kirk, it's a life of failure. For Flint, one without reward. That is until they stumble across a long lost treasure map that has the power to not only fulfill their wildest pirate dreams but curse them as well",2006-02-01,86,en,Released,tt0477065,1.1866,3.75,4,False,False,/haG9wRMUzCbBr3KqPsINkb273h7.jpg,,,,0,0,,
81676,Water Flower,水の花,"Minako is at the age where her father is more like an alien to her than a person. The situation is exacerbated when he comes home drunk one night and tries to climb on top of her. Minako's mother deserted them for another man when Minako was a child. Now working as a hostess, she has little time for her own six year-old daughter, Yu, Minako's half sister. Both girls are yearning for their mother's love. Minako runs into Yu at a game center in the mall and proposes they take a trip. She changes out of her school uniform and into adult clothes and the pair hops on an overnight bus out of the city.",2005-07-14,92,ja,Released,tt0860465,0.9026,6.5,2,False,False,/5dDwEJUcVgJqnE8PNQSah2a0sqW.jpg,,http://www.pia.co.jp/pff/mizunohana/,,0,0,,
73491,"Pavarotti & Friends Collection: The Complete Concerts, 1992-2000","Pavarotti & Friends Collection: The Complete Concerts, 1992-2000","Number of DVDs: 4 Pavarotti annually hosted the ""Pavarotti and Friends"" charity concerts in his home town of Modena in Italy, joining with singers from all parts of the music industry, including Andrea Bocelli, Jon Bon Jovi, Bryan Adams, Bono, James Brown, Mariah Carey, Eric Clapton, Sheryl Crow, Céline Dion, Elton John, Deep Purple, Queen, George Michael, Sting and the Spice Girls, to raise money for several UN causes. Concerts were held for War Child, and victims of war and civil unrest in Bosnia, Guatemala, Kosovo and Iraq. After the war in Bosnia, he financed and established the Pavarotti Music Centre in the southern city of Mostar to offer Bosnia's artists the opportunity to develop their skills. For these contributions, the city of Sarajevo named him an honorary citizen in 2006.",1992-01-01,758,en,Released,,0.0286,,,False,True,/9sG4UYq8uwCnQFTEcGoIVfYuRVW.jpg,,,,0,0,,
57089,Hoodwinked Too! Hood VS. Evil,Hoodwinked Too! Hood VS. Evil,"Red Riding Hood is training in the group of Sister Hoods, when she and the Wolf are called to examine the sudden mysterious disappearance of Hansel and Gretel.",2011-04-29,86,en,Released,tt0844993,2.8132,5.111,569,False,False,/3ofAJDO8A7ulJwgMGKcwEOPNWV3.jpg,/75P2ocwRhLuxNDJ5HrNFjtiqEqq.jpg,http://www.hoodwinkedtoomovie.com/,Not All Fairy Tales Go By the Book.,30000000,13500000,87255,Hoodwinked! Collection
29910,The Beasts' Carnival,El carnaval de las bestias,"A hit man working for the Yakuza double crosses his employers and flees with a cache of diamonds from the latest heist. Injured and hiding in the mountain regions of Spain, with Japanese assassins in hot pursuit, he takes refuge in the home of a local doctor and his two daughters who nurse him back to health and hide him from his pursuers, taking drastic and murderous measures to protect him... for they have plans of their own in store for their current guest.",1980-12-03,91,es,Released,tt0080499,1.2188,6.0,18,False,False,/q7FdW40VN4a2DI7aHTcgWHgw3js.jpg,/fjaE1zLbdiMJunbE3THehmitAvC.jpg,,,0,0,,
52579,The Amazing Howard Hughes,The Amazing Howard Hughes,"The Amazing Howard Hughes is a 1977 television movie about American aviation pioneer and filmmaker Howard Hughes, based on the book by Hughes' business partner Noah Dietrich. The film starred Tommy Lee Jones, Ed Flanders, and Tovah Feldshuh.",1977-04-13,215,en,Released,tt0075670,1.3237,6.364,11,False,False,/8MX2IPEJe7tcGpwWhSu2JSrNlqe.jpg,/gWxHyJGE65B7ZOKI716St9ePLiC.jpg,,,0,0,,
36579,"The Wiggles: It's A Wiggly, Wiggly World!","The Wiggles: It's A Wiggly, Wiggly World!","Imagine a world where everyone is smiling and laughing. It's a wonderful, wacky and whimsical world. It's a Wiggly, Wiggly World! Join Greg, Murray, Anthony and Jeff as they welcome many friends from around the world who've come to share their own special styles of music. Aussie country music legend Slim Dusty will be there. So will Tim Finn from Crowded House and Split Enz with some fun-filled songs for children. And thanks to Dorothy the Dinosaur and Captain Feathersword, there will be plenty of Wiggling. Welcome to the Wiggly, Wiggly World! of The Wiggles.",2000-07-25,46,en,Released,,0.1259,4.5,2,False,False,/tDKRXbP1aaNSHCitfivZ8Fzsl6I.jpg,,http://www.thewiggles.com/,,0,0,,
43494,The Enchanted Cottage,The Enchanted Cottage,"A homely maid and a scarred ex-GI meet at the cottage where she works and where he was to spend his honeymoon prior to his accident. The two develop a bond and agree to marry, more out of loneliness than love. The romantic spirit of the cottage, however, overtakes them. They soon begin to look beautiful to each other, but no one else.",1945-04-28,91,en,Released,tt0037671,1.1974,7.419,31,False,False,/tLDER6R4oIbi6WabLSvm1NedArP.jpg,/oNSeVEaJfvTtO9fwcsQ7hxC15Z4.jpg,,The whole town WHISPERED about these two!,0,0,,
42873,"Triads, Yardies & Onion Bhajees! Once Upon A Time In Southall","Triads, Yardies & Onion Bhajees! Once Upon A Time In Southall","Welcome to London, home of many creeds and cultures. West London is ruled by the Holy Smokes crime syndicate. North London is the territory of the Triads. South London is governed by the Jamaican mafia, the Yardies. East London is home to the original Anglo-Saxon cockney gangsters, The Firm. It's a roller-coaster ride as the crime syndicates battle to see who rules London!",2003-11-01,105,en,Released,tt0373400,0.4539,4.0,3,False,False,/g9pTAwNLk4zHnA9EwpuWXZVIy8o.jpg,,,,0,0,,
93940,Smash-Up on Interstate 5,Smash-Up on Interstate 5,"In this made-for-TV disaster movie, the lives of a group of motorists are chronicled retrospectively after they're involved in a 39-car pile-up on California's Interstate 5 over 4th of July weekend.",1976-02-02,100,en,Released,tt0075236,0.987,5.6,10,False,False,/b64XmN9hOLy3lvFAc85f94uoIYm.jpg,/24QoLMuE5cshkhumdSNzldSSMQ9.jpg,,"It was a day just like any other, until 75 people took the wrong route home!",0,0,,
40363,Women's Camp 119,KZ9: Lager di Sterminio,"A prisoner is forced to serve as a doctor's assistant, giving her a front row seat for the horrible goings-on. There's the experiment to revive Nazi soldiers who have frozen to death by having nude women rub their bodies all over the corpse (that one works), and the experiment tries to ""cure"" homosexual men by having nude women dance for them. This is only some of the horrors that are going on there.",1977-03-18,97,it,Released,tt0074729,0.883,4.167,12,False,False,/vzKt8qSmPrTUHmyvZOi7R4klu2b.jpg,/2hT8F1B6oi8s7sKYhdPH7YsbVZB.jpg,,,0,0,,
55576,Last Stand at Saber River,Last Stand at Saber River,"As America recovers from the Civil War, one man tries to put the pieces of his life back together but finds himself fighting a new battle on the frontier. Cable is an embittered Confederate soldier who returns from the war to reclaim his Arizona homestead from rebel pioneers who sympathize with the Union war effort.",1997-01-19,96,en,Released,tt0119501,1.8088,6.431,29,False,False,/wWKbhAzELISfMVTFgFVx7kDyLA4.jpg,/BFadsVKryVfrOf0nzRxBsvzcCm.jpg,,,0,0,,
28226,Carlos Mencia: Performance Enhanced,Carlos Mencia: Performance Enhanced,"A black president. Gays in the military. Women who like jerks. Carlos Mencia has something to say about it all in his new stand-up special, Performance Enhanced, held in front of a packed house at a Hard Rock Hotel theatre in Florida. Watch as he talks about his trip to Iraq, his real feelings on the N-word, and just about everything else that pops into his head. With his trademark frenzied performance style, you have our word that this is 100% Carlos---just slightly enhanced for your entertainment.",2008-05-18,66,en,Released,tt1258128,0.0757,6.3,3,False,False,/tfDjNyqXrA6IbSdzC7Bcic52KfJ.jpg,,,,0,0,,
80216,Saraband for Dead Lovers,Saraband for Dead Lovers,"Sophie Dorothea is a young woman forced into a loveless marriage with Prince George Louis of Hanover. George Louis is later crowned King George I of England. Despairing of ever experiencing true love, the depressed queen finds life at court no solace. Sophie then falls for a dashing Swedish soldier of fortune, Count Konigsmark.",1948-10-04,96,en,Released,tt0040758,1.2205,6.587,23,False,False,/vDa6g1hQemvX3P6skVEnRkzc6HX.jpg,/faQQJMGVEgVZAF3cCfQYb6SrVfZ.jpg,,A Romance that rocked the Thrones of Kings.,0,0,,
65946,Ready,Ready,"Prem believes Sanjana is the girl chosen by his dad and falls in love with her. However, she is a runaway bride escaping from a marriage set up by her mafia uncles against her wishes. On learning the truth, he devises a plan to win her over from her uncles who intend to usurp her huge inheritance.",2011-06-03,140,hi,Released,tt1708532,1.4651,5.0,100,False,False,/umfKMUkXXPfMUoOq60nXjDbQOCL.jpg,/gh9mRGlL41HPnyoakF6WZtCAhe0.jpg,,,5800000,27000000,,
957,Spaceballs,Spaceballs,"When the nefarious Dark Helmet hatches a plan to snatch Princess Vespa and steal her planet's air, space-bum-for-hire Lone Starr and his clueless sidekick fly to the rescue. Along the way, they meet Yogurt, who puts Lone Starr wise to the power of ""The Schwartz."" Can he master it in time to save the day?",1987-06-24,96,en,Released,tt0094012,9.5665,6.864,3367,False,False,/kNbaxEsnCyWBTfANVPHayujBsxp.jpg,/5j77rB8NRa7lXuu1Sgmm6wfgrzZ.jpg,http://www.mgm.com/view/movie/1873/Spaceballs/,May the schwartz be with you.,22700000,38120460,1497153,Spaceballs Collection
77612,Rent a Car,Rent a Car,"The owner of a booming rental car business scrambles to replace the $10,000 left in the trunk of one of his cars in this comedy starring Frank White and Shawn Harris. If you've got some cash and you need a car, D-Stacks (White) can hook you up with one of the hottest rides around. His crew may be a little crazy, but they won't be happy until the customer leaves satisfied. Their latest customer is Boogie White, a local hot-shot who just mistakenly left $10,000 in the trunk of his rented car. When the money goes missing, it falls on D-Stacks to make sure it's replaced. Now, if D-Stacks can just convince one of his talented employees to turn out a hit single and stage a local show, maybe they can raise enough money to pay Boogie back. But they've only got 72 hours to make it happen, and should they fail D-Stacks stands to lose more than just his reputation as a reliable businessman. ~ Jason Buchanan, Rovi",2010-12-19,105,en,Released,tt1543739,0.0362,1.0,1,False,False,/fHNisUecN1S365Y3iwsNTxBZEA0.jpg,,,,0,0,,
38362,The Con Artists,Bluff - Storia di truffe e di imbroglioni,"Belle Duke, in order to get revenge on her former lover Philip Bang, organize his jail break. But instead of Philip is the Italian Felice Brianza, AKAS Felix, to escape. Now Felix is obliged to help Philip to escape. He will succeeded and from that moment on the two will join to defraud Belle. The swindle plot become more complicate when Felix falls in love for Philip's daughter.",1976-04-15,105,it,Released,tt0076101,1.6162,7.052,153,False,False,/4A35BCPL2bIEtvxONiE8FxqDm1J.jpg,/fVyZzDlAV8EUpEN5a2k5165Lzda.jpg,,They'll do anything for a buck!,0,0,,
40769,Mutual Appreciation,Mutual Appreciation,"Alan is a musician who leaves a busted-up band for New York, and a new musical voyage. He tries to stay focused and fends off all manner of distractions, including the attraction to his good friend's girlfriend.",2005-03-01,109,en,Released,tt0446747,0.2857,5.981,26,False,False,/yjKHIcFue6Et3qsBbxcVUrGjGRM.jpg,/nbWnSvZNuxYQyebD7OHJAuyJuBe.jpg,,,500000,0,,
55269,Night of the Pencils,La Noche de los Lápices,"The Night of the Pencils was a series of kidnappings and forced disappearances, followed by the torture, rape, and murder of a number of young students during the last Argentine dictatorship (known as the National Reorganization Process). The kidnappings took place over the course of several days beginning on September 16, 1976.",1986-09-04,105,es,Released,tt0193355,0.8547,7.021,72,False,False,/8GjSq46q9YC3Vv2vFH6EBOYdXwT.jpg,/8EtYE07RXkRqy4Mb5oz7G12v2h8.jpg,,"They were young students. They were raped, tortured, and shot.",0,0,,
82039,Letters from My Windmill,Les lettres de mon moulin,"Set in the countryside of Provence, the film is based on three tales from Alphonse Daudet's 1869 short story collection Letters from My Windmill: ""The Three Low Masses"", ""The Elixir of Father Gaucher"" and ""The Secret of Master Cornille"".",1954-11-05,160,fr,Released,tt0047171,0.4985,7.0,10,False,False,/8J7Typh6AKLuOuydTv8eLtw2ula.jpg,/aY4GuLj5lY2e0IHpcKFP6UXWXTw.jpg,,,0,0,,
49990,Outlanders,Outlanders,"After his father's death, Adam hitchhikes to London from his hometown in Poland to find his older brother...",2007-04-07,98,en,Released,tt0452661,1.0879,4.714,7,False,False,/twVFwMLE2cbTp8bqZm92LmyX22P.jpg,,,Could you choose between love.. and blood?,0,0,,
61711,The Truth,La Vérité,"As Dominique Marceau is being tried for the murder of Gilbert Tellier, accounts by different witnesses paint a picture of the kind of relationship the two used to share.",1960-11-02,127,fr,Released,tt0054452,1.3378,7.603,204,False,False,/ye15DMXYYZaN1b2R5S07m0NyDT7.jpg,/we3XcGn0jgj1tKrsjYCd7P3KLii.jpg,,Truth is many things — so was the woman on trial for her life!,1500000,0,,
15903,Faces of Death V,Faces of Death V,A direct-to-video compilation of the highlights of the earlier films in the Faces of Death series.,1995-10-10,90,en,Released,tt0160303,0.4416,3.658,19,False,True,/xb5ohfe7YJgf4ouDizdyt2BOc5j.jpg,,,,0,0,1664430,Faces of Death (International) Collection
13712,Incontrôlable,Incontrôlable,"Georges, one morning, became uncontrollable despite himself. Something that has the donkey's voice in Shrek, can control his body.",2006-02-08,91,fr,Released,tt0456070,1.0291,4.013,160,False,False,/phHq95qfPMD3Qy0e6FQDBSzhzf5.jpg,/60QiRPM3oVNXiLM2LSoeqYm16gy.jpg,,,0,0,,
76796,Pippi's Adventures on the South Seas,Pippi i Söderhavet,A mysterious ship has sailed into Pippi's hometown and the Captain turns out to be her father...,1999-09-04,77,sv,Released,tt0213159,0.4657,5.3,10,False,False,/xQSChz9j9NZbUKUPiLoSwmKUMoD.jpg,/yINhWlt8t7rwgY0esekwWDS8dbi.jpg,,,0,0,,
70537,The Lion Tamer,The Lion Tamer,"The Lion Tamer is a 1934 animated short film produced by the Van Beuren Studios and directed by Vernon Stallings and starring Charles J. Correll and Freeman F. Gosden as the voices of their popular radio characters, Amos 'n' Andy.",1934-02-02,9,en,Released,tt0025401,0.2418,4.0,3,False,False,/cA4GVDfYPYrbYvCZok4inU02ZzU.jpg,,,,0,0,,
86391,All Together,Et si on vivait tous ensemble ?,Five old friends decide to move in together as an alternative to living in a retirement home. Joining them is an ethnology student whose thesis is on the aging population.,2012-01-18,96,fr,Released,tt1674057,1.0601,6.322,107,False,False,/4iNqPEKm45CW77E5JRUK3U846gQ.jpg,/2x1Jinf7X5hIwHnu6izGW1jhjMr.jpg,,,0,7211180,,
98048,Dionysus in '69,Dionysus in '69,"Filmed stageplay based on the ancient greek play The Bacchae written by Euripides. This play is performed by members of The Performance Group, an NYC experimental theater group who has made their own personal adaptation of this ancient text.",1970-03-22,85,en,Released,tt0065641,0.7048,6.214,14,False,False,/jVVf5dFkkzQg3xXqlblWlMIxGd7.jpg,/yaIyfSwWNkRfpgEUwY2w8ckQ79w.jpg,,"A Celebration of Feeling, Loving, Wanting, Killing, Hearing, Tasting, Touching, Living",0,0,,
76075,Tanzwut: Live,Tanzwut: Live,"Tanzwut is a German Neue Deutsche Härte and medieval metal band which originated as a sideproject of Corvus Corax-members. Their name is the German term for ""dancing mania"", but is directly translated with ""dance-rage"". Tanzwut are known for their heavy use of bagpipes, an unusual instrument for a metal band. The group has achieved international success, filling concert halls as far away from their home country as Mexico. The band's recent releases have been gravitating towards a more industrial metal approach, incorporating the use of more down-tuned guitars, harsher vocals and darker atmospheres. Tanzwut's live performances have a medieval theme, expressed through their stages, costumes and choreography.",2004-11-15,115,en,Released,,0.0311,8.0,1,False,False,/rGXsO2K8H9l9QBxQwmj2WELBRdq.jpg,/mfFWh41drCQN6v450X3iVnK3vR1.jpg,,Muffathalle in München München am 8. Mai 2004,0,0,,
46491,Casi casi,Casi casi,"Emilio is a normal teenager who somehow finds himself being sent to the principal's office every other week. He has a crush on Jacklynne, the most popular girl in school, so he decides to run for Student Council President in order to impress her. To his horror, Emilio discovers after announcing his candidacy that Jacklynne will be running for office against him.",2006-03-18,93,es,Released,tt0820042,0.4317,6.7,10,False,False,/tMDpsoKBs8GKlQGOidTbaSKPP0K.jpg,,http://casicasi.com/,"All's fair in love, war, and high school.",0,0,,
40875,The Graveyard of Death,The Graveyard of Death,"A reporter from a small regional newspaper investigates a waste dump in which the military have been testing Infectious Diseases, it's not long before the Zombies are free and Killing, George phones the reporter to tell him about a blast seen from the closed off woods, the reporter who is not far from the woods investigates the military cover-up it's not long before the zombies and the military are trying the kill each other.",2005-12-11,96,en,Released,tt1685328,0.0404,,,False,False,,,http://www.digitalnasties.com,"When you hear the dead, run for your life.",55,0,,
68912,Deadline Iraq: Uncensored Stories of the War,Deadline Iraq: Uncensored Stories of the War,War correspondents recount their experiences during the 2003 Iraq war.,2003-11-23,,en,Released,tt1878900,0.0143,,,False,False,,,,,0,0,,
96070,Daughters of Malakeh,Dochters van Malakeh,"In public, Maryam wears a headscarf and obeys the rules of the state. But in the privacy of her own home, she’s the breadwinner who runs the show, along with her mother and younger sister, Ghazal. When Maryam decides to get married, a blushing bride at 45, her worlds collide. With the support and encouragement of her family, she reconciles her personal autonomy with the expectations of a traditional marriage. Brother and co-director Sharog Heshmat Manesh presents an intimate portrait of family life in Iran, candidly capturing his sister’s wedding jitters, her fear of giving up her independence and of being too old to break free from her habits, and her attempts to add a pre-nuptial stipulation to the Marriage Guarantee.",2011-05-02,78,en,Released,tt1844648,0.0193,,,False,False,,,http://www.taskovskifilms.com/film/daughters-of-malakeh/,"Three generations of women, wedged between two worlds, struggle to give shape to their lives in present-day Iran.",0,0,,
28678,Ironmaster,La guerra del ferro - Ironmaster,"A tale that takes place at the dawn of history. The movie tells the story of a tribe that discovers how to fashion weapons out of iron and use them for their own survival. However, the creation of iron also causes the tribe to battle for possession of the new weapons.",1983-03-10,98,it,Released,tt0084036,1.2936,5.0,36,False,False,/gLXCZW14Oj6y1jh9qtG39YQumuK.jpg,/cq6nBfvJzw4PhHakyio1m6ibpUm.jpg,,,0,0,,
28014,Take That: The Circus Live,Take That: The Circus Live,"A concert tour video by reunited British boyband, Take That promoting their fifth studio album, The Circus. The tour began on 5 June 2009 in Sunderland and finished on 5 July 2009 at London's Wembley Stadium.",2010-11-11,177,en,Released,tt1526309,0.2469,7.2,6,False,True,/zxfaudxTmkfcTiXeuPqMNwM26Yj.jpg,/mFD5NxKpKnc9IYM7L0iwrrosjZ3.jpg,,,0,0,,
95448,The Minister,L'Exercice de l'État,Transport Minister Bertrand Saint-Jean is awoken in the middle of the night by his head of staff. A bus has gone off the road into a gully. He has no choice but to go to the scene of the accident. Thus begins the odyssey of a politician in a world that is increasingly more complex and hostile.,2011-10-26,115,fr,Released,tt1781843,1.0798,6.4,145,False,False,/asri7RwmdY5OMqlLED8CF92Hdc0.jpg,/8dzhOaD3C3oadvpos1goB3UvLt8.jpg,,,0,65301,,
5630,The Terrible People,Die Bande des Schreckens,The ghost of a hanged man returns to fulfill his promise. All of his accusers must die!,1960-08-25,92,de,Released,tt0053630,1.0557,7.273,22,False,False,/v9ql64Lr19gGZMrHLAk5vksJKUK.jpg,/zXuwoJQRtaGVtX6yP4cKbZmwR4P.jpg,,,0,0,,
3006,Dr. Jekyll and Mr. Hyde,Dr. Jekyll and Mr. Hyde,"Dr. Henry Jekyll experiments with scientific means of revealing the hidden, dark side of man and releases a murderer from within himself.",1908-03-07,16,en,Released,tt0126875,0.6068,8.0,1,False,False,/hYArtU4tx01bOBeBLrkH1lY4VGb.jpg,,,,0,0,,
80067,The Suspicious Death of a Minor,Morte sospetta di una minorenne,"Police detective Paolo Germi and the mysterious Marisa meet each other at a dance hall. Germi is unsuspecting of the secret Marisa is carrying with her: adverse conditions forced her into prostitution. As Germi finds the young girl brutally murdered, he decides to go after her killers. During his investigation, he enters a world of intrigue and obfuscation that leave an endless trail of blood.",1975-08-12,100,it,Released,tt0073406,0.9488,5.984,62,False,False,/xqEbdB77oZ9k53WVhj3gaKuY2Uj.jpg,/dPLrBGjGGf0YUD8wpSIDu42Woqw.jpg,,,0,0,,
1421,The Man Who Loved Women,L'Homme qui aimait les femmes,At Bertrand Morane's burial there are many of the women that the 40-year-old engineer loved. In flashback Bertrand's life and love affairs are told by himself while writing an autobiographical novel.,1977-04-27,119,fr,Released,tt0076155,1.3399,7.137,208,False,False,/qAbqXoN6ucpN8jvHOxZOzwyP8pE.jpg,/n2lLL7epkunVFtAYiHLDScvvx9l.jpg,,,0,0,,
14358,Mad Hot Ballroom,Mad Hot Ballroom,"Eleven-year-old New York City public school kids journey into the world of ballroom dancing and reveal pieces of themselves and their world along the way. Told from their candid, sometimes humorous perspectives, these kids are transformed, from reluctant participants to determined competitors, from typical urban kids to ""ladies and gentlemen,"" on their way to try to compete in the final citywide competition.",2005-05-13,105,en,Released,tt0438205,0.5202,6.721,34,False,False,/1wDU19PTEdR30QdnLFw93scXto7.jpg,/4cNTEZxxR2xbgoDZef9Zj24KXZ7.jpg,,Anyone can make it if they learn how to shake it.,500000,9400000,,
57743,The Learning Curve,The Learning Curve,"Paul and Georgia are lovers, soul mates...and partners in crime. But when this duplicitous duo tries to dupe the wrong man, they are ensnared in a world more dangerous than they could ever have imagined. Seduced into working for him on dangerous jobs beyond their small-time capability, Paul and Georgia suddenly have everything they've ever wanted...and even more to lose.",2001-10-05,113,en,Released,tt0219126,1.4688,5.0,8,False,False,/v7KKkf5wbcZpcjJdsNrIzkc9QfF.jpg,,http://web.archive.org/web/20090606152940/http://www.thelearningcurvemovie.com/,Sometimes All The Way...Is Way Too Far.,1000000,0,,
51252,Palermo Hollywood,Palermo Hollywood,"In a country that has been broken down and corupted by poverty, Pablo and Mario are best friends and local thieves. Although they come from very different backgrounds, they help each other out by commiting petty crimes that help Pablo support his family and Mario become independent from his own. In a twist of fate, they become involved in a kidnapping that goes sour. This tragedy triggers and unmasks a series of events that changes their lives forever. Now the two friends will be tested and their lives taken to the limit.",2004-10-14,113,es,Released,tt0422907,0.5516,5.275,20,False,False,/lW7JvVHcdkqHD0pXVNJswhfhSVA.jpg,/sAZBYPGt40oexofwnRr3vOq5IJv.jpg,,,0,14087,,
85918,The Rolling Stones: 25x5 - The Continuing Adventures of The Rolling Stones,The Rolling Stones: 25x5 - The Continuing Adventures of The Rolling Stones,"The Rolling Stones emerged in the summer of 1963 as the so-called ""bad boys"" antidote to the Beatles, a characterization that became one of the foundations of modern rock 'n' roll. In the 25 years that followed, the Stones have succeeded in outraging, mystifying, confusing yet always inspiring their fans. 25 X 5: The Continuing Adventures of The Rolling Stones is the first time that the Stones have gone on camera to tell their own story. Over two hours of devastatingly frank narratives by Mick Jagger, Keith Richards, Charlie Watts, Bill Wyman, and Ron Wood are underscored by rare interview segments with Brian Jones and Mick Taylor, and rare and never-before-seen archival film, video, and newsreel footage.",1993-12-03,130,en,Released,tt0174445,0.49,7.5,4,False,False,/dtf55qe8z2GamtbPakdx7TvAxX5.jpg,/1ZpaNEBH41IPxBFH0sjpZOaIVkN.jpg,,,0,0,,
63857,Too Bad She's Bad,Peccato che sia una canaglia,"When young and attractive Lina Stroppiani, a thief like the rest of her family, tries to steal the taxi of Paolo, together with two accomplices, she can't possibly know that this will have far reaching consequences.",1954-12-28,91,it,Released,tt0048475,0.8553,6.871,70,False,False,/4uIkVdz0i9SJUfa58LCLJEc783l.jpg,/fEmkEFL8X8vn5F2jP56OyOpJ158.jpg,,,0,0,,
3985,Blondie Hits the Jackpot,Blondie Hits the Jackpot,"Fired for messing up an important contract, Dagwood takes a job as a manual laborer for a construction firm while trying to get his old job back.",1949-09-08,66,en,Released,tt0041188,0.6479,6.667,3,False,False,/r3wBcpoc455mryLF52lHsG5OMHU.jpg,/dtNBdq2ccpHTZDVDjeWuprWA0ci.jpg,,Go nuts with the Bumsteads as...,0,0,177062,Blondie Collection
40916,Girl Crazy,Girl Crazy,"Rich kid Danny Churchill has a taste for wine, women and song, but not for higher education. So his father ships him to an all-male college out West where there's not supposed to be a female for miles. But before Danny arrives, he spies a pair of legs extending out from under a stalled roadster. They belong to the Dean's granddaughter, Ginger Gray, who is more interested in keeping the financially strapped college open than falling for Danny's romantic line. At least at first...",1943-11-26,99,en,Released,tt0035942,1.2849,5.543,23,False,False,/wPPmitiYoZlbqaNYqLZfG8O4Rzc.jpg,/3C7soqWQdNKcQuM26YfpOFc6vTj.jpg,,The Big Musical with Broadway Flair and a Western Air!,0,0,,
45720,Judas Priest: Rising in the East,Judas Priest: Rising in the East,Rising in the East is a live DVD of Judas Priest performing a concert in Tokyo's Nippon Budokan filmed in May 2005. Track listing The Hellion / Electric Eye / Metal Gods / Riding on the Wind / The Ripper / A Touch of Evil / Judas Rising / Revolution / Hot Rockin' / Breaking the Law / I'm a Rocker / Diamonds & Rust / Worth Fighting for / Deal with the Devil / Beyond the Realms of Death / Turbo Lover / Hellrider / Victim of Changes / Exciter / Painkiller Encores: Hell Bent for Leather / Living After Midnight / You've Got Another Thing Comin',2005-11-08,120,en,Released,,0.1578,6.0,2,False,False,/gu1j8v1W1S7wAM0azAh7NxZ6qUX.jpg,/2W9bZsMYYthxe6R26TTupLNhIDT.jpg,,"Nippon Budokan in Tokyo, Japan in May 2005",0,0,,
57205,Killer Bride's Perfect Crime,キラー・ヴァージンロード,"Hiroko is about to get married to the handsome Kenichiro when disaster strikes. Her landlord stops by the happy bride-to-be’s apartment where a pair of wayward scissors falls from a shelf and stabs him in the back as he bends forward to pick something up. His body begins to stiffen even before Hiroko realizes what has happened.  On the road to Mount Fuji where Hiroko intends to dump the corpse, something falls on the hood of her car out of the blue. That “something” is Fukuko Kobayashi (Yoshino Kimura), who is dying to… die. Fukuko believes that she is irredeemably unhappy and has endeavored to commit suicide again and again. As Hiroko and Fukuko begin their journey to abandon the corpse, a weird friendship begins to build.",2009-09-12,97,ja,Released,tt1504416,0.6496,4.9,8,False,False,/t5QdrGejmxpfozK8fenDMIcUM3G.jpg,/rVAFLtuKAarMbmrk7XtT2Fhv7JO.jpg,,,0,0,,
10081,The Principal,The Principal,"Burglary. Drugs. Assault. Rape. The students at Brandel High are more than new Principal Rick Latimer bargained for. Gangs fight to control the school using knives - even guns - when they have to. When Latimer and the head of security try to clean up the school and stop the narcotics trade, they run up against a teenage mafia. A violent confrontation on the campus leads to a deadly showdown with the drug dealer's gang, and one last chance for Latimer to save his career... and his life.",1987-09-18,109,en,Released,tt0093780,2.4191,6.459,307,False,False,/kwwDruwoHwNMY6tV7KOdVGcEusT.jpg,/4OH161N3H7SjKJXK0S6fzviLZap.jpg,,He's teaching the students at Brandel High two words... NO MORE.,11000000,19734940,,
82864,King Kong: Peter Jackson's Production Diaries,King Kong: Peter Jackson's Production Diaries,Academy Award - winning filmmaker Peter Jackson invites you behind the scenes of his latest movie to witness the birth of King Kong.,2005-12-13,232,en,Released,tt0800107,1.0199,7.5,38,False,False,/bTGMqzes9ZofcLgnLm4QdK8iFue.jpg,/xvdiZO5bEHLcnx4JUiImGQ5pckg.jpg,,,0,0,,
34340,American Eagle,American Eagle,"Twenty years ago, Vietnam turned three American boys into men, but amidst the horror, Johnny Burke cracked. When his friends, Max and Rudy, stop him from torturing an innocent Cambodian girl, he wheels on them and, aflame with hatred, vows vengeance.",1989-08-24,92,en,Released,tt0096802,0.71,3.714,7,False,False,/xpwDEJBAkCgx99oc2bSngbqU9Ar.jpg,/IAnSI9JGgg980weebXrNrTlHyZ.jpg,,The most dangerous mercenary in the world.,0,0,,
44099,Temptation,Temptation,"After marrying an archaeologist, a Victorian-era woman with a sordid past realizes that she is not ready to settle down with one man.",1946-12-02,98,en,Released,tt0039015,1.2744,5.0,13,False,False,/vNStIB3GFoErl3lFLYMrjyYh13V.jpg,/ot7ctsIJfVfBSdABmJoJ3UfgYXg.jpg,,YOU CAN'T RESIST IT!,0,0,,
14384,Soldier Blue,Soldier Blue,"After a cavalry group is massacred by the Cheyenne, only two survivors remain: Honus, a naive private devoted to his duty, and Cresta, a young woman who had lived with the Cheyenne two years and whose sympathies lie more with them than with the US government. Together, they must try to reach the cavalry's main base camp. As they travel onward, Honus is torn between his growing affection for Cresta.",1970-08-12,115,en,Released,tt0066390,2.7494,6.802,220,False,False,/2fRfVQpdrjAhvxwytG0scOqdQOJ.jpg,/296DBEB1l02sTcyqzHqbJF5wL70.jpg,,The most savage film in history!,0,0,,
11880,Dog Soldiers,Dog Soldiers,"A band of soldiers is dispatched to war games deep in the woods. When they stumble across a rival team slaughtered in camp, they realize they're not alone.",2002-05-10,105,en,Released,tt0280609,3.3516,6.715,977,False,False,/fYHUYWglzq8Ax0EaDWqg9emjL7T.jpg,/direyV1rkzuPZNR8k6Z3mHWK3hJ.jpg,,Six men. Full moon. No chance.,2000000,3537283,,
8372,Lonesome Cowboys,Lonesome Cowboys,Five lonesome cowboys get all hot and bothered at home on the range after confronting Ramona Alvarez and her nurse.,1968-11-01,109,en,Released,tt0063236,1.2234,5.0,13,False,False,/rxq2P6FBJtaxZMGW4wmxZC7znsv.jpg,/9MRxMw5hwhyHO7Dy0G6ogG8EKKf.jpg,,"This film may be a bit too much for many people, but that's their problem.",0,91299,,
72098,Sameer & Shaheer & Baheer,سمير وشهير وبهير,"The film revolves around three brothers of the same father, ""Munir dangerous"" . ""Samir"" (Ahmad Fahmy), is doubler of the artist Ahmed El Shakka in this films and ""popular"" (Chico) how loves music and is known for its relations with women, and ""Baheer"" (Hicham Maged), the son of an aristocratic family, the three brothers have was forced to travel together through time to the day met the father, three mothers, and through a series of events trying to comedy trio return to their time.",2010-09-09,120,ar,Released,tt1981057,1.1267,7.1,33,False,False,/uqs7hd7qXZk0Ih7bRq3rURn87lO.jpg,/v18VIIH0tP6ox33x4LqmgEKQkSY.jpg,,,0,1259361,,
50130,I'm All Good,U mě dobrý,"This Hrebejk’s comedy is set in Prague, four years after the democratic “Velvet revolution” of 1989. This was an era of sudden freedom, transition and confusion. Most people got carried away, quickly abandoning the old values and uncritically accepting the new. Some people just took a break…",2008-05-05,102,cs,Released,tt1288494,0.2045,5.4,13,False,False,/4rLvrij4N2YxQcu3sAP4GOFTeMx.jpg,/sKWS34HQbqzml32IGDHHpPbZKJx.jpg,,,0,0,,
75584,Boogeymen: The Killer Compilation,Boogeymen: The Killer Compilation,A compilation of clips from seventeen classic slasher films.,2001-10-02,58,en,Released,tt0289869,0.2751,5.333,15,False,True,/7qCqZHiCdBa6mFJ7aUyuHPPHkJg.jpg,,,The Scariest Boogeymen Ever to Appear on Film!,0,0,,
64264,Gloss,Глянец,"A pretty, young girl from a coal-mining town comes to Moscow with dreams of becoming a supermodel in this satirical look at the fashion industry.",2007-08-23,118,ru,Released,tt0907119,1.1449,5.2,23,False,False,/zVRskM54fGSjfGtvuLxJ0b9W0P0.jpg,/sZk4InRFU4fRWdXlcvNT62Yk8db.jpg,,Bitter comedy about dolce vita,2500000,4684165,,
61601,Good Day for It,Good Day for It,A man forced to abandon his wife and daughter years earlier must risk his life to settle an old score and reunite his family.,2011-04-08,89,en,Released,tt1565063,0.8678,5.5,11,False,False,/8g2XVDATOQxenJpTfslSjFNuK2u.jpg,/iUcBwAWsjEYGZz62bxmruCkm1g2.jpg,http://www.gooddayforit.com/,it's about respect.,2500000,0,,
99895,Street Girl,Street Girl,"A homeless and destitute violinist joins a combo to bring it success, but has problems with her love life.",1929-08-21,87,en,Released,tt0020458,1.0215,6.111,9,False,False,/cZcEL3SAjk1mN3zrJLeXLVn2A4t.jpg,/kvHoNeHm732BPpdtsVAY1x5hs7R.jpg,,Hear the gay little trouper who delighted you in silence play the violin on the screen for the first time,0,0,,
95136,Bruno,Bruno,"The story of a unique young boy genius, Bruno, whose expression of his own individuality leads his family and community along an emotional journey.",2000-04-16,108,en,Released,tt0123003,1.5625,6.5,33,False,False,/6gj9iMwlKZh3C4Q21q1qNu8idVE.jpg,/2vJe8fmPu5rxlH9lJlcHrj7bs2u.jpg,,The comedy that is long on originality and short on pants.,10000000,0,,
88737,The Glory Stompers,The Glory Stompers,"Chino is the tough leader of a motorcycle gang who starts off a war when he abducts and mistreats the leader of the enemy biker gang, Darryl, and his girlfriend Chris. Things get violent when Darryl comes back for revenge.",1967-11-22,85,en,Released,tt0061714,0.7502,5.3,15,False,False,/18nRXGWKBkgulTxXOCu0yGv6uVC.jpg,/qIjhU6MtbfjMoVbkEIwKeD0WNwT.jpg,,"STRADDLE YOUR HOGS and RIDE, MAN! The 'Black Souls' vs the 'Stompers'...in the deadliest gang war ever waged!",0,0,,
49995,The Gunslingers,The Gunslingers,"While roaming the wild plains on a quest to find a cache of hidden riches, sharp-shooting bounty hunter Butch (John Elliott) and his outlaw companions come across a deadly gang with supernatural powers in this stylized Western. As the hunt for the gold treasure becomes competitive -- and violent -- Butch, morally questionable Rattler Fenton (Brad Allen) and vengeful Akemi (Narisa Suzuki) must confront the evil and powerful Mondego (Ben Hall).",2009-06-17,89,en,Released,tt1404677,0.2132,3.2,4,False,False,/G8pMXuoK6cX0Vf0zOB4MEIRpqE.jpg,/7EFEuvZ9ATxqfOzCD9hZRqZM78P.jpg,,,0,0,,
38633,"Gu Gu, the Cat",グーグーだって猫である,"Asako, a comic book artist in her early forties, is devastated by the death of her precious cat, Saba, which kept her company for over 15 years, as her assistant Naomi watches on with concern. Naomi is a young woman in her early twenties, who has her set of worries about love and future. Then one day, Asako meets a new cat, Gu Gu, which brings new joy and vitality to her life. What is more, she finds potential for love in a man named Seiji. Like Asako, Naomi, too, embarks on a new life plan.",2008-09-06,116,ja,Released,tt1255872,1.3847,6.6,9,False,False,/4v03pLULsUYQuE8XwgB6W1IkNOZ.jpg,/uYFFEPxSv4ik0aWZKlzfI7onyCe.jpg,,,0,0,,
77378,The Little Polar Bear: The Dream of Flying,"Der kleine Eisbär - Neue Abenteuer, neue Freunde 2","After a long journey with new brown bear friend Lea, Lars finds his parents have become ill. While fetching medicine, Lars crosses the snow line for the first time and learns about the forest. With his parents cured, it’s time to relax until Yuri, the funny Puffin, drops in unable to fly. It’s up to Lars and his chillin’ chums to help Yuri head back to the skies where he belongs!",2003-03-27,76,de,Released,tt0353629,0.4671,8.8,5,False,False,/yyfhFa0corVjgBJ0fI2Shxd9YOi.jpg,/u8hMIzJPjGUFqR81UKW5deE85WG.jpg,,,0,0,9088,The Little Polar Bear Collection
58568,Aryan Brotherhood - Die Gefängnisgang,Aryan Brotherhood - Die Gefängnisgang,,,,de,Released,,0.0071,,,False,False,,,,,0,0,,
97762,Two Years at Sea,Two Years at Sea,"Inspired by the themes of Knut Hamsun’s ‘Pan’, Ben Rivers ventures deep into the remote forests of Aberdeenshire to document the routine of Jake Williams - a man seen in all seasons, living reclusively, surviving frugally, and passing the time with strange projects.",2012-05-04,88,en,Released,tt2359417,0.2963,6.1,17,False,False,/eBy5Y543lS3jhvcDNp4uBNDxLpI.jpg,/bneIOoQ5rn2vK8Bth3qzLm1va0b.jpg,,,0,0,,
44532,Antoine & Antoinette,Antoine et Antoinette,"1947, in France, Antoine and Antoinette, a young couple living in Paris, lead a monotonous existence: he works in a print shop while she is a shop assistant. But one evening, they regain hope: Antoine finds a winning lottery ticket in his girlfriend's handbag. He decides to cash it in, but loses his wallet. What follows is a series of twists and turns that redefine the couple's priorities while forcing them to remain optimistic.",1947-09-27,88,fr,Released,tt0039155,0.8521,6.174,46,False,False,/mQrx290OaYTgnuvcFaU0hFHBRlS.jpg,/9w8vUAcWmMQxejsyo884b9woVRz.jpg,,,0,9704,,
66974,The Invincible Eight,天龍八將,"Everyday when General Xiao and his men ride through the Imperial City, inhabitants have to scatter around in order to keep out of their path. One day when Lei plans to assassinate Xiao but gets hurt, another three fighters He, Jiao and Feng come out boldly to help him out. With the help of Zhu, a cook, He succeeds to escape whereas the other three are seized. Later on, He acquaints himself with the girl Gui. Along with another two girls, Hai and Jiang, these eight youngsters are the descendants of the late patriotic generals, who have been recently murdered. Gui suspects that Hai and Jiang are controlled by Xiao and sneaks into his manor. She meets the girls successfully, but she is seized. When Wan, Xiao's butler, urges his master to kill Hai and Jiang, Jiang overhears their conversation and tries to rescue all her friends. At last, the eight are united and try their best to fight against General Xiao and his men.",1971-01-22,95,cn,Released,tt0067854,2.2194,7.6,4,False,False,/wuGQs752Tq3GweUAJUymtBQqHbz.jpg,/ixkv7KT2Fi4XJZAtWqWsX0UyDoH.jpg,,,0,0,,
76580,BBS Wildlife - Leopard Krokodil,BBS Wildlife - Leopard Krokodil,,,,de,Released,,0.0472,,,False,False,,,,,0,0,,
51926,Ronald Goedemondt: Spek,Ronald Goedemondt: Spek,Registration of the first theatre program by the Dutch comedian Ronald Goedemondt.,2006-12-12,90,nl,Released,tt2064936,0.0862,6.0,1,False,False,/27pJMi6hfxNGsYcC3qBrgsTnA6G.jpg,/xqoWMFjjeJBnGB3NU5sTp5sdcwM.jpg,http://www.ronaldgoedemondt.nl,,0,0,,
85466,Lord Byron,Lord Byron,"Filled with a cast of eccentric characters, each pursuing dreams and missions of their own making, Lord Byron paints a kaleidoscopic portrait of the strange and lonely world of its title character, a middle-aged, late-20th century romantic who's confused and torn about his own ambitions and desires. --(c) Official Site",2011-05-06,95,en,Released,tt1779086,0.0671,5.0,2,False,False,/tqzlIlWaIcH92C5xBfHurqWsa7u.jpg,,,,0,0,,
48447,The Demons Among Us,The Demons Among Us,"A dark and creepy horror set in rural Victoria, Australia on the eve of Christmas in the small isolated town of Miranda Falls, a beautiful and suspicious quiet country town, but not for long! Joe Melton has just moved into town and soon discovers an evil presence lurking both in the dark forest and in his home. Being chased by demons and suspected of murder, Joe becomes a man on the run. The only other person to witness the devil's work first hand is a local girl by the name of Kylie Fitzgerald. She is unwillingly swept up in Joe's desperate plight and together they must try to survive the ensuing horror.",2006-07-13,82,en,Released,tt0869039,0.1046,3.5,4,False,False,/225iTSpv6G37AXXGJAYzvt0uJ9D.jpg,/snG2MUgVZr83hH59FzQlR5ykID3.jpg,http://www.demonsamongus.com/,Pray there is a God.,0,0,,
26580,4 Little Girls,4 Little Girls,"On September 15, 1963, a bomb destroyed a black church in Birmingham, Alabama, killing four young girls who were there for Sunday school. It was a crime that shocked the nation--and a defining moment in the history of the civil-rights movement. Spike Lee re-examines the full story of the bombing, including a revealing interview with former Alabama Governor George Wallace.",1997-07-09,102,en,Released,tt0118540,1.4823,7.245,51,False,False,/7kbV3fDjuy9dQmcuZuT9NKNAEix.jpg,/73yBuG9gH1GWCooeXaFxUoNXziL.jpg,,On that Birmingham Sunday the blood ran like wine,0,0,,
7456,The Cloud,Die Wolke,DIE WOLKE (The Cloud) is about a breakdown of a nuclear power station in Germany and the story of two teenager-lovers Hannah and Elmar who take refuge. 38.000 people die and Hannah unfortunately becomes contaminated.,2006-03-16,105,de,Released,tt0480083,1.6469,6.31,124,False,False,/gwep9xu87p5hXrCXEO3iDmuuwmo.jpg,/2pNwXhvBUAFOEIWrcs45mqHMubC.jpg,http://www.die-wolke.com/,,0,0,,
17469,The Cradle,The Cradle,"When Frank and Julie move to a small isolated town with their son Sam, both Julie and Sam become ill. Driven by terrifying nightmares of torture that come true Frank begs a local midwife Helen to care for Sam as he desperately searches for a way to stop this curse on his family.",2007-07-31,107,en,Released,tt0871020,0.2948,4.1,14,False,False,/uPBsRyAXdwh5nGdQ7ONuwKLeCvA.jpg,/za7gd75MOJCt0J2aXDdUAh5AYNO.jpg,,,0,0,,
5965,Scorcher,Scorcher,The only hope for humanity to survive a natural disaster is to detonate a nuclear bomb in Los Angeles.,2002-10-04,91,en,Released,tt0303017,1.5005,4.567,30,False,False,/hkyMlHqPwWFSSuDwuQLRlIhlWiv.jpg,/h72UnVD7EwXYc7BYAZvffrDjs7J.jpg,,Mankind Faces Earth's Final Days...,0,0,,
66241,Mannan,மன்னன்,"Circumstances force the union leader of a factory to marry his own boss, a rich and arrogant lady who has ulterior motives.",1992-01-14,162,ta,Released,tt0319813,0.3937,7.222,9,False,False,/sw0NWcFEsy7q7i8WqJ6S0dxROf6.jpg,,,,0,0,,
80391,Samba,సాంబ,Samba and Pasupathi vie for each other's blood due to an old family feud. Samba wishes to further his dad's dream of making education available to all but Pasupathi stands in his way.,2004-06-12,155,te,Released,tt0417106,1.1143,4.688,8,False,False,/l2nqtcrjgZTCXipNV6KVWgRsyyH.jpg,,,,0,0,,
60320,Bellator 5,Bellator 5,"Bellator V took place on Friday, May 1, 2009 in Dayton, Ohio. It was broadcasted nationally in the U.S. via tape-delay the following night on Saturday, May 2, 2009 through an exclusive television agreement with ESPN Deportes.",2009-05-01,,en,Released,,0.0256,,,False,True,,,,,0,0,,
48360,Killer Ice,Killer Ice,"Hear tragic and incredible tales which demonstrate just how dangerous ice can be in Massachusetts, Greenland, Newfoundland and other icy realms.",,,en,Released,,0.0261,,,False,False,,,,,0,0,,
65667,Wagtail's Army Fighting Again,Армия «Трясогузки» снова в бою,"A kids from ""Armiya Tryasoguzki"" are fighting ""whites"" again.",1968-12-23,85,ru,Released,tt0312381,0.629,6.5,6,False,False,/w7j6kOgDWLnk5ELKIlMVcJXZjYG.jpg,/fcPsGROjqb9VQ2dDhDMB6LRO6fF.jpg,,,0,0,903394,Армия Трясогузки (Коллекция)
79660,3,3,"Ram and Janani are high school sweethearts who eventually get married. However, Janani is mystified when Ram commits suicide all of a sudden and she tries to find out the truth behind his death.",2012-03-30,145,ta,Released,tt2123129,1.1939,6.682,66,False,False,/3JB3worSWdCp64oGxpncfotoAG0.jpg,/7FR9Srj28AWUAojaUVjSYn1rcp8.jpg,,,3231492,0,,
67130,Moving Day,Moving Day,"Donald and Mickey are overdue on their rent, so the sheriff is preparing to evict them and sell their belongings. Goofy the ice-man comes by and helps them move out before the sale, but their piano doesn't want to stay on his truck. Meanwhile, Donald has a fight with a plunger and a fishbowl after removing a heater from the gas line.",1936-06-20,9,en,Released,tt0027994,1.2029,6.27,50,False,False,/gUEUTs7EYg6h8q67QQvUwvTu73X.jpg,/mC3atWHenpqL7hPG7133NNc1d51.jpg,,,0,0,,
39822,The Ocean Hop,The Ocean Hop,"Oswald the Rabbit enters an airplane race with a makeshift aircraft and ends up riding a dachshund lifted into the air by balloons. Meanwhile, his peg-legged rival tries to cheat his way to victory.",1927-11-14,6,en,Released,tt0018212,0.3319,6.239,23,False,False,/oqwV79hKShIrG4xnyB33zrljvy.jpg,/fXQYb4j5RRF17nC7sitLbVZlUQN.jpg,,,0,0,,
63082,Melhores do Mundo: Notícias Populares,Melhores do Mundo: Notícias Populares,"Notícias Populares é o título do primeiro DVD que a companhia de comédia Os Melhores do Mundo lança pela Warner. Mais que isso, este trabalho celebra também a primeira vez que um grupo de teatro é contratado por uma gravadora. Notícias Populares apresenta uma visão bem-humorada e crítica desta entidade que faz parte de nosso cotidiano e direciona nossas opiniões: a notícia. O espetáculo soma ao todo oito cenas, entre elas ""Assalto (Erros de Português)"", um assaltante que não tolera erros gramaticais, ""10 de Setembro"", que especula sobre o dia anterior aos ataques de Bin Laden, e, como não poderia faltar, o famoso Joseph Klimber.",2007-01-01,92,pt,Released,,0.0707,6.7,5,False,False,/sgByeEDSgnHbIaZYFBuQVXkUHmS.jpg,,,,0,0,,
28795,Forbidden Siren,サイレン,"A writer moves to a remote island with his daughter and young son. After settling into their new home, a neighbor arrives to welcome them and give them a breakdown of the local rules; most important: do not go outside when the island's siren starts wailing.",2006-02-11,87,ja,Released,tt0494815,1.8991,4.952,52,False,False,/hzk76afyL80UvGf48ChlbIt4Wev.jpg,/7exC9YvRQKiOYRlW2l6qoRPHLRj.jpg,,It all began with a mysterious warning...,0,5835036,,
68012,Sir Arthur Conan Doyle: The Real Sherlock Holmes,Sir Arthur Conan Doyle: The Real Sherlock Holmes,"There are few characters from literature that take on a life of their own, but Sherlock Holmes, Sir Arthur Conan Doyle’s fictional detective, is definitely one of them. Come unlock the mystery of the man behind Sherlock Holmes and witness the birth of the greatest detective of all time in this fascinating, exclusive documentary.",2004-06-06,57,en,Released,,0.0882,,,False,False,,,,,0,0,,
27179,It! The Terror from Beyond Space,It! The Terror from Beyond Space,"The first manned expedition to Mars is invaded by an unknown life form, which stows away on the rescue ship.",1958-07-31,69,en,Released,tt0051786,1.434,5.854,113,False,False,/scPw7bBH3PDAHHT48W0fevQeMO8.jpg,/f2CGKEEkQ7q9j5bZ1545VTxRaOK.jpg,,The revelation shocker of things to come!,0,0,,
66555,"Super, Super Frank","Super, Super Frank","In this enthralling and EXCLUSIVE documentary, Frank Lampard looks back on his career at the club to date. He recalls the early days under Claudio Ranieri, the success under Jose Mourinho and the challenges that lie ahead. He also revisits his most important goals and achieve ments for the club. DVD extras include EVERY goal he's scored for Chelsea FC as well as a quiz revealing how much the player remembers about his successes at the club.",,,en,Released,,0.0516,4.5,2,False,False,/hN2FWl6nJ5owcT2Qra4ZjMOHgbq.jpg,,,,0,0,,
61244,The Bruce Movie,The Bruce Movie,"Shot entirely on 16mm, Super 8 and 35mm movie film, ""The Bruce Movie"" is an in-depth look at one of the most renowned surfers on the planet: Bruce Irons. Some have described Bruce as, ""A freak"", ""Unpredictably spontaneous"", ""Explosive"" and ""The deadliest guy on tour"". Bruce's uncanny tube riding ability and high flying aerial attack will leave you awestruck. Along his path, Bruce has won surfing's most prestigious event: The Eddie Aikau Big Wave Invitational. In the film you will also witness his frustrating first year on the World Championship Tour; in typical Bruce fashion, he waits until the last second to regain a spot on the WCT where he makes the final at one of his favorite waves: Pipeline. This first film on Bruce Irons will go down in history as a must have in every surfer's library.",2005-02-08,,en,Released,,0.1272,7.0,1,False,False,/FMQaNuDCmUxIK5Go6MXLAilYz5.jpg,/hInyK9etaSETOocA0Vp4qnXGFAM.jpg,,,0,0,,
31560,A Blueprint for Murder,A Blueprint for Murder,"Whitney Cameron is in a quandary: he's attracted to his beautiful sister-in-law, Lynn, but also harbors serious suspicions about her. Her husband, Cameron's brother, died under mysterious circumstances, and now that the death of her stepchild, Polly, has been attributed to poisoning, he suspects that Lynn is after his late brother's estate, and killing everyone in her way.",1953-07-24,77,en,Released,tt0045566,1.3016,6.197,38,False,False,/5YmRhrJoYoDR323X4Racm8s7dnd.jpg,/kNjW7UfqU7EH7QrA2yeAUR2O8tM.jpg,,He kissed her into the most sacred confession a woman can make!,0,0,,
75438,Beremennyy,Беременный,"To cure a man of his tendency to disbelieve people bringing him any kind of good news, God fulfils the man's wish to have a baby, but, instead of his wife, God makes him pregnant.",2011-09-08,81,ru,Released,tt1820462,0.7663,2.8,26,False,False,/uU9t8o8DnoGbzlQNjcQY3ZSkjZ.jpg,/6QxeUFTR78TmHyYO0Q2DssdB2JF.jpg,,,2000000,8000000,,
52292,Bella Dancerella - Swan Lake,Bella Dancerella - Swan Lake,"Join Bella on an enchanting Swan Lake Journey! Like a beautiful swan in a magical pond, come with bella dancerella and dance along! Learning the basic of ballet is fun and easy!",2006-06-01,,en,Released,,0.0168,6.0,1,False,False,,,,,0,0,,
73962,Mother Is a Whore,엄마는 창녀다,"Sang-Woo is a HIV positive 38-year-old man who lives in a small shed with his mother. His mother at the age of 60 began working as a prostitute to support herself and her son out of their small shed. Meanwhile, Sang-Woo works as her pimp - collecting payment and arranging appointments with his cellphone. Their clients include a paraplegic man and soldiers on holiday. Living through their difficult situation, Sang-Woo still carries a strong bond with his mother. Sang-Woo also harbors intense anger within. His father abandoned them and then remarried into a seemingly normal family. But actually, his father married a woman who is a religious fanatic and their son always locks himself away in his room. Sang- Woo often meets their daughter (his step-sister) for drinks outside of a Buddhist temple. Can Sang-Woo ever find a way out for himself and his mother?",2011-03-31,95,ko,Released,tt2171981,0.62,6.8,11,False,False,/nGuYYLJIRGyp1wtIhwLFQcgUdij.jpg,/3aYPPXo14mtco3GGwpoxtyAio1D.jpg,,,0,0,,
15138,Little Monsters,Little Monsters,A young boy is scared of the monster under his bed. He asks his 6th grade brother to swap rooms for the night as a bet that the monster really exists. Soon the brother becomes friends with the monster and discovers a whole new world of fun and games under his bed where pulling pranks on kids and other monsters is the main attraction.,1989-08-25,102,en,Released,tt0097758,2.3049,5.85,214,False,False,/ynQT9NA4SBfoswIRkyrwqHe4aBz.jpg,/1zE5hF4ZsOzruEaWYq3oZ0qnUW6.jpg,,They cause all the trouble. But you’ll have all the fun.,7000000,793775,,
63426,Once Upon a Time in Tibet,西藏往事,"Set during the Second Sino-Japanese War(1937-1945), the US army brings supplies to China by flying over the Himalayas. A love story then ensues between an American pilot and a Tibetan girl who saved his life when his airplane crashed.",2010-11-12,97,zh,Released,tt1774514,0.5517,6.7,3,False,False,/1S1eHTUK75j3tMOCWOzfu7T0XpQ.jpg,/8VO7tl47JvwsK5RUafHogN3LWCp.jpg,,,2000000,0,,
37461,Arrest Bulldog Drummond,Arrest Bulldog Drummond,The invention of a machine that can cause remote explosions brings the attention of Scotland Yard and Bulldog Drummond.,1938-11-25,58,en,Released,tt0031054,0.8621,6.786,14,False,False,/gXeCUeRNz1N3kj0GInNYpD50PHI.jpg,/x7yfhqEQSSllQz9iTz20bUzz2RQ.jpg,,TRAPPED! What is the invisible death that strikes from afar? What is the mystery of the flickering light? Who is the woman that witnesses a killing and vanishes? It's Drummond's greatest case...and your biggest thrill!,0,0,560254,Bulldog Drummond (John Howard) Collection
46431,The Education of Shelby Knox,The Education of Shelby Knox,"A 15-year-old girl's transformation from conservative Southern Baptist to liberal Christian and ardent feminist parallels her fight for sex education and gay rights in Lubbock, Texas.",2005-06-21,76,en,Released,tt0427206,0.1845,5.3,10,False,False,/lwnhnFUi4yAa9NONk7X74OOpy98.jpg,,,,0,0,,
49642,Dance of the Drunk Mantis,Nan bei zui quan,"A year after training young Jackie Chan in the Drunken Fist, Sam the Seed discovers he has a son, Foggy. He tries to train Foggy but to no avail. Foggy is then trained in Drunken Fist from his uncle as he must face his father's rival, Rubber Legs, another Drunken Fist master who combines it with Mantis Fist to create a deadly style.",1979-06-26,94,cn,Released,tt0079609,1.9452,7.287,68,False,False,/jNOdUZHi7MKhFTq88ZIRqSGrQD3.jpg,/9G8MM6gylR68Q64tbGPcFaKWCB5.jpg,,,0,0,,
50394,Nite Tales,Nite Tales,"Nite Tales is a horror anthology introduced by Flava Flav that includes two movies, Karma and Storm. ""Karma"" teaches four young thieves that crime does not pay. In ""Storm"" college students learn that an urban legend may be more than just a story.",2008-10-30,93,en,Released,tt0902312,1.0372,4.3,9,False,False,/2a5SIBQ9awKL2LQIcyky2h9Dgx7.jpg,,,The Fright Fest You've All Been Dying For!,450000,0,,
47971,xXx: Return of Xander Cage,xXx: Return of Xander Cage,"Xander Cage is left for dead after an incident, though he secretly returns to action for a new, tough assignment with his handler Augustus Gibbons.",2017-01-13,107,en,Released,tt1293847,15.1759,6.132,9206,False,False,/hba8zREJpP1AYhaXgb2oJLQeO0K.jpg,/cFcXilLbI7yjPIYB58AZiOyUnoh.jpg,,"There are no more patriots, just rebels and tyrants.",85000000,346118277,52785,xXx Collection
71743,Mystikal,Mystikal,"In a last era, in an imaginary world dominated by shadows, three get conquer evil wizards and place in three boxes of Pandora. Every magician must save their life and protect each of the boxes containing: war, plague and famine. If the ghosts manage to break free, will open the gates of hell.",2010-12-03,90,es,Released,tt1744879,0.2203,4.1,7,False,False,/wDBTQaNtPYYzffPh8G4zcAwNm0S.jpg,/eAuJbRkkB3l5y5A6wGicsDCdpWd.jpg,,,0,0,,
33926,Hellbinders,Hellbinders,A supernatural battle for souls plays out on the streets with lots of guns and knives.,2009-01-01,87,en,Released,tt1339307,0.6671,3.8,13,False,False,/6sjPq56VSL9AH9M7aPjHp84Cvdv.jpg,,,,0,0,,
11692,The Adventures of Pluto Nash,The Adventures of Pluto Nash,"The year is 2087, the setting is the moon. Pluto Nash, the high-flying successful owner of the hottest nightclub in the universe, finds himself in trouble when he refuses to sell his club to lunar gangster Mogan, who just happens to be helping the mysterious Rex Crater mastermind a plan to take over the entire moon.",2002-08-16,95,en,Released,tt0180052,2.2852,4.394,528,False,False,/96vvhLWWDosS1zRrfQ6XEGAzByL.jpg,/lEGw5YRSN4WVY51Hadytked78nG.jpg,,The MAN on the Moon.,100000000,7103973,,
54552,San Antonio,San Antonio,"While a terrorist epidemy strikes the world leaders, the commissaire San-Antonio and his partner, the lieutenant Bérurier, have to escort the French ambassador in a British hotel. But after a negligence of Bérurier (one more little sex affair...), San-Antonio witnessed, helpless, to the ambassador's abduction, organized by a gorgeous Italian girl. Back to Paris, San-Antonio is dismissed by the police chief, Achille Hachille. A real godsend for Bérurier, who get promoted... But soon, the situation degenerates, when the president of the Republic mysteriously disappears. Immediate reaction from Police Minister : San-Antonio is the only one who can save the day. He has 48 hours and a secret squad to find the president. At the Elysée, San-Antonio finds Bérurier, the official investigator. But now, it's every man for himself : who will be the first to find the President ?",2004-07-21,95,fr,Released,tt0375040,1.0549,3.49,51,False,False,/z8Z2sICArSBGJKkok3RKUOjoOro.jpg,/738rmAv5TNCgf86vD26O09nIKDl.jpg,,,0,0,,
79149,Heaven 17: Penthouse and Pavement - Live in Concert 2010,Heaven 17: Penthouse and Pavement - Live in Concert 2010,"Celebrating the 30th Anniversary of the band's debut album, Penthouse and Pavement, combines the bands full live concert filmed in Sheffield in March 2010, with never-seen-before documentary and rehearsal footage. Also included is a unique collection of all the digital videos used as the back drop to the live show, set to the accompanying live audio from the performance. Each video was commissioned by a different visual artist and includes some of the biggest and talented up-and-coming artists from the worlds of digital and graphic design, fine art and film. A must for any fan, featuring 19 classic tracks, including Temptation, (We Don t Need This) Fascist Groove Thang and a cover version of the Human League s Being Boiled Penthouse and Pavement Live in Concert perfectly captures one of the most influential bands of their generation, as relevant and exciting today as they were when they first formed.",,90,en,Released,tt1545758,0.0676,,,False,False,/um00386jkXttG19BUfR5H0gUN3C.jpg,,,,0,0,,
68594,Berlin - Ecke Schönhauser...,Berlin - Ecke Schönhauser...,"The corner Schönhauser Allee in East Berlin is the main meeting-point for a group of adolescents. Dieter is a construction worker who falls in love with Angela. She, in turn, spends time with the clique whenever her mother is occupied with her new lover. ""Kohle"" stays away from home to avoid his dad's alcohol problem, and Karl-Heinz is on his way to becoming a small-time criminal. Due to their interest in western music and culture they are regarded as no-goods and rowdies. Things get interesting when an incident forces Dieter and ""Kohle"" to escape to West Germany. Written by c.winter",1957-08-30,81,de,Released,tt0050182,0.6401,6.531,16,False,False,/w1E8kq8OYW11qBQDFjvJ76Jzxjg.jpg,/p1ZEDsTdzlKfiILnfCekeEfBSKO.jpg,,,0,0,,
55058,Love Is All There Is,Love Is All There Is,"The Malacicis, a hard-working Italian family recently immigrated from Florence, open a fancy restaurant in the Bronx, N.Y., drawing the ire of another clan. Mike and Sadie Capomezzo, equally hard-working Sicilian caterers from the area, find they cannot stand Piero  and Maria Malacici. But things get complicated when the Malacicis' daughter, Gina, and the Capomezzos' son, Rosario, fall in love.",1996-05-10,105,en,Released,tt0116928,1.1796,5.188,16,False,False,/tXaewq2LMjTJmZLTuKEM6LJhBo2.jpg,/gWLEQEFElvjpQX0IXJRmAOa4xha.jpg,,Love is all there is… until your parents find out.,0,0,,
52175,Sewage,Kanal-i-zasyon,"Imdat is a poor, uneducated, working class window cleaner who has migrated to the big city. As he cleans the windows of the private TV channel Kanal I, the president of the channel, Berk, discovers that Imdat has an uncanny ability to sense what program will yield the best ratings and what is likely to be panned by audiences, thus Berk begins milking Imdat's unique ability to score ratings. Soon Imdat finds himself replacing the president and leading the TV channel. He goes on to produce some truly tasteless and exploitative programs that enjoy massive ratings, eventually becoming part of the dirty media games himself.",2009-11-05,90,tr,Released,tt1514831,0.1442,5.0,37,False,False,/ljaqj5VRmIGYtmZc51RMw7l44u4.jpg,/jeXBKVsRYuhAprjhziwH3lQD3rP.jpg,,,0,0,,
48442,Perversion for Profit,Perversion for Profit,"Centered around a vehement diatribe against pornography delivered by news reporter George Putnam, the film attempts to link explicit portrayals of human sexuality to the subversion and decline of American civilization, and briefly draws a parallel between pornography and Communist infiltration. Perversion for Profit illustrates its claims with still images taken from various softcore pornography magazines of the period-- though, 'sensitive' parts of the human anatomy have been obscured by colored bars. The film is in the public domain, and has become a popular download from the Prelinger Archives.",1965-01-01,31,en,Released,tt0386713,0.5472,3.5,10,False,False,/e0sVFjSGzT4Cf0WnslrcP2rdzqq.jpg,/3fPqpBK5esNUsMA7VUbUvixfomZ.jpg,,,0,0,,
53150,C.H.U.D. II: Bud the Chud,C.H.U.D. II: Bud the Chud,"A military experiment to create a race of super-warriors goes awry, as legions of murderous zombies are unleashed upon a suburban neighborhood.",1989-05-05,85,en,Released,tt0097001,1.4188,4.364,88,False,False,/zQWaE9q97jXzzRGEHzLXu9Cq4an.jpg,/vJZYvZ5qwn3g7WrNrUbgE0uaTwo.jpg,,This C.H.U.D.'s for you!,49200000,62405000,257571,C.H.U.D. Collection
89185,Radio Rebel,Radio Rebel,"High school senior Tara is so painfully shy that she dreads speaking to anyone in the hallways or getting called on in class. But in the privacy of her bedroom with her iPod in hand, she rocks out -- doing mock broadcasts for Miami's hottest FM radio station, which happens to be owned by her stepfather. When a slot opens up at The SLAM, Tara surprises herself by blossoming behind the mike into confident, ""Radio Rebel"" -- and to everyone's shock, she's a hit!",2012-06-09,90,en,Released,tt2008633,2.3048,6.18,841,False,False,/wycDdx2BrdNKlyTZoZT8uLeu6dq.jpg,/nuhKYERTbwHmQPoqhl2AuzP2XPM.jpg,http://tv.disney.go.com/disneychannel/originalmovies/radiorebel/,Can the girl who never speaks... Become the voice of a generation?,0,0,,
38609,Red Sien,Rooie Sien,"After her mother -- a prostitute -- is murdered by her father, Sien is raised by her grandparents. Instead of a bourgeois life with grocer's son Gerrit van Buren, she chooses for an adventurous life with toutman Jan Meier. She follows him and becomes a revue artist in an Amsterdam cabaret, until her father comes to see her...",1975-03-27,108,nl,Released,tt0073635,0.7989,5.667,3,False,False,/pV2fLaEdCfZig3OYDxTn4eQ4WVy.jpg,/42EQmUmHbRH4tAHZ5jMIk3dLGqU.jpg,,,0,0,,
6202,Thri3ller,Thri3ller,,2003-06-02,12,en,Released,,0.1253,,,False,False,,,,,0,0,,
87751,Mommy,Мама,"After Polina, a mother of six, loses her husband, who went to jail for stealing charcoal and was killed when he tried to escape, she stays behind without any support. To be able to survive, Polina and her family start a folk group. But soon she understands that her children deserve a better fate, and she takes the desperate decision to steal a plane and go abroad... Fifteen years later, Polina is released from prison and finds out that fate has scattered her children all over the country: one is in the army, another is a miner in the Donbass, and the oldest, Lyonchik, who used to be in a mental institution, now pretends to be insane. Polina gathers all of her sons to free their older brother from the psychiatric hospital...",1999-03-31,100,ru,Released,tt0163084,0.608,5.652,23,False,False,/qnCNeBNmqwnwAr2znaU2CP4myk7.jpg,/ixhsKSnCkZPVAfsIfFasggagHu3.jpg,,A chronicle of a Soviet family folk-band founded by a mother of six.,0,0,,
44594,Barry Munday,Barry Munday,"Barry Munday, a libido-driven wage slave who spends all his time either ogling, fantasizing about, or trying to pick up women, wakes up in hospital after a freak attack only to find that his testicles have been removed.",2010-03-13,95,en,Released,tt0482461,1.6252,5.774,95,False,False,/ctHpUBRpnuGtwF4mYkKQVdjG8NI.jpg,/9U3nxOse41f03OACTXU0NaO18pI.jpg,,A comedy that hits you right where it counts.,0,0,,
39528,Ray Harryhausen: The Early Years Collection,Ray Harryhausen: The Early Years Collection,"For over a half century, Ray Harryhausen has amazed and inspired countless filmmakers and fans around the world with his breathtaking motion picture effects and stop-motion animation. Presented here for the first time ever is the authorized collection of his earliest work, along with hours of supplemental features.",2005-01-17,233,en,Released,tt0449636,0.6393,8.0,3,False,True,/3nJ2b2kzO6U7hxjJrRHc47GvCgc.jpg,,,,0,0,,
4940,The Night of the Grizzly,The Night of the Grizzly,"Marshall ""Big Jim"" Cole turns in his badge and heads to Wyoming with his family in order to settle on some land left him by a relative. He faces opposition both from a neighbor who wants that land for his own sons, and from a grizzly bear nicknamed ""Satan"" who keeps killing Cole's livestock.",1966-04-20,108,en,Released,tt0060754,1.6048,5.935,31,False,False,/kt23CmHdXll4T4lvjPLltmbzwKc.jpg,/8GCJyIRihJR55PdZy0uQTZ94f3M.jpg,,,0,0,,
19112,The End of Suburbia: Oil Depletion and the Collapse of the American Dream,The End of Suburbia: Oil Depletion and the Collapse of the American Dream,"Since World War II North Americans have invested much of their newfound wealth in suburbia. It has promised a sense of space, affordability, family life and upward mobility. As the population of suburban sprawl has exploded in the past 50 years Suburbia, and all it promises, has become the American Dream. But as we enter the 21st century, serious questions are beginning to emerge...",2004-01-12,78,en,Released,tt0446320,0.3611,7.25,24,False,False,/lu7EEyGKJkhBHErTWJkCB2wwGan.jpg,,http://www.endofsuburbia.com/,,0,0,715130,The End of Suburbia Collection
70716,Mando Diao: The Malevolence,Mando Diao: The Malevolence,Bonus DVD to the 2009 Greatest Hits and B-Sides Release.,2009-10-09,,en,Released,,0.0143,5.0,1,False,False,/gkI2LBPJrG9QMHR8SEHqpV9JYhz.jpg,/r8LXoNKIvfvjn2FIrLgwMFLNC4Y.jpg,,,0,0,,
78771,Amaran,Amaran,,1992-01-16,135,ta,Released,tt10713436,0.4414,,,False,False,/6UhejYX4FbMWUWb89UoykKNCKMn.jpg,/innWqFlY2aO36M1Uq5DVjkt7TJq.jpg,,,0,0,,
99261,The Bloodstained Shadow,Solamente nero,"A schoolgirl was murdered seven years ago, and the case was never solved; now, the murderer seems to be back.",1978-06-02,109,it,Released,tt0078288,1.2214,6.208,48,False,False,/1BeYs9TuxUDCuMTqywwmBwKZhGo.jpg,/otb0Qr7dgdS3fiPkJq3txaruFLI.jpg,,Once the killing had started… it could never stop!,0,0,,
27065,The Voyeur,The Voyeur,"The passion is gone from Brenda and James's ten-year marriage; he's into his corporate law career and she's a successful businesswoman, but she'd like the magic back. She takes the advice of her European aunt Lydia, and she books a weekend getaway at a Napa County resort. It takes her awhile, but she finally gets James to stop thinking about business. She asks him if he's had any fantasies, and he admits to thinking about watching her with a lover, so on the second night of their stay, she arranges for him to hide behind a mirror in the room while she goes in search of the inn's recreation director. Will it bring fire to their marriage, and what about her fantasy?",1997-01-01,90,en,Released,tt0114877,1.1595,3.0,4,False,False,/dwjNSABO7l83DlRcKqeeMea0zlH.jpg,,,,0,0,,
672,Harry Potter and the Chamber of Secrets,Harry Potter and the Chamber of Secrets,"Cars fly, trees fight back, and a mysterious house-elf comes to warn Harry Potter at the start of his second year at Hogwarts. Adventure and danger await when bloody writing on a wall announces: The Chamber Of Secrets Has Been Opened. To save Hogwarts will require all of Harry, Ron and Hermione's magical abilities and courage.",2002-11-13,161,en,Released,tt0295297,19.339,7.7,23467,False,False,/sdEOH0992YZ0QSxgXNIGLq1ToUi.jpg,/1stUIsjawROZxjiCMtqqXqgfZWC.jpg,https://www.warnerbros.com/movies/harry-potter-and-chamber-secrets,Something evil has returned to Hogwarts!,100000000,876688482,1241,Harry Potter Collection
52142,The Voice,Ses,"Derya works in a bank's call centers to support her elderly mother. One day her life is suddenly turned upside down as she begins to hear a strange voice whispering to her. The source of the voice is a mystery and it tells her things and facts no-one else would know. Word gets out, and many in the community start to believe she is receiving messages from the divine. But soon the voice starts to become louder and louder, its tone becomes more and more threatening and Derya’s life starts spiraling into a nightmare.",2010-03-05,97,tr,Released,tt1601901,0.263,6.1,8,False,False,/wfnptlezcm1GBEikgZb2X0vN9R5.jpg,/5emJZpf4Qiiv5T32eIOqzi1oCZT.jpg,,,0,0,,
71547,Fascination,Fascination,"Young Scott Doherty (Adam Garcia) gets suspicious when his mother (Jacqueline Bisset) plans to wed Oliver Vance (Stuart Wilson) soon after her husband's untimely death. Scott investigates with Oliver's pretty daughter, Kelly (Alice Evans), who shared Scott's doubts about the upcoming nuptials. Along the way, he falls in love with Kelly, but a fatal explosion turns Scott's life upside down - and the evidence points to him as the murderer. Has he been framed?",2004-10-13,95,en,Released,tt0305632,0.9214,4.0,21,False,False,/h9IsB1pv6U7H4bEUiKG92VXlNrn.jpg,/2jwJtiw4lZ55iPftK6Opy1kUNoK.jpg,,,5000000,16670,,
56100,Lisa Lampanelli: Take It Like a Man,Lisa Lampanelli: Take It Like a Man,"Called ""Comedy's Lovable Queen of Mean"" (New York Times) and ""Howard Stern on estrogen"" (Toronto Star), Lisa Lampanelli is the insult comic for a new generation. Now, with a onehour special airing on Comedy Central, she makes her major-label debut with that same outrageous, in-your-face performance on CD and DVD with Take It Like A Man, recorded live at The Improv in Hollywood, FL. Shocking and hilarious, no-holds-barred and politically incorrect, Lampanelli is Don Rickles with breasts and major PMS.",2005-08-30,59,en,Released,tt0777243,0.103,6.4,8,False,True,/uQkrB0wylAyMLWlXk6ItrYJAf9g.jpg,,,,0,0,,
75809,Crazy Wisdom Saves the World Again,Crazy Wisdom Saves the World Again,"Friends! Earthlings! Humans! Who are we, why are we here, and how did we get into the mess we’re in? Is there any hope for us and our species? In this unique comic monologue, Wes Nisker explores the foolish human condition and the joys and sorrows of living in the modern age. He reveals the secrets of the Big Bang and anti-matter, explores the issues of war, species extinction and global warming, and exposes the true heart of the New Age spiritual movement. Mr. Nisker places today’s headlines in the context of biological evolution and all of human history, and thereby offers us the relief and laughter that only vast perspectives can bring. This is comedy for the rest of us.",,75,en,Released,,0.0071,,,False,False,,,,,0,0,,
48643,Piccadilly Jim,Piccadilly Jim,"Set in the 1930s, an American with a scandalous reputation on both sides of the Atlantic must do an about-face in order to win back the woman of his dreams.",2004-11-01,97,en,Released,tt0371878,1.3018,6.611,18,False,False,/aK2XHepPUa1RlGky2Frk6ea7k7y.jpg,/4YGUOCc0xv2hFRVWR9Pb96voOjK.jpg,,What's Wrong with Love?,0,0,,
20472,Saturday the 14th,Saturday the 14th,"After his family moves to a new house, a young boy discovers a mysterious book that details a curse hanging over the date of Saturday the 14th. Opening the book releases a band of monsters into the house and the family must join together to save themselves and their neighborhood.",1981-10-30,76,en,Released,tt0083033,1.1684,5.087,109,False,False,/e7FmmDumVkPxr9urQABScaOSEAQ.jpg,/6ZfxLHlCyTvFodA49BXIN6VzQHg.jpg,,Just when you thought it was safe to look at the calendar again.,0,0,1236913,Saturday the 14th
67373,This Thing of Ours,This Thing of Ours,"Using the Internet and global satellites, a group of gangsters pull off the biggest bank heist in the Mafia's history.",2002-01-25,100,en,Released,tt0338497,1.2842,4.0,6,False,False,/rS7neBxeRMBeN8095SZnUZTrtQN.jpg,,,,0,0,,
63445,Multishow ao Vivo: Ivete no Maracanã,Multishow ao Vivo: Ivete no Maracanã,"This Ivete Sangalo concert at Rio de Janeiro's legendary Maracanã Stadium, and the subsequent DVD/CD releases, constituted the year's main event in Brazilian pop music. Sangalo rose to fame with the axé band Banda Eva, and since 1999 has embarked on an unstoppable solo career, making her the undisputed queen of pop in Brazil in terms of sales and popularity, as well as gathering countless industry and society awards. Accordingly, Sangalo put on a show at the Maracanã that should leave no one envious of the megaconcerts offered in Rio by Madonna, Michael Jackson, and the Rolling Stones. Alternating some of her many hits with new songs or new versions of old material, Sangalo burns through the set with her characteristic enthusiasm and infectious star magnetism, incessantly cheered on by an adoring audience of 55,000. The album has sold over 800,000 copies in Brazil (being certified Diamond), and features the single ""Deixo"". Recorded on December 16, 2006.",2007-04-21,116,pt,Released,tt33028819,0.1007,9.0,11,False,False,/1Vbpdv6vYNsytQdFnip2yNBhujF.jpg,/vQuVQVhdBUBD9lKb6uaueLf3DdU.jpg,,,0,0,,
72541,Killer Deal,Killer Deal,"In the distant future, the gap between rich and poor has become immeasurable. Wealthy enclosures like Parkland, home of medical pioneer Dr. Roland Parker, are home to few. With medical technology, Parkland's rich are able to buy their immortality through organs from the poor. When Detective Quinn is assigned to capture an escaped donor from his slum, he unknowingly becomes a donor for Parker. As his days alive diminish, Quinn races to expose a conspiracy fueled by the murder of innocent people.",1999-03-25,90,en,Released,tt0175962,0.9508,7.0,1,False,False,/m9Ls9ekDnMv9cqR4y6AG7glWSsi.jpg,/ApdKA4lbjRYs8AZAUzGZT76pxYq.jpg,,He is the Future,0,0,,
61994,EKV: As It Once Was,EKV: Kao da je bilo nekad,"""Kao da je bilo nekad"" is a documentary about band Ekatarina Velika (1981 - 1994). The band had a profound influence on the ex-Yugoslav scene of the 1980s and ended unusually tragic five members of the creative core of the band died between 1992 and 2002 from heroin abuse. The film comprehensively presents the band career with a particular attention to individual destinies of its members while trying to pose the question - who is actually to blame for their early death.",2009-09-01,115,sr,Released,tt1512683,0.1108,7.5,1,False,False,/zjGQj8KcACmWKtfOqBurJMHkjOl.jpg,/lx5i8gdIEBx6evc8QWpWisJ1bwD.jpg,,EKV,0,0,,
86462,The Candy Tangerine Man,The Candy Tangerine Man,"Sunset Boulevard is a lucrative place to work for the Black Baron, a pimp with a distinctive red and yellow Rolls Royce and plenty of girls on his books. He don't take no mess from his girls, his madam or his competitors and viciously defends his patch. First, he clobbers the Mob who attempt to move in on his patch. Second, he tracks down one of his girls who runs off with a suitcase full of his cash. Third, he disposes of two policemen. But by now he knows his pimping days are numbered, so after a final explosive gun battle he switches to being his alter ego, mild-mannered businessman Ron who lives out in the leafy suburbs with an unsuspecting wife and family.",1975-05-01,95,en,Released,tt0072759,0.6945,5.0,12,False,False,/7B6NNc4iMcb6kXNduShAREl4rGz.jpg,/qfPhtDBhBYXzksQrw4RT4jrVeAD.jpg,,Git Back JACK--Give him no JIVE...He is the BAAAD'EST Cat in '75,0,0,,
78126,Man Who Cried for Revenge,Il Suo Nome Gridava Vendetta,"A Civil War veteran is amnesic after being shot in the head. When he returns to his hometown, he finds out that he has been declared a deserter. The local judge offers him a chance to clear his name, but he only wants to send him against some dangerous outlaw and his gang.",1968-07-28,100,it,Released,tt0144626,0.6061,4.333,9,False,False,/4q7LX7E6wvvJQ0kA4OLJpSHrSVf.jpg,/sycku95SFQGZZrAvULzI51B8utv.jpg,,His Bible is the Colt!,0,0,,
37128,Jolly Fellows,Весёлые ребята,"Merry Fellows was the first Soviet musical comedy. Set in Odessa and Moscow in the 1930s. Shepherd Kostya Potekhin (Utyosov) is mistaken for an international concert star. He falls in love with Anyuta (Orlova) and plays the ""star"" for her. In a cascade of comic musical numbers he becomes the leader of a Jazz-Band and gives a hilarious show at the Odessa Music Hall. Now he is destined to perform at the Bolshoi Theatre in Moscow.",1934-12-09,96,ru,Released,tt0025946,0.851,6.35,20,False,False,/7ws1Wkrq1vHFe6n9eY1F10oMbrH.jpg,/9K4dDhCV5ZnwYZqFufoe4L70xXU.jpg,,,0,0,,
58741,Auguri professore,Auguri professore,"Professor Lipari teaches in a public school and is in a full-on existential crisis. He has no faith in himself and in the possibility of changing the world for the better. At school, a former student of his who is also a teacher will change his attitude.",1997-12-19,105,it,Released,tt0122385,1.0107,6.373,59,False,False,/vZWOYuT2qYvRy8I3ypnyrINdpj4.jpg,/54C4cVavB0BcCgRqUw4nxArSt9J.jpg,,"This Christmas, school isn't over",0,0,,
75792,Africa Unite: A Celebration of Bob Marley's 60th Birthday,Africa Unite: A Celebration of Bob Marley's 60th Birthday,A documentary about the family of the late Bob Marley and their first trip to Ethiopia to attend the annual Africa Unite concert.,2008-01-29,88,en,Released,tt0993744,0.0694,,,False,False,/9ugrkeQ7NVH2Q3pJsvi84EJdvgx.jpg,/pxALqjobjHXim65BHOkkRzs9Di0.jpg,,,0,0,,
24562,Six Degrees Could Change The World,Six Degrees Could Change The World,NGC visualizes in spectacular HD the devastating ecological impact each single degree increase in temperature could have on our planet over the next century.,2008-01-01,90,en,Released,tt1224519,0.5413,6.5,11,False,False,/xKMvf95CAW3BBNMpuB2CcS9K0iE.jpg,/f1ijmTVEWH0KUK8UKEcq85TPJrq.jpg,,,0,0,,
11132,Confessions of a Teenage Drama Queen,Confessions of a Teenage Drama Queen,"After moving to New Jersey, Lola bags a coveted role in a school play, which earns her the wrath of Carla, the most popular girl in school, who will do anything to ruin Lola's life.",2004-02-17,90,en,Released,tt0361467,2.1608,5.721,948,False,False,/nQA9Ozh9ftLQyJvuKy6sl5zSlH2.jpg,/z5r8XnWFWTD0shvIlR9yCn85Lna.jpg,https://movies.disney.com/confessions-of-a-teenage-drama-queen,"So much drama, so little time.",15000000,29331068,,
14557,Dead Man on Campus,Dead Man on Campus,"Two college roommates venture out to identify a fellow student, who is most likely to commit suicide as it will help them pass the semester.",1998-08-21,96,en,Released,tt0118301,1.9318,5.441,160,False,False,/mTr7ARy7lj8ggvg6snLWDo3CnEu.jpg,/sZfK9Gy0mHbGjPte0lgXTprmIsI.jpg,,Roommate Wanted... For a Limited Time Only.,14000000,15100000,,
87790,Brotherhood of Death,Brotherhood of Death,"A group of Black soldiers are home from the war and head to a small Southern town. The town is dominated by a group of Klansmen who keep the Black majority from voting or being treated like human beings. However, these newcomers convince the local population to register to vote so they can take back power and achieve justice. When hundreds show up to register, the Klan responds with violence. Eventually, though, the Black community has little choice other than fight back and the film ends with a small war between these combat vets and the Klan.",1976-09-14,85,en,Released,tt0207359,0.4783,5.75,12,False,False,/6sc156Zlu477KMKZGUqF3gHZtLe.jpg,/md97C4DgENxjgKg7RDFFt2izi6L.jpg,,Watch the brothers stick it to the Klan!,0,0,,
11285,Cocoon: The Return,Cocoon: The Return,"The reinvigorated elderly group that left Earth comes back to visit their relatives. Will they all decide to go back to the planet where no one grows old, or will they be tempted to remain on Earth?",1988-09-13,116,en,Released,tt0094890,2.7425,6.477,1018,False,False,/xBsXdBl8qCXoQsWX6vfsVjWOMGk.jpg,/hvMbN6oWjXo2pv3c8IpfkFetvtX.jpg,,Journey to the most wonderful place in the universe... home.,17500000,25000000,86307,Cocoon Collection
81178,When You're in Love,When You're in Love,"An Australian opera singer hires a husband so she can work in the U.S.  Moore sings ""Minnie the Moocher"" in one scene.",1937-02-12,110,en,Released,tt0029761,0.8141,6.875,8,False,False,/4W9KrV13u4efVfcWjFeyDVxZC5X.jpg,/aoE0EZIgC5t7Xzm5euNQPQhI0Ia.jpg,,"From ""Minnie the Moocher"" to ""Shubert's Serenade""...She's terrific! In a mad, merry yarn from the writer of ""Mr. Deeds""",0,0,,
42566,An Eye for an Eye,An Eye for an Eye,Sean Kane is forced to resign from the San Francisco Police Department's Narcotics Division when he goes berserk after his partner is murdered. He decides to fight alone and follows a trail of drug traffickers into unexpected high places.,1981-08-14,106,en,Released,tt0082350,2.077,5.197,119,False,False,/389JSntj1J7LtTjUxvKCy3JJfuj.jpg,/s0KKZu4VqQsEckGrjxo1BQVVcSL.jpg,,Kane's justice is revenge. Kane's weapon is himself.,0,7680000,,
21775,The Stone Council,Le Concile de Pierre,"In France, the single translator Diane Siprien adopts an Asian baby named Liu-San in a foundation directed by Sybille Weber. Years later, a weird mark appears on the boy's chest and Diane and Liu share their dreadful nightmares. Diane is assigned for a three-day job in Germany and she leaves Liu with her friend Sybille. However, while going to the airport, Diane finds Liu hidden in the backseat and startles with an eagle flying toward the windshield, crashing her car. Liu falls into a coma and his digital recorder records the boy speaking in an unknown dialect. When Diane searches the translation and the origins of Liu, she is surrounded by mysterious murders. She discovers that the dialect is from the mystic Mongolian Tseven tribe and that Liu is a powerful Observer; further, he is in danger, threatened by sorcerers that need the boy for their Council of the Stone..",2006-11-15,102,fr,Released,tt0447619,0.9865,4.473,56,False,False,/9hFKhOI7bUnkXjE2gbG2bpFSVh9.jpg,/vwL1iuYXJC8CNwKijazMRTCPA4P.jpg,http://www.leconciledepierre-lefilm.com/,,22000000,0,,
44159,Women Without Men,زنان بدون مردان,"Against the tumultuous backdrop of Iran's 1953 CIA-backed coup d'état, the destinies of four women converge in a beautiful orchard garden, where they find independence, solace and companionship.",2009-07-01,100,fa,Released,tt1498887,0.6769,6.346,52,False,False,/zCcboYYdiHwd8PFu3XaVlJVOzxO.jpg,/mFjePzH3V23znOOpgY59DwllDQQ.jpg,,,0,0,,
87219,Uncle Tom's Cabana,Uncle Tom's Cabaña,"Uncle Tom tells the blood curdling story of how the evil Simon Legree tried to foreclose on Tom's simple log cabin. (Uncle Tom's Cabaña is a 1947 American animated short film directed by Tex Avery. The short is a parody of Uncle Tom's Cabin, and is Avery's second parody of the novel, the first being Uncle Tom's Bungalow in 1937 while at Warner Bros. Cartoons)",1947-07-19,8,en,Released,tt0039930,0.4475,5.529,17,False,False,/naEfwbJwkcwodgy0X6CSxL0o1VT.jpg,/618jv9nRrzzL40ReNFAM94UUcRn.jpg,,,0,0,1629030,Red Hot Riding Hood Collection
69145,Stubs,Stubs,A dating show parody.,1992-01-01,3,en,Released,,0.0387,,,False,False,,,,,0,0,,
1902,Open Your Eyes,Abre los ojos,"Handsome 25-year-old Cesar had it all -- a successful career, expensive cars, a swank bachelor's pad, and an endless string of beautiful and willing women -- until he is thrown into a strange psychological mystery after a car accident scars his face and lands him in prison.",1997-12-19,117,es,Released,tt0125659,2.9257,7.454,1181,False,False,/x6g4veF2EUZHEu6hrW8TfTTzjU0.jpg,/k6xQZq2jkA7xRpvyy2kLWprFwIN.jpg,,,2900000,370720,,
61675,L.A. Without a Map,L.A. Without a Map,"An aspiring Hollywood actress, on a visit to a charming North England town, has a brief fling with the town undertaker, who also writes obituaries for the local paper. Returning home, where she works as a waitress at a Japanese restaurant, she tells everyone about the handsome ""writer"" she met on her trip. Unfortunately, he decides to follow her back to Hollywood, setting up the expected light romantic comedy with asides as the newcomer gains experience about the goings on in Hollywood.",1999-02-26,107,en,Released,tt0119565,1.2594,5.815,54,False,False,/2olQqpq5qUVZzEkCm8BORl0G4S2.jpg,/1VL9ZrYnY88gj5T4GLwzikUP2SD.jpg,,"It's bright, exiting, romantic and just a little scary.",0,0,,
71512,J.O.E. and the Colonel,J.O.E. and the Colonel,"Scientists create ""the perfect soldier"" in a lab experiment by recombining his molecules. He is then sent out on dangerous but vital missions.",1985-09-11,94,en,Released,tt0089311,0.846,4.0,3,False,False,/hIAV9A9CIbPdxqRpHcxi0qxTWkS.jpg,,,,0,0,,
80237,Vithagan,Vithagan,"Vithagan happens to be the 50th film of Parthipan, has him in the role of a police officer, who is brainy as well as brawny.",2011-11-18,,ta,Released,tt4339098,0.1282,6.0,1,False,False,,,,,0,0,,
77224,A Perfect Friend,Un ami parfait,"""Julien Rossi wakes up in a hospital bed and finds he has no memory of the events that left him in a coma in the early hours of New Year's Day. Was he attacked? Or was his head injury caused in an accident? This is only the first of many mysteries Julien has to resolve. Who is Marl?ne, the beautiful woman who claims to be his girlfriend? Why doesn't his real girlfriend, Anna, return his calls? What made him walk out on his job as a leading investigative reporter? Julien relies on Lucas, his best friend and",2006-04-26,106,fr,Released,tt0765263,0.6186,3.6,10,False,False,/w7z3NPJCZ4sZt0qIr5ssHUmAtSL.jpg,,,,0,0,,
64063,"Goodbye, Dr. Freud","Прощайте, доктор Фрейд",A mysterious comedy set during New Year Eve.,2004-11-11,104,ru,Released,tt0436685,0.5191,4.0,3,False,False,/utiUhVjTvmI1xUiEweRlXlLERTQ.jpg,/zUqGULTFjXuNr5ni32CKuo09TOs.jpg,,,0,0,,
82198,Meet the Phonics Letter Sounds,Meet the Phonics Letter Sounds,"Meet the Letters taught children to recognize letter characters.  Now, with Meet the Letter Sounds, children will learn the different sounds that each letter makes.  Meet the Letter Sounds also introduces children to basic phonics rules, such as ""r-controlled vowels"" and ""silent e.""",2011-01-01,35,en,Released,,0.0379,,,False,True,/yUcXTQq8PdsenZgJhIIZuV0nXBd.jpg,,http://www.preschoolprepco.com,Learning Phonics Has Never Been This Easy!,0,0,,
81678,Madonna of the Seven Moons,Madonna of the Seven Moons,"In the early part of this century, Maddelena a teenage Italian girl, is attacked whilst walking in the woods. The attack leaves her mentally scarred and our story flashes forward to the 1940s where Maddelena is still troubled. She disappears one day and her daughter vows to find her.",1945-01-22,110,en,Released,tt0037035,1.0972,6.333,15,False,False,/hQK3b2roOSsFIegKkI62iwadikJ.jpg,/2luWPc10im2XMSadBSBt77fQarw.jpg,,This gorgeous creature was really TWO women...fiery temptress...respected wife,0,0,,
81507,Giuseppe in Warsaw,Giuseppe w Warszawie,"The Italian soldier Giuseppe Santucci, on his way home from the Russian front has his machine gun stolen in Warsaw. Afraid of consequences, he stays in Warsaw and occupies a flat of the Polish girl Maria, whom he suspects of stealing weapon. Maria indeed is an active member of the Polish resistance, contrary to her brother, Staszek, a painter, who only wants a calm living. In a course of events Giuseppe falls in love and, along with Staszek, becomes a hero of the Polish resistance.",1964-08-07,99,pl,Released,tt0058143,0.6014,6.158,19,False,False,/f1inVUsmSH3ubTYvq9vLLqPQ0ae.jpg,/5VvZdAAz6HIiOQ7HvPZvfQ86HTz.jpg,,"Adventures of the Italian soldier in a rebellious Warsaw in 1943, between Germans and the Polish resistance.",0,0,,
49026,The Dark Knight Rises,The Dark Knight Rises,"Following the death of District Attorney Harvey Dent, Batman assumes responsibility for Dent's crimes to protect the late attorney's reputation and is subsequently hunted by the Gotham City Police Department. Eight years later, Batman encounters the mysterious Selina Kyle and the villainous Bane, a new terrorist leader who overwhelms Gotham's finest. The Dark Knight resurfaces to protect a city that has branded him an enemy.",2012-07-17,165,en,Released,tt1345836,15.861,7.793,24231,False,False,/hr0L2aueqlP2BYUblTTjmtn0hw4.jpg,/y2DB71C4nyIdMrANijz8mzvQtk6.jpg,http://www.thedarkknightrises.com/,The legend ends.,250000000,1081041287,263,The Dark Knight Collection
52299,Definitive Jux Presents The Revenge of the Robots,Definitive Jux Presents The Revenge of the Robots,"Since its inception in 2000, Definitive Jux has been synonymous with progressive, creative, intelligent, and downright thrilling hip hop. Now, The Revenge of the Robots DVD captures label mainstays El-P, Mr. Lif, RJD2 and others during their acclaimed, sold-out ""Revenge of the Robots"" 2002 tour - a fascinating view for longtime fans and new converts alike.",2003-07-29,180,en,Released,tt4147050,0.0836,,,False,False,/ya7x326MD6QkLWyZYQ3pIpKB5mR.jpg,,,,0,0,,
70967,Last Known Address,Dernier domicile connu,"Marceau Léonetti, a competent and energetic officer stops by chance the son of an influential lawyer driving under the influence of alcohol. A few months later, the lawyer falsely accuses Léonetti as being violent and incompetent. As a result Marceau is transferred to a small police station, where he meets young and beautiful Jeanne. Soon they are faced with a tough investigation.",1970-02-25,102,fr,Released,tt0064225,1.5862,7.29,112,False,False,/aTKwyIFMxwCcsWoeuUxIZqWcedU.jpg,/7Wqx3w9sdhUNBOucQK6HRbxsoI1.jpg,,,0,0,,
42679,Giulia Doesn't Date at Night,Giulia non esce la sera,"Guido, an acclaimed writer, leads a seemingly perfect life with his wife and daughter, but his restless search for inspiration leads him into the arms of Giulia, a charming and mysterious swim instructor who's hiding a secret.",2009-02-27,105,it,Released,tt1261055,0.9449,6.4,46,False,False,/kHngIetgZajxnB2Z4bI39A8Y4x.jpg,/hu2N8P0mfwMql79mZhupHoSrkQE.jpg,,,0,0,,
12593,Fritz the Cat,Fritz the Cat,"In late 1960s New York City, fed up with monotonous college life and police repression, free-spirited Fritz, an impenitent seducer and unrestrained party-animal, decides to explore the world. And just like that, as he flees NYC, heading to San Francisco, Fritz embarks on an endless adventure of illumination. Immersed in a world surrounded by drugs and sex, Fritz participates in mad orgies, brings about a revolution, incites mass urban riots, and crosses paths with drug-addled Nazi bikers.",1972-04-14,78,en,Released,tt0068612,3.0163,6.205,383,False,False,/llgCW1Y99WO7DNiX3ZOncLJBIAm.jpg,/udY0Gw8BB99jsJzARsJhctLqUZ6.jpg,,"We're not rated X for nothin', baby!",700000,90000000,476056,Fritz the Cat Collection
38105,We Believe,We Believe,"Prolific filmmaker John Scheinfeld helms this valentine to the Chicago Cubs and the city that loves them. Players past and present, city honchos and fans -- both celebrities and ordinary joes -- discuss the team and its long history. Captured during the 2008 season (the 100th anniversary of the team's last World Series win), these voices express why, win or lose, their beloved Cubbies will be forever in their hearts.",2009-06-12,104,en,Released,tt1266118,0.4026,6.9,4,False,False,/l4Jnud5IktPDIZCjzU910Ku4j8e.jpg,,,A relationship that lasts a lifetime.,0,0,,
56687,Vägen hem,Vägen hem,"""Skotten i Knutby - The Road Home"" is entirely based on real events surrounding the drama in Knutby where the pastor Helge Fossmo manipulated nanny Sara Svensson to commit murder. The film also contains authentic interviews with former members of the church, which is still active.",2009-01-30,102,en,Released,tt1355232,0.1729,6.0,1,False,False,/vhwlou8dQBBgCRez7AgQDUNHTbt.jpg,/voll2enb4WCjb2xn2bxIjGV7Xb3.jpg,,,0,0,,
3562,Leroy,Leroy,A gently humorous look at otherness and xenophobia in modern day German with this tale of a black Berlin teen named Leroy who rediscovers his roots after falling for a pretty white girl and meeting her racist family.,2007-09-27,89,de,Released,tt0898323,0.7815,5.5,19,False,False,/udG4B26N4gJ9U7NXuteopjgiBAB.jpg,/l12fkYmrvvposZ7no3KFhMxoGJR.jpg,http://www.leroylize.it,,0,0,,
95840,Little Heaven,Little Heaven,"Right In the heart of the Ethiopian capital Addis Ababa is a small orphanage called “Little Heaven”. One of the orphans, Lydia, is 13 today.  A truly joyful event, because she can now move to the ‘other house‘ where all of the ‘big kids’ live.  Unfortunately this special day is  overshadowed by the shocking news delivered to her by the head nurse: Lydia is HIV positive.",2011-11-18,69,en,Released,tt2089733,0.0596,2.0,1,False,False,/9XDeUeOsjU9j2u6QFTIo2CUkd0N.jpg,,http://www.taskovskifilms.com/film/little-heaven,"The wonderful story of a special orphanage in Addis Ababa, Ethiopia",219,0,,
33536,The Naughty Nineties,The Naughty Nineties,"In the gay '90s, cardsharps take over a Mississippi riverboat from a kindly captain. Their first act is to change the showboat into a floating gambling house. A ham actor and his bumbling sidekick try to devise a way to help the captain regain ownership of the vessel.",1945-06-20,76,en,Released,tt0037939,1.0489,6.655,29,False,False,/ilmFwtwiheeAFkDsdqiyCASVqZZ.jpg,/ggvLjcmZ1tdHs7cJCO5uyxc45td.jpg,,A Show Boat Load of Laughter!,0,0,,
49947,Meat Loaf: To Hell and Back,Meat Loaf: To Hell and Back,"""Meat Loaf"" Aday is an overgrown Texas youngster, the son of a gentle woman dying of cancer and an alcoholic, abusive father. Tormented by his father and schoolmates over his size, he strikes out on his own after his mother's death, in an impossible task to prove himself to the world and to himself. A chance audition for a musical leads him to join forces with composer Jim Steinman, and together the two make music history with the operatic rock album ""Bat Out of Hell."" But the demons that drive Meat Loaf aren't assuaged by success, and eventually he must come to terms with them.",2000-01-05,87,en,Released,tt0242956,0.9405,7.9,5,False,False,/tRHFgINWXbtKTPiO6RnHimrtnnH.jpg,/2CaC2XHpC8V0JuYpVrhoFRJeOsA.jpg,,,0,0,,
87694,Baby Huey's Great Easter Adventure,Baby Huey's Great Easter Adventure,"In this live-action musical comedy, Baby Huey, the lovable seven foot tall duckling, is taken in by a caring little boy named Nick and his kind but surprised family. A sinister scientist and a mean Las Vegas producer want Baby Huey for themselves, but they don't know what a little boy, a caring community, and a baby bird that's bigger than all of them is capable of.",1999-01-01,89,en,Released,tt0177525,1.2485,4.0,2,False,False,/lLLCNqTxn6lmIhszE3cLhnJOrpE.jpg,/iZInfSa9om7tAhfVNo1PxLda4dA.jpg,,He's the biggest hero any small town could love!,0,0,,
14181,Boiler Room,Boiler Room,A college dropout gets a job as a broker for a suburban investment firm and is on the fast track to success—but the job might not be as legitimate as it sounds.,2000-02-18,118,en,Released,tt0181984,3.5026,6.717,735,False,False,/jFB5uvCZ3HXF00liAEAuOruCPs6.jpg,/A96CVXbTNfhqw3jkUlyfFnGe8i3.jpg,,Welcome to the new American dream.,7000000,28780255,,
64477,Bananas in Pyjamas - Strictly Bananas,Bananas in Pyjamas - Strictly Bananas,"Enjoy much loved stories from ABC TV’s irresistible series for pre-schoolers, Bananas In Pyjamas. Enjoy the antics of B1 and B2 who live at Cuddles Avenue and wear blue and white striped pyjamas. In these episodes the Bananas enjoy dance lessons with Lulu, Rat in a Hat finds a magic lantern and Morgan gets covered in pink spots – quick call for the Doctor Bananas!",,,en,Released,,0.1125,,,False,True,,,,,0,0,,
76708,Kevolution,Kevolution,"This half-hour documentary celebrates the life and times of mega-successful professional snowboarder Kevin Jones, including an awesome highlights reel and original, never-before-seen footage. Showcasing Jones's monumental accomplishments -- as well as his goofy sense of humor -- this tribute to the master reminds us that the world of snowboarding wouldn't be the same without him. Dave Seoane directs.",2005-11-01,,en,Released,,0.0168,,,False,False,,,,,0,0,,
28952,Demon Divas and the Lanes of Damnation,Demon Divas and the Lanes of Damnation,A sorority mixer at a local bowling alley goes terribly wrong when the five women who own the building turn out to not be what they seem.,2009-04-03,66,en,Released,tt1274290,0.539,,,False,False,/lcCkmdoiGSDMwvGgmSjFtML4plm.jpg,,,,0,0,,
18074,Duets,Duets,"Duets is a road-trip comedy which revolves around the little known world of karaoke and the whimsical characters who inhabit it. All roads lead to Omaha, site of a national karaoke competition where this motley group of singers and stars come together for a blow-out sing-off.",2000-09-09,112,en,Released,tt0134630,2.206,5.706,157,False,False,/isxHRG54S1bz1A1CAlPaAAoh65k.jpg,/dDJuLVV5K1XYim69Ab8wy9luXu4.jpg,,Six littles souls in search of a little harmony.,0,0,,
99041,The Man Behind the Scissors,ハサミ男,"The Man Behind the Scissors centers around two serial killers: mastermind Yasunaga and helper Chinatsu. The two risk being found out when the police question them as witnesses to a gruesome murder they themselves may have committed. A quirky and perplexing police thriller centered around two murderers who thrive on slicing up schoolgirls. Calculated serial psycho Yasunaga (Tokokawa) and Chinatsu (Aso), his sweet female sidekick, find themselves being questioned as witnesses to a murder when their next potential victim turns up dead...with their M.O.",2005-03-19,124,ja,Released,tt0468754,1.1933,5.611,9,False,False,/2At6vXOCfxYGEDntQTAgt8uxLJe.jpg,/5My4vijKizZW3q0DtYeQNX3vlpV.jpg,,,0,0,,
28979,Life is an Art,Life is an Art,"You need to suffer, to understand....",2010-05-17,110,en,Released,tt1537850,0.1908,7.0,1,False,False,/vct3qnyL2MkcZ0YGx94SJf6kL3k.jpg,,http://www.lifeisanartmovie.com,,0,0,,
60407,Baśnie i Waśnie,Baśnie i Waśnie,"An animated series featuring characters from playing cards. Once upon a time, far, far away, there were two kingdoms. One was ruled by the good-natured King of Hearts, and the other by the evil King of Spades. The two neighbors lived in harmony until the King of Hearts defeated the King of Spades at chess. The latter, greatly angered, declared war on his neighbor. And so the fairy tales ended and the feuds began. King Hearts is a great lover of chess and hunting, while the cunning King Spades is constantly plotting to kidnap his daughter and take over the kingdom. Thanks to the clever and brave Jack, however, King Hearts always manages to save his domain.",1964-01-01,,pl,Released,,0.2007,6.0,1,False,False,,,,,0,0,,
65770,Beef III,Beef III,"Beef III is the third installment of the Beef series. It is a documentary about Hip hop rivalries and beefs (arguments). It was released on DVD on November 15, 2005. It was directed by Peter Spirer and lasts approximately 85 minutes. It was narrated by DJ Kay Slay and scored by Nu Jerzey Devil. The next film in the series is called Beef IV.",2005-11-15,84,en,Released,tt0482462,0.7086,6.6,5,False,False,/4yeijEgdRyLaOafDN2T5g54WJWa.jpg,/eoGsxBHZ2y3cZqiPgja8omjMScr.jpg,,,0,0,502123,Beef Collection
45561,People of Honor,Gente d'onore,"In an operation aimed at hitting the mafia, the Sicilian police hunt down several assassins to trace their bosses. The hunted, with the help of the mafia, try to escape from the island.",1967-12-15,89,it,Released,tt0063007,0.8135,8.0,1,False,False,/fS0sSmsTpG6pmjegfGvy09jiImV.jpg,/ljENs7r9A4STBcJDB2UP61ynxat.jpg,,,0,0,,
28941,Chopping Mall,Chopping Mall,"High-tech robots equipped with state-of-the-art security devices have been recruited as the new mechanical ""night watchmen"" for the Park Plaza Mall. When a jolting bolt of lightning short-circuits the main computer control, the robots turn into ""killbots"" on the loose after unsuspecting shoppers!",1986-11-14,77,en,Released,tt0090837,4.3393,5.833,401,False,False,/ggHbJPYJsjiJnEwHi4xUyJxWpmS.jpg,/1ctiV8HodFkFOwIjQp3T2znHE19.jpg,,Where shopping costs you an arm and a leg!,800000,0,,
83241,Jackie 'The Joke Man' Martling: Safe Distance From Genius,Jackie 'The Joke Man' Martling: Safe Distance From Genius,"Jackie ""the Joke Man"" Martling fires off an unending string of hilarious -- and very dirty -- jokes in this collection of performance clips from his outrageous nightclub act. The prolific veteran comic, host of the radio show ""Jackie's Joke Hunt,"" was a longtime writer and cast member on ""The Howard Stern Show"" from 1986 to 2001. His national breakthrough came in 1981 on the popular ""Rick Dees Morning Show"" in Los Angeles.",2008-01-01,120,en,Released,,0.0322,,,False,False,,,,,0,0,,
42168,Chapter Two,Chapter Two,"George Schneider is an author whose wife had just died. His brother Leo gives him the number of Jennie Malone, and somehow they hit it off. And just when things are moving along, the memory of his first wife comes between them.",1979-12-14,127,en,Released,tt0078952,1.0999,5.813,16,False,False,/xikReu6tBkPWrTHXUR9ldGWFHQq.jpg,/vi24cJ9TCKYM9JNq0BGl4X4eOL1.jpg,,"It's not supposed to happen twice in your life, but it can.",0,0,,
81118,Titanic - The Story,Titanic - The Story,Robert Powell takes a look at the story of the Titanic...,1993-01-01,55,en,Released,tt0401832,0.2781,10.0,1,False,False,,,,,0,0,,
50672,The Bitch,The Bitch,"The owner of a trendy disco starts having problems with the men in her life and the Mafia, which is trying to move in on her place.",1979-09-20,89,en,Released,tt0078867,1.2568,4.5,26,False,False,/qc2xwjbp1OFnthbEe04Hy43IMeM.jpg,/xLT2nC0nmp6yt8HOZhRCRkkwO6U.jpg,,After the Stud,0,0,412300,Fontaine Khaled Collection
49249,A Tale of Two Cities,A Tale of Two Cities,"Set against the conditions leading up to the French Revolution and the Reign of Terror, French doctor Alexandre Manette serves an 18-year imprisonment in the Bastille in Paris, followed by his release to live in London with the daughter he has never met.",1980-12-02,162,en,Released,tt0081595,1.057,5.95,20,False,False,/pwjalifg69dI9RCp6LDybF1qLAR.jpg,/nOZqNQX0OQmK8oVeRhAed1F2ecT.jpg,,,0,0,,
33714,I'm Staying,Я остаюсь,"Many people assume that life does not end after death. Not Dr. Tyrsa, practical and skeptical man, who never believed in this nonsense. However, thanks to the bowling accident, he finds himself in a desert land with people like him not belonging to this world yet not accepted into the other. Now Dr. Tyrsa realizes that the life he used to live was not so bad, and he's got something worth returning to.",2007-04-19,112,ru,Released,tt1046198,0.8489,6.574,34,False,False,/sPZIuXRAq8stFZEuO44iNeno42R.jpg,/8841CIM937hpdIPvtgJIrvhLvm4.jpg,,,1000000,814790,,
94406,A Chinese Legend,追日,"Ga Yat Lung is a young warrior who meets and falls in love with Mung Suet, the day of her sacrifice to the Ghost King. Without her sacrifice all those living in the local village will be destroyed. Ga Yat Lung is helped by Ching, a Fox Demon, to attempt to save Mung Suet and her people.",1991-07-14,91,cn,Released,tt0103330,1.078,6.333,6,False,False,/sDQZad6MP35ztFav3LYBkz08OXM.jpg,/A3hAAbS1lQjlErmWCSjyeeNlVw9.jpg,,,0,0,,
90213,Ben Harper and the Blindboys of Alabama: Live at the Apollo,Ben Harper and the Blindboys of Alabama: Live at the Apollo,"Live at the Apollo was a by Ben Harper and The Blind Boys of Alabama filmed at the Apollo Theater (Harlem, New York), on October 12, 2004. Born October 28, 1969 Ben Harper is an American singer-songwriter and musician. Harper plays an eclectic mix of blues, folk, soul, reggae and rock music[1] and is known for his guitar-playing skills, vocals, live performances and activism. Harper's fan base spans several continents. His albums have been commercially successful in North America, Europe and Oceania. Harper is a two-time Grammy Award winner as well, winning awards for Best Pop Instrumental Performance and Best Traditional Soul Gospel Album, in 2005.",2006-03-13,,fr,Released,tt0888003,0.0856,4.8,3,False,False,/imp3GaPFCSiTLaRW7WtJVzH7pmv.jpg,,,,0,0,,
42482,Elvis on Tour,Elvis on Tour,"This documentary captures Elvis Presley on his 1972 American tour and includes rehearsals, interviews, archival television appearances and backstage moments. With Elvis at his most flamboyant, the film features well-known hits and cover songs showcasing his country, gospel and rhythm-and-blues influences.",1972-11-01,93,en,Released,tt0068537,1.082,7.21,31,False,False,/hXxKJuQnkwFtWvOX161ppbaiaC2.jpg,/iRASNUjpngS48pmnMFrLtw32sXa.jpg,,MGM presents a very different motion picture that captures all the excitement of ELVIS LIVE!,0,0,,
65678,The Sky Slow-Mover,Небесный тихоход,"Three pilots are best friends and good fighters. During the WWII they are taking an oath to refrain from love until the end of the War. But soon they meet three women-pilots. One by one they give up the oath, and all three fall in love.",1946-12-20,78,ru,Released,tt0129257,0.6074,6.568,22,False,False,/9IKmWEqAhoZtshyG1B7tTDDTuIN.jpg,/fYaIEJ2GxgqZVxHAfCzDZMpwGEz.jpg,,,0,0,,
91063,It's a Bikini World,It's a Bikini World,"Male chauvinist Mike attempts to get an intelligent burgeoning feminist Delilah into his harem. When she resists, Mike then poses as his brother Herbert, but in the process falls in love with Delilah.",1967-04-14,86,en,Released,tt0061827,0.7174,3.909,11,False,False,/rMzzFKHgtUjOK9XDk3Z4e6Rcc1Y.jpg,/g4u85dFMtRoriR8dG3B97WStw9M.jpg,,,0,0,,
82199,Bhoot Bungla,भूत बंगला,Rekha and her uncle Shyamlal are the only survivors in their family which has a long and painful history of death under bizarre and suspicious circumstances while living in their ancestral property.  Rekha and Shyamlal leave their ancestral property in fear and settle down in the city where Rekha meets a jovial and rowdy bunch of youngsters belonging to the Youth Club.  Members of the Youth Club decide to unravel the mystery of Rekha's ancestral property and hope to find out if those deaths are freak accidents or an ancient curse.,1965-01-01,140,hi,Released,tt0271397,0.8179,7.7,5,False,False,/gfBXnv5R0jUiOx9OMQbtKTbXbpP.jpg,,,,0,0,,
44174,The Falcon's Brother,The Falcon's Brother,A gentlemanly detective known as The Falcon calls on his brother to help him stop the Nazis from assassinating a key diplomat.,1942-10-02,63,en,Released,tt0034717,0.9503,6.471,17,False,False,/eaIc5vV9BbT8iGU8UW8BLoja8ph.jpg,/4C1eAq9tGrnwaAx9oqnXRaoaDg0.jpg,,Brother vs. Brother & both against the mob!,0,0,47630,The Falcon Series
65279,August Friends,เพื่อนไม่เก่า,Five friends go on a road trip by bicycle from Bangkok to Lampang and experience many adventures along the way.,2011-05-26,89,th,Released,tt3225238,0.5002,3.0,2,False,False,/h1g2shPP3gcMse1Bb9MZWPSvSJG.jpg,/5GzRYmvz86jOhZF400QJooMFUeL.jpg,,An important gathering of friends that time cannot fade the value of friendship.,0,0,,
47139,"Blood, Guts, Bullets and Octane","Blood, Guts, Bullets and Octane","To keep their struggling used-car dealership from closing, salesmen Sid and Bob agree to let a vintage 1963 Pontiac LeMans sit on their lot for two days in return for $250,000. Warned that the vehicle has been associated with many deaths already, Sid and Bob are soon pursued by hitman Mr. Reich and FBI Agent Jared, among others. As violence surrounds them, Sid talks his partner into stealing the car for a $500,000 ransom.",1998-10-16,87,en,Released,tt0163984,0.3424,5.0,19,False,False,/kaDj4ET5kA5NUPn5q3aUjLMrIzy.jpg,,,Two cats... one car... and a world of hurt...,7300,13674,,
87889,Flying Wild,Flying Wild,A group of young men who work at an aviation factory begin to suspect that a doctor who runs an air ambulance service is secretly a spy transporting secret information from the plant to enemy agents.,1941-03-10,64,en,Released,tt0033613,0.8209,5.909,11,False,False,/9GY6QnwuH8lRZnvdDHcwu0Y3IUp.jpg,/qTJXXYekJBuQrYt4V3tqO6cr4m6.jpg,,FLYING FIFTH COLUMNISTS MAKE A FORCED LANDING!,0,0,415799,East Side Kids Collection
84506,Eyes in the Night,Eyes in the Night,Blind detective Duncan Maclain gets mixed up with enemy agents and murder when he tries to help an old friend with a rebellious stepdaughter.,1942-10-16,80,en,Released,tt0034711,1.228,6.083,36,False,False,/7ZfZJNPxyKsrCblI7UT0EF1Cdul.jpg,/cx4tQkjAGmErD8yTMhlUOueZ6Uc.jpg,,Startling as a scream!,0,0,1282124,The Duncan Maclain Collection
42725,The Wild Angels,The Wild Angels,"A motorcycle gang arrives in a small town in search of a motorcycle that has been stolen by a rival gang; but, pursued by the police, one of its members is injured, an event that will cause an orgy of violence and destruction.",1966-07-20,87,en,Released,tt0061189,1.2006,5.533,76,False,False,/whWwL2xLQ1RZOSz2pEAwGEGjK3Q.jpg,/kQ2WvmTk2fpEMJHkjjGaF6Z81ST.jpg,,The most terrifying film of your time!,0,0,,
6547,Schtonk!,Schtonk!,"Schtonk! is a farce of the actual events of 1983, when Germany's Stern magazine published, with great fanfare, 60 volumes of the alleged diaries of Adolf Hitler – which two weeks later turned out to be entirely fake.  Fritz Knobel (based on real-life forger Konrad Kujau) supports himself by faking and selling Nazi memorabilia. When Knobel writes and sells a volume of Hitler's (nonexistent) diaries, he thinks it's just another job.  When sleazy journalist Hermann Willié learns of the diaries, however, he quickly realizes their potential value... and Knobel is quickly in over his head. As the pressure builds and Knobel is forced to deliver more and more volumes of the fake diaries, he finds himself acting increasingly like the man whose life he is rewriting. The film is a romping and hilarious satire, poking fun not only at the events and characters involved in the hoax (who are only thinly disguised in the film), but at the discomfort Germany has with its difficult past.",1992-03-12,115,de,Released,tt0105328,1.5896,6.868,87,False,False,/j1XmuLmbt8rj0rM5Ewg83sIPy2Z.jpg,/idsUJU6UBR3DSDzUcW5f29gcIId.jpg,,One of the first funny german look at its past.,0,0,,
19255,Away We Go,Away We Go,"Verona and Burt have moved to Colorado to be close to Burt's parents but, with Verona expecting their first child, Burt's parents inexplicably decide to move to Belgium, now leaving them in a place they hate and without a support structure in place. They set off on a whirlwind tour of of disparate locations where they have friends or relatives, sampling not only different cities and climates but also different families. Along the way they realize that the journey is less about discovering where they want to live and more about figuring out what type of parents they want to be.",2009-06-05,98,en,Released,tt1176740,1.6905,6.662,623,False,False,/zWxjopWXpnC1vSbnO7mw2URna22.jpg,/rSEZ4e8rWCk9SsRvuwyxtLLUV0w.jpg,,,17000000,15779455,,
20558,Scooby-Doo! in Where's My Mummy?,Scooby-Doo! in Where's My Mummy?,Scooby-Doo and the Mystery Inc. gang become involved in a supernatural mystery in Egypt.,2005-05-13,75,en,Released,tt0480461,2.449,7.391,416,False,False,/w9CpKZmgDfQvHe8WzFsvxxKCNyc.jpg,/85z4NC6FzMQJBGlFqq8qQ2QByD4.jpg,,,0,0,,
97232,Skinny and Fatty,チビデカ物語,"Two young Japanese schoolboys, one skinny and poor, one fat and well-to-do, become unlikely friends.",1958-01-01,51,ja,Released,tt0407643,0.8604,10.0,1,False,False,/nDIj8no4xc0FE1dptybjDoqEbsG.jpg,,,,0,0,,
20760,Lilo & Stitch 2: Stitch Has a Glitch,Lilo & Stitch 2: Stitch Has a Glitch,"Now, we find the rowdy extraterrestrial getting used to life with his new ʻohana. However, a malfunction in the ultimate creation of Dr. Jumba soon emerges, which reinstates his destructive programming and threatens to both ruin his friendship with Lilo and to short him out for good!",2005-08-22,68,en,Released,tt0457993,4.6904,6.685,1620,False,False,/p2R4mhZcikWEBlqv80VfJ7M9xql.jpg,/5blbwmFZekM3ffqxDoveupJck5C.jpg,https://www.disneyplus.com/movies/lilo-stitch-2-stitch-has-a-glitch/4uYIVZK7f9Sp,"Hawaii, we have a problem!",0,0,97461,Lilo & Stitch (Animated) Collection
36239,Slaughtered Vomit Dolls,Slaughtered Vomit Dolls,The gruesome tapestry of psychological manifestations of a nineteen year old bulimic runaway stripper-turned prostitute as she descends into a hellish pit of satanic nightmares and hallucinations.,2006-02-14,71,en,Released,tt0811073,2.873,3.949,117,False,False,/x5osHcfswukyD17pYiBpJHGlJWc.jpg,/R7QN0z6oNuGGfmGl92I0ZnfEE.jpg,,"Witness the Most Evil, Disturbing Movie of All Time. You wont just be scared. You will be SCARRED. What you are about to see are Satan's Proudest Moments. You wont believe your Eyes . . . or Stomach!",100000,0,331117,Vomit Gore Trilogy
66967,The Night Heaven Fell,Les Bijoutiers du clair de lune,"Ursula finishes her studies and returns to her aunt Florentine and uncle, Ribera who is the count. She falls in love with Lambert, the killer of her uncle.",1958-04-05,91,fr,Released,tt0050193,0.9128,4.895,19,False,False,/3Ryj6nsAaSKQlEmg3wtqHAWKFgB.jpg,/5cFnwz6NZ8x47iV2FzPwEeDwYHa.jpg,,The Hottest Exposure Since Man Created Film!,0,0,,
65892,My Future Boyfriend,My Future Boyfriend,"P-A-X-497/341, aka “Pax” , a curious young man from the well-ordered but loveless future, travels to present day New Orleans in search of romance novelist Elizabeth Barrett – whose book he has come upon during an archeological dig in the year 3127. Hoping Elizabeth can explain the concept of love to him, which is now nonexistent in his time, Pax embarks on an adventure filled with new discoveries. Elizabeth introduces Pax to life in the year 2011, filled with love, music and of course, destiny. When Pax doesn’t return to the future by the given deadline, Bob, his fellow scientist, travels back in time to find him. Meanwhile, as Elizabeth helps Pax learn about love, she ends up confiding in her colleague, played by Valerie Harper, about her own upcoming “surprise” engagement.",2011-04-10,73,en,Released,tt1747924,0.8838,5.3,53,False,False,/5HTpNqBRpoB7SmVY1tTdG6dpp62.jpg,/kEgEdlLALn5H0z9JbEyT87qXZ1z.jpg,http://abcfamily.go.com/movies/my-future-boyfriend,Make a date with destiny.,0,0,,
48286,The Lady Confesses,The Lady Confesses,"An estranged wife shows up after a nearly 7 years of disappearance -- thought to be dead, to prevent her husband from marrying his new love until someone kills her.",1945-05-16,64,en,Released,tt0037858,0.6449,4.452,21,False,False,/9XpyEfyJcR5GKYtNKL7GtSLlJzd.jpg,/kz8kaqbwiDLMbTpWm6ekcOulOcV.jpg,,I CONFESS! I PLAYED AT LOVE BUT MURDER WAS MY BUSINESS!,0,0,,
86149,The Attic,The Attic,"A librarian devotes her life to caring for her wheelchair-bound tyrannical father after being stood up at altar. She fantasizes his death and finds joy only with her pet monkey. When the monkey disappears, a shocking past is revealed.",1980-11-10,101,en,Released,tt0078806,1.1944,4.783,30,False,False,/6319pq8j9Dro5Fmde3Zm9pWIbV.jpg,/xhRttaT6Xqneh7RLN7kHRowPo42.jpg,,13 steps to TERROR!,0,0,1580716,Louise Elmore Collection
49743,Cricket on the Hearth,Cricket on the Hearth,"A delightful, animated musical version of Charles Dickens' classic tale. A Cricket on the Hearth, tells the story of a poor toymaker and his daughter whom a helpful Cricket named Crocket befriends on Christmas morning. When tragedy strikes the family, it's Crocket who comes to the rescue and restores peace and happiness.",1967-12-18,49,en,Released,tt0387954,1.0721,5.263,19,False,False,/3ZRYBDUyGpq3ylyIePvZntvmvHz.jpg,/tkSmSyhHtlim9aKruyCkI8Cen93.jpg,https://www.uphe.com/tv/cricket-on-the-hearth,To have a Cricket on the Hearth is the luckiest thing in all the world!,0,0,,
1423,Flying Saucer Rock 'N' Roll,Flying Saucer Rock 'N' Roll,Flying Saucer Rock N Roll is the debut feature film from the father-son duo Eric and Joe Callero. The year is 1957 as a group of rockabilly and beatnik teens are visited by weed smoking Martian zombies who have come to take their earth women. Filmed with respect for classic horror films and full of laughs as the viewer is taken on an adventure like no other.,2006-03-16,85,en,Released,tt1344607,0.2571,3.0,1,False,False,/hoRIW3Qqynr5M8sjRhvKNKGRbZy.jpg,/yJuV8LmRTbwcNcTM8KjaZOA5PL.jpg,http://www.flyingsaucerrocks.com/,"Can the Square defeat the Zombies & Martians, save the world & get the girl?",1000,6,,
9490,Half Baked,Half Baked,"Three lovable party buds try to bail their friend out of jail. But just when the guys have mastered a plan, everything comes dangerously close to going up in smoke.",1998-01-16,82,en,Released,tt0120693,4.056,6.332,639,False,False,/14TmEac4bquNaEld9t0uIliYoKE.jpg,/yl7M1buWaxXXhZv0bSbi4MPYVKm.jpg,,They'll do anything to save their best bud.,8000000,17460020,1323870,Half Baked Collection
29186,The Murder Secret,Non aver paura della zia Marta,A family of 4 makes a long drive to Aunt Martha's house to visit her for the first time in years. Only she isn't there. Just the caretaker and his message that she will appear the next day...if they survive the night.,1988-01-03,88,it,Released,tt0097929,0.6339,5.405,21,False,False,/6Hz6AEZUfxnMUDgRVgvrryKsziC.jpg,/weAT85CAn6Scblqh7VKQKjAxifd.jpg,,,0,0,,
52105,Husbands,Husbands,"A common friend's sudden death brings three men, married with children, to reconsider their lives and ultimately leave the country together. But mindless enthusiasm for regained freedom will be short-lived.",1970-12-08,131,en,Released,tt0065867,2.1186,6.741,162,False,False,/482OpzSoSeAVx7KDJlWupLNIf0r.jpg,/gxYnKLgPev1iz2PmqVDVpFrziEH.jpg,,"A comedy about life, death and freedom.",1000000,0,,
66648,2010 NCAA Basketball Regional Semi-Finals: Kansas State vs. Xavier,2010 NCAA Basketball Regional Semi-Finals: Kansas State vs. Xavier,"The season may be over, but the legacy continues. Kansas State posted one of their most impressive seasons in 2009-2010. Hailed as one of the greatest NCAA Tournament games of all-time, this DVD features the commercial-free broadcast as the Kansas State Wildcats battled the Xavier Musketeers into double overtime on their way to the win and 2010 appearance in the Elite Eight.",,126,en,Released,,0.0574,,,False,True,,,,,0,0,,
16662,The Big Gundown,La resa dei conti,"Unofficial lawman John Corbett hunts down Cuchillo Sanchez, a Mexican peasant accused of raping and killing a 12-year-old girl.",1967-03-03,111,it,Released,tt0063501,1.5369,7.267,180,False,False,/a03mr7GwtyTz8EvmZYcugOBH7hN.jpg,/6htGplcbeXm7cfMV4NozTKhW425.jpg,,Mr. Ugly comes to town!,0,0,696344,Cuchillo Collection
87328,Sümela'nın Şifresi: Temel,Sümela'nın Şifresi: Temel,,2011-12-16,90,tr,Released,tt2069935,0.1853,3.5,29,False,False,/3UKLquWYDv7kfWr7ZdgUjv25mkM.jpg,/uC91Lq13znWNxg4Khwo6TQ6w6Bl.jpg,,,0,0,479966,Sümela'nın Şifresi Collection
74794,Specter of the Rose,Specter of the Rose,"Ballet dancer Sanine may have murdered his first wife. A detective thinks so, and he's not the only one.",1946-07-05,90,en,Released,tt0038973,0.7708,4.8,10,False,False,/wYDqIa0Emv0mIisg5EGDV4aj1VD.jpg,/aKeEWeBG9bd4BO9gMf1lC5ODhon.jpg,,You are my love... my life... my doom!,0,0,,
40959,"Crosby, Stills & Nash - Long Time Comin'","Crosby, Stills & Nash - Long Time Comin'","This is a fine video from CSN. Lots of old, rare footage. Old clips of Neil Young. Covers the very beginning of the band all the way through 1988:  Crosby, Stills, & Nash join forces for their first live performance video in over 2 decades! Filmed during their 2012 tour, CSN 2012 includes many of the trio's classic hits, some new and unreleased songs, and a rare performance of ""Suite: Judy Blue Eyes."" The disc also includes 'A Conversation with David, Stephen and Graham,' plus interviews with their band and crew. A must-have for any CSN fan.",1990-01-01,60,en,Released,tt0243199,0.29,7.0,2,False,False,/jWaP9btOkqdFQZ7VKjV8X9N7olS.jpg,,,,0,0,,
26196,Cleopatra Jones,Cleopatra Jones,"After federal agent Cleopatra Jones orders the burning of a Turkish poppy field, the notorious drug lord Mommy vows to destroy her.",1973-07-13,89,en,Released,tt0069890,1.474,5.664,73,False,False,/j13LI9r1Jim2XPvmJUvwGFtD0ag.jpg,/mCtJjF5L5NuK3bY1uzA5tY6xpAz.jpg,,"6 feet 2"" and all of it Dynamite!",0,0,452675,Cleopatra Jones Collection
50929,About Face,About Face,"Three friends enter military school together, but two of them don't know that the third one is secretly married.",1952-05-23,94,en,Released,tt0044323,0.7485,5.0,4,False,False,/nTsylCE5Ur0EHmU3KbJCeAWguns.jpg,,,"You'll love everything about ""About Face!""",0,0,,
44572,Fall Guy,Fall Guy,A drugged man covered in blood is picked up by police. Before the cops can get answers the man escapes in search of answers to the mystery himself.,1947-03-15,64,en,Released,tt0039368,0.9358,5.231,13,False,False,/daQ97l7hRFuEuiaKGEwbXOOS7wq.jpg,/58rtx5xGg6RSWzfmevAhRxM63KC.jpg,,HUNTED FOR A LOVE SLAYING!,0,0,,
11221,Best Defense,Best Defense,An engineer fails to get the bugs out of a tank before an Army officer has to use it in Kuwait.,1984-07-20,94,en,Released,tt0086955,1.8922,4.335,130,False,False,/uBXYsO3jUU3H59YBILMPHbN9wiP.jpg,/A0e7n4Qe19TvnGQIwe8QkGrDLtv.jpg,,"Unfortunately, they're both on our side.",18000000,19265302,,
490,The Seventh Seal,Det sjunde inseglet,"When disillusioned Swedish knight Antonius Block returns home from the Crusades to find his country in the grips of the Black Death, he challenges Death to a chess match for his life. Tormented by the belief that God does not exist, Block sets off on a journey, meeting up with traveling players Jof and his wife, Mia, and becoming determined to evade Death long enough to commit one redemptive act while he still lives.",1957-02-16,96,sv,Released,tt0050976,4.5058,8.157,3323,False,False,/wcZ21zrOsy0b52AfAF50XpTiv75.jpg,/6s2BqtDvp1BMiP70zCDU5OW6hMy.jpg,,The story of a challenge to death.,150000,311212,,
89267,Parallel Lines,Parallel Lines,"Filmmaker Nina Davenport is working in California the day the World Trade Center is destroyed. Trying to understand that she won't be able to see the familiar building from her apartment in New York anymore and afraid of getting on a plane, she sets off for a road trip that is therapy and art performance in one. She has six weeks to get back to New York, and she spends them driving through a country in shock and talking to people she meets along the way. All of them share a strange sadness - not only about the attacks - and a surprising willingness to open their hearts and lives to this young woman with a camera. And by taking us on a trip through her country, she ends up leading us into the very soul of it.",2004-03-17,98,en,Released,tt0408085,0.2603,6.5,4,False,False,/cYmjxz0pUPzUAExxdvM1C3L5mMB.jpg,,http://www.parallellinesthemovie.com/,,0,0,,
30803,Antena Criminal: Making a Jess Franco Movie,Antena Criminal: Making a Jess Franco Movie,"A behind-the-scenes look at the creation of ""Blind Target"", Jesus Franco's story of a woman who becomes a celebrity in America with her exposure of the corruption in her home country, only to be taken prisoner by the same people she tried to bring down when she returns there. Includes interviews with the director Jess Franco, as well as footage of all the work that went into the film.",2002-01-15,82,en,Released,tt0303662,0.1346,8.375,4,False,False,,,,,0,0,,
61991,An Impudent Girl,L'Effrontée,"Charlotte Castang is a working-class 13-year-old girl, who lives in a drab, run-down neighbourhood, and is ready to become an adult. Her mother died giving birth to her, and she lives with her crass brother and a father whose attention is elsewhere. Her only friend is Lulu, a sick 10-year-old she regards as a pest. Charlotte is antisocial, bored and dreams of a better life. Her life improves when she meets Clara Bauman, a pianist prodigy.",1985-12-11,96,fr,Released,tt0089072,1.587,6.5,126,False,False,/yMwEgLPSZ1Q8F2kp1GGgse9wd2B.jpg,/daJx3bOPZX2Yezu9ryiwiE68dEF.jpg,,,0,0,,
78302,Echap,Echap,"The morning after a night of heavy drinking, five friends on a bachelorette weekend decide to hold a séance. When they encounter a former classmate who is as dead as he is clingy, the young women quickly realize that in the world of cyber-spiritism, you can't block a spirit as easily as you can block a contact on MSN. In some cases, the Esc key is useless.",2011-11-15,78,en,Released,tt2053354,0.0977,2.0,2,False,False,/v3jJmjUHBcEgRAvsaDgERf4ocR3.jpg,/1OK7jem7J2o0Zsu6k7x9kqh7FJy.jpg,,,0,0,,
58245,Don't Look Back,'Wag Kang Lilingon,"After the tragic fate of her mother and her sister, a girl named Nina is taken into custody and given a new identity as Melissa who grows up to be a nurse. At the hospital where Melissa works, a series of mysterious deaths of male patients occurs.",2006-11-15,96,tl,Released,tt0877642,0.514,4.8,8,False,False,,/wkTEMjpnwlQTXZCLhTtDvJA8F1L.jpg,http://starcinema.abs-cbn.com/movies/wag-kang-lilingon,,0,0,,
79507,Alexander Graham Bell,Alexander Graham Bell,"Discover how innovation and determination can lead to world-changing inventions as Alexander Graham Bell and his partner, Thomas Watson, turn a project to improve the telegraph system into the dream of the telephone! His speech lessons with deaf children give Bell the passion to pursue this discovery.",1995-01-01,26,en,Released,tt0956089,0.3126,,,False,False,,,,The Animated Hero Classics,0,0,,
68611,The Swing,Huśtawka,"35-year-old Michal has a beautiful wife Anna and daughter Justine. It does not bother him, however, fall in love with a sensual and rebellious Carolina. The man did not want a divorce, but it also wants to opt out of a new passion. The situation is complicated, however, when a lover makes him an ultimatum.",2010-09-17,94,pl,Released,tt1712531,0.2968,4.625,8,False,False,/59zjk4wQPkXxsRH0mJmKqIdM4cA.jpg,/gnCLrAG8zQ6oWLhqYegzKzr7Z5t.jpg,,,0,0,,
78075,Abby,Abby,"When a minister's wife becomes possessed by Eshu, the Nigerian god of sexuality, an exorcist is called in to drive the evil spirit away.",1974-12-25,89,en,Released,tt0071095,0.9543,5.62,25,False,False,/4NupCQHckfbOrXFRxCIs9OwNqG8.jpg,/8CyIuR0gohdDr3gZCFHA7FDCWDp.jpg,,Abby doesn't need a man anymore... the Devil is her lover now!,0,0,,
37753,Consenting Adults,Consenting Adults,"Richard and Priscilla Parker are an ordinary suburban couple whose lives are invaded and rocked by their hedonistic, secretive new neighbors, Eddy and Kay Otis.",1992-10-16,99,en,Released,tt0104006,1.8647,5.42,168,False,False,/16H9mMevZFFZfnCgsE2fVe2HH51.jpg,/sCBEywMPvO8sS3dvubMNYt7onCD.jpg,,Thou shalt not covet thy neighbor's wife.,18000000,21591728,,
90547,Tripod Live at Woodford,Tripod Live at Woodford,"Tripod are one of the most popular and prolific comedy acts working in Australia today. Filmed at the WOODFORD FOLK FESTIVAL, this performance captures many of Tripod's favourite songs and routines, with the boys in fine fettle. In addition to this great show, the DVD includes the hit of the Melbourne and Adelaide Comedy Festivals - HOW TO TRAIN AN ATTACK DOG FROM SCRATCH - nearly 2.5 hours of laughs and tunes abound.",2009-10-07,120,en,Released,,0.0214,3.8,2,False,False,,,,,0,0,,
5421,Absurd,Rosso sangue,"A priest-doctor chasing a man with supernatural regenerative abilities, who has recently escaped from a medical lab, reaches a small town where the mutant goes on a killing spree.",1981-10-01,94,it,Released,tt0084028,1.6639,5.486,106,False,False,/iFmnOINa3hB33W9LuBAMQsLGqiF.jpg,/3o0R2TDAyTaBsd0hS78NMj6cuvF.jpg,,Pray you survive the hunt.,0,0,,
66664,Shocking Dark,Terminator 2,"In a polluted future Venice researchers work to improve the situation. One day, unknown forces start killing them. A team of soldiers and a couple of civilians is sent to investigate. Soon, they encounter strange murderous creatures.",1989-03-17,90,it,Released,tt0098321,6.0421,4.434,76,False,False,/tztmdSyvfvQBVyzqyh6sKQeJP5g.jpg,/b4oyUTJzHQ4Q2CNoDYtvFJkm29q.jpg,,,0,0,,
91996,On a Paper Crane - Tomoko's Adventure,つるにのって とも子の冒険,"A young girl named Tomoko visits the Hiroshima Peace Memorial. There she has a mysterious meeting with Sadako, the little girl who was 2 years old when the U.S. dropped the bomb on her city during WWII and 11 when she died from the effects of radiation poisoning. Sadako takes Tomoko on an eye-opening journey.",1993-07-17,27,ja,Released,tt0387662,0.8709,7.0,1,False,False,/dAYr6BJjD3CYYPOkzG44eP9CRIo.jpg,,,,0,0,,
47618,Adicolor Yellow,Adicolor Yellow,"Yellow or Adicolor Yellow is a 2006 futuristic short film by director Neill Blomkamp, written by Terri Tatchell and Blomkamp. It was produced at the request of sportswear maker Adidas as a part of its ""Adicolor"" viral ads campaign, in which advertising agency Idealogue gathered seven directors, assigning a different color to each of them, and asked them to produce a feature based on their emotional and creative response to the given color, later to be distributed in the form of podcasts.  The four-minute film, shot by Trent Opaloch in Blomkamp's usual handheld camera mockumentary style, deals with an Israeli robotic globe-trotter gone rogue.",2006-04-04,4,en,Released,tt1543272,0.2129,5.3,23,False,False,/3z0013isIwGxA5PA03qpNZv3mPz.jpg,/mt6UZFRkObi1rBwZwQFm0zANlKu.jpg,,,0,0,,
90044,Body Chemistry,Body Chemistry,A research project on sexual response leads two doctors into an affair and their deepest passions and darkest fantasies are revealed.,1990-03-09,84,en,Released,tt0099164,1.5684,4.417,12,False,False,/6Z2zH5udYpTt5xcqTinXZkOtQIF.jpg,/vGcGOd0ENPde2wDkoUhTAnxZt1m.jpg,,The chemistry may be right. . . but the consequences can be murder.,0,0,398707,Body Chemistry Collection
45128,The Brainiacs.com,The Brainiacs.com,"When a boy decides his father is spending too much time at work, he starts his own company and ends up buying a controlling interest in his father's company.",2000-12-22,110,en,Released,tt0244437,0.8275,5.938,8,False,False,/5jSqVYP6Vk5Ht8K3WU8OgYYuEob.jpg,/liSctvxo99lgtsKlRG4lXwvVqao.jpg,,Running a busness just became child's play!,0,0,,
40618,Bedtime Story,Bedtime Story,"Benson is a Casanova who tricks women into having sex with him before leaving them. He is content with this game until he meets Jamison, a real operator who poses as an exiled prince and not only gets women to share his bed but also to give him money to help him fund his supposed counter-revolution.",1964-06-10,99,en,Released,tt0057878,1.6853,6.278,54,False,False,/4oN375vg2eJSHZzf9kztiwnu3jP.jpg,/AnyLcUKmEQX1qJpPKuTvzVoKv4c.jpg,,The Sin-tillating Capers of Two Cunning Con Men who Fleeced the Sexiest Chicks on the Riviera...until each decided to become king of the mountain !,0,0,,
86980,Once Upon a Time in Phuket,En gång i Phuket,"Life coach Sven travels to Thailand to fulfil his dreams as a writer. He meets Gitte a yoga-practising free spirit from Norway. Then along comes Anja, an editor who works for a Swedish publisher. What does he really want to do with his life, and who does he want to do it with?",2012-02-03,105,sv,Released,tt2082262,0.6239,5.3,36,False,False,/6tW81fru1tiPmm6ZZzo3A9TqX2t.jpg,/iMCBgdgCGkziDhUL9d8uWVf5UZA.jpg,,,0,36113796,,
755,From Dusk Till Dawn,From Dusk Till Dawn,"After kidnapping a father and his two kids, the Gecko brothers head south to a seedy Mexican bar to hide out in safety, unaware of its notorious clientele.",1996-01-19,108,en,Released,tt0116367,8.1181,7.041,6454,False,False,/sV3kIAmvJ9tPz4Lq5fuf9LLMxte.jpg,/phiRQhfwZZeMMn3osvQUmGYmJbp.jpg,http://www.miramax.com/movie/from-dusk-till-dawn/,One night is all that stands between them and freedom. But it's going to be one hell of a night.,19000000,25800000,10924,From Dusk Till Dawn Collection
75129,Joe Pasquale: The Everything I Have Ever Done & The First of Many Goodbye Tours,Joe Pasquale: The Everything I Have Ever Done & The First of Many Goodbye Tours,"A brand new show from one of Britain's best-loved comedians, recorded during his sell-out 2004 UK tour, 'Joe Pasquale in The Everything I Have Ever Done and The First of Many Goodbye Tours'.",2004-11-01,86,en,Released,tt1886581,0.1022,,,False,False,/tQWQK3KkGKFvs9qs1j9cz8jpamM.jpg,,,"This is Joe Pasquale unplugged, unhinged, uninhibited.... and at his very best",0,0,,
42026,Streets of Gold,Streets of Gold,"Alek is an immigrant from the Soviet Union who was a talented boxer in his day, but he was not allowed on the Soviet national team because he was a Jew. Depressed and discouraged, he meets two young amateur boxers. As their coach, he trains them for glory.",1986-11-14,95,en,Released,tt0092022,1.5043,5.375,12,False,False,/7UQSskV2Tf23nNtEzDcqqxpVHz6.jpg,/1xCTLWH00uEK4zRzloZzNmj51iA.jpg,,Three visions. Two fighters. One dream. Their time is now.,0,0,,
56087,Cowboy Up,Cowboy Up,"""Cowboy Up"" is a celebration of the risk-taking, daredevil personalities of modern rodeo. In the world of professional bull riding, newcomer Ely Braxton (Marcus Thomas) is the craziest guy around; his brother Hank (Kiefer Sutherland) is a rodeo clown, and the two use each other to play up their acts. But love may be one thing that tears the brothers apart. When Ely falls for the rodeo's sweetheart (Daryl Hannah), Hank is filled with jealousy and hatred. The brothers try to come to grips with their differences, but the competition gets as fierce as the bulls in the ring.",2002-09-03,105,en,Released,tt0186202,1.1528,5.977,22,False,False,/aw2yvnfqwTumWzvFO78hWUhDcwE.jpg,/c5cQcRKPjKrRRHmlN3cgDh8sHXd.jpg,,"Professional bullriding... it's not a sport, it's war!",0,0,,
79394,Hypnosis,Hypnosis,"Hypnosis is a paranormal thriller, centered on the video-documented hypnotic therapy that Isaia R. Deutzberg, a brilliant American experimental psychiatrist, conducts on a very particular subject: Christian Parenti, a patient suffering from a congenital cerebral aneurysm, which causes him disturbing visions and a total amnesia relating to his first ten years of life.",2011-06-22,100,it,Released,tt2023522,0.2349,4.4,5,False,False,/p6IqLS009zr5VJg6bSs9jXEWntb.jpg,/lddlDSwCeaA4QN51tXLsLIBL3W3.jpg,,Something is returning from the past,0,211681,,
82176,Nachavule,Nachavule,"Lav (Tanish) is a kind of guy whose aim in life is to ‘patao’ a girl. Like innumerable teenage boys, he just wants to experience the feeling of having a girl friend. Anu (Madhavi Latha) is a responsible teenage girl who works part-time in a coffee shop. Lav wants to love her, but she is not of that type. In an occasion, he saves Anu’s father. Impressed with him, she asks him to ask for any favor. Lav asks Anu to be his girl friend for 15 days. Anu agrees to it on certain conditions (no physical touch). In the process, the detached Anu falls in love with Lav. And Lav is more excited to flaunt his girl friend to his friends than actually caring for her. The rest of the story is all about how Lav realizes what’s true love is.",2008-12-19,159,te,Released,tt1695796,0.2419,7.0,1,False,False,/vjwqV8zJ9TkEoRHbJlXSl5zXISF.jpg,,,,0,0,,
36459,Man in the Shadow,Man in the Shadow,"In a modern cow town, the powerful ranch owner’s henchmen kill a ranch hand, prompting the sheriff to investigate despite facing strong opposition. He finds an unlikely ally in the rancher's overprotected daughter, but their quest for justice puts them both in danger.",1957-12-12,80,en,Released,tt0050680,1.287,6.73,50,False,False,/jaq7qeQO3E3AeulcjzEBVzhS2Pf.jpg,/7YJ9tUShJTW15xohOarp4gDJiH2.jpg,,THIS WAS THE NIGHT WHEN THE LAW TURNED LAWLESS...to win back the justice a town had betrayed!,0,0,,
77355,Les aventures de captain Brackmard et la bite de cristal,Les aventures de captain Brackmard et la bite de cristal,,2010-01-30,,fr,Released,tt1622555,0.0214,,,False,False,,,,,0,0,,
28630,"George Lopez: Tall, Dark & Chicano","George Lopez: Tall, Dark & Chicano","One of the premier comedic talents in the entertainment industry, George Lopez stars in his second HBO solo special. George Lopez: Tall, Dark & Chicano is a live stand-up special performed in front of a packed arena crowd at the AT&T Center in San Antonio, TX.",2009-08-09,90,en,Released,tt1508274,0.4007,5.1,8,False,True,/be6gNC20qqPjtAt88H75dnU0CZQ.jpg,/ygGYPw81ynPeZpIqEegDG3Qpa0I.jpg,,,0,0,,
89093,Fanny & Elvis,Fanny & Elvis,"Yorkshire writer Kate finds out her biological clock is ticking down the same day that her husband leaves her. To get over the financial crisis this creates she takes in car-dealer Dave. He's homeless as Kate's husband has moved in with his wife. This leaves the problem of how to get promptly pregnant. Surely not with increasingly interesting Dave. They can't even agree on a baby's name - he thinks Fanny is silly and she finds Elvis, well, inconceivable.",1999-11-19,,en,Released,tt0181534,1.3185,6.429,7,False,False,/xDD80sOZzd9ul23oN9eq0zik2kP.jpg,,,An Inconceivably Romantic Comedy,0,0,,
23729,The Invicible Cell,Blekingegadebanden,"""Blekingegadebanden"" is the true story of a group of young Danish idealists who lost their grip on their own morality. They risked their own freedom and the lives of others and feasibility of raising money for a case that was bigger than themselves. They started as political activists, but came deeper and deeper into an organization that had several layers - legal and illegal. Some stopped in time. Others went with a piece of road. And a few chose to go all the way. It all ended in November 1988 with a history of Denmark until then biggest heist and murder of a 22-year-old policeman. In the film we meet activists from that time - even some of those who went whole hog. And we meet the police, as for so many years was right on the heels of the gang, but still failed to take action before the tragic killings in Købmagergade.",2009-03-20,100,da,Released,tt1347513,0.0327,5.8,7,False,False,/zQdZdT6VDaAmOFtqspvjd6q2KWw.jpg,/lzE5Xqv1prP7CHxib986rt3sOKZ.jpg,,,1520000,0,,
62898,Uuno Turhapuro muuttaa maalle,Uuno Turhapuro muuttaa maalle,Uuno's father-in-law councillor Tuura moves to the country with his wife and daughter Elisabeth. Uuno joins them when it turns out Tuura's mansion is on the construction site of a new road. Tuura however is set on preventing this.,1986-08-29,106,fi,Released,tt0092144,0.7676,5.882,17,False,False,/rDCARvhh12ss3cG1MuaqaEP90Ot.jpg,/9VU1cRrn2BeIYs8vMo276U9Hs8D.jpg,,,0,0,148324,Uuno Turhapuro Collection
73909,Murder 101: If Wishes Were Horses,Murder 101: If Wishes Were Horses,"Dr. Maxwell is called in to investigate the kidnapping of a prize race horse. When the case leads to murder, Maxwell and Detective Bryant suspect the horse's owner.",2007-08-09,84,en,Released,tt1002572,0.7836,7.2,8,False,False,/6qM1vlxAEMKSx10YIv1FuFhKnjL.jpg,/jdaxWgzCnhP1gXLMIkUGIDEPs9F.jpg,,,0,0,731413,Murder 101 Collection
58953,AV,青春夢工場,"The story of four soon-to-be-college grads who are about to embark on the big adventure known as life. The foursome concoct an elaborate plan to hire a Japanese porn actress (or ""AV Girl"") for a fake film. Then they'll have sex with her. What could go wrong?",2005-03-19,103,cn,Released,tt0452931,1.9903,5.684,19,False,False,/lb3LrGNwohaVTtSXYWBolcf6Zh1.jpg,/ApN2NFrLTPKvudKTi4SnMX7ciY9.jpg,,,0,0,,
27984,Far from Home,Far from Home,"Charlie Cox should have stopped for gas in California. While he's on a cross-country trip with his teenage daughter, Joleen, his car hits empty in a creepy town in Nevada. With nary a drop of fuel to be found, Charlie and Joleen stop for the night at a dilapidated trailer park. There, Joleen catches the eye of two teenage boys, Jimmy and Pinky -- either of whom could be the serial killer currently terrorizing the town.",1989-06-30,86,en,Released,tt0097332,1.7864,5.457,46,False,False,/7Sbb0DbjvwZLi7Zb8DSK3sZ9Bsc.jpg,/q7UGbAIgUHA7dyxrXA7X33EgwLp.jpg,,One boy wants her love. One boy wants her dead.,0,11859,,
55574,Hit med Amin - 10 Års Jubilæumsshow,Hit med Amin - 10 Års Jubilæumsshow,"Siden Januar 2003 har Amin Jensen væltet det ene teater og koncerthus efter det andet. Mere end 35000 danskere har moret sig over Amin og de tre musikere Jens Krøyer, Dan Rasmussen og Niels Ratzer i Amins forrygende jubilæumsshow ""Hit Med Amin"". Amin er bedre end nogensinde før. Et show med masser af humor, parodier, satire, musik og sang. Ganske enkelt: En af årets store showoplevelser!",2003-07-13,,da,Released,tt0356692,0.1254,9.0,1,False,False,/5ZmulrL8egM0qQBWrqGm0f2AwtG.jpg,/saYMoTgjiRoU933t4CcMT4MwavN.jpg,,,0,0,336963,Amin Jensen (Samling)
55680,The Craigslist Killer,The Craigslist Killer,"Based on a true story, seemingly flawless Philip Markoff, a charismatic and popular medical student at Boston University, leads a double life and starts to descend into a twisted world of gambling, crime, battery, and eventually murder, all while meeting his victims via Craigslist. ",2011-01-03,95,en,Released,tt1772373,1.8844,5.2,109,False,False,/6kv8tLMxL3OkotgmESuTVM0ihb5.jpg,/d6oeM3zgzAXgZRbfxL4kRhn9ktK.jpg,,Be careful what you search for.,0,0,,
60383,Stupidity,Stupidity,An exploration into the nature of stupidity in Western society and its history of our perception of it.,2003-01-01,61,en,Released,tt0399704,0.8139,5.385,13,False,False,/undzoKFk12WeYqF4Rw24kWisDsK.jpg,,,,0,0,,
26810,A Common Thread,Brodeuses,"French drama, the debut film from writer-director Eléonore Faucher. Teenager Claire (Lola Naymark) discovers she is pregnant and decides to keep it a secret. Abandoning her dead-end supermarket job, she is taken on as an apprentice by couturiere Madame Mélikian (Ariane Ascaride), who is grieving over the death of her own child. As the two women work together, they soon develop a supportive and fam",2004-05-14,89,fr,Released,tt0387892,0.4946,6.424,33,False,False,/j9mUn7MfTUWdM4VthTcTPQE4Bdo.jpg,/nE5GrbmJWM6q8BjcqY0GyQVoo8f.jpg,,,0,0,,
24973,The Egyptian,The Egyptian,"In eighteenth-dynasty Egypt, Sinuhe, a poor orphan, becomes a brilliant physician and with his friend Horemheb is appointed to the service of the new Pharoah. Sinuhe's personal triumphs and tragedies are played against the larger canvas of the turbulent events of the 18th dynasty. As Sinuhe is drawn into court intrigues he learns the answers to the questions he has sought since his birth.",1954-08-25,139,en,Released,tt0046949,2.9512,6.458,106,False,False,/vYLY2YIGCWINPSzLg6tBiN6ub7X.jpg,/qTU1lVXsGfW4e0eZ7YM7WVySvnj.jpg,,"To Nefer, shameless temptress of Babylon, he surrendered his parents' hope of immortality!",5000000,15000000,,
98171,Shaolin vs. Ninja,少林童子功,A Japanese Prince proposes to the Shaolin abbot that a contest between Ching and Japanese martials arts should be held at the Shaolin Temple. However this is just a front for a more villainous plot to overthrow Shaolin and then China herself. Without doubt some of the best choreography to come out of the Orient and crack up as Japanese Bushido experts take on the very best of Shaolin kung fu,1983-01-01,84,zh,Released,tt0201099,0.7393,6.286,7,False,False,/peHNjZ1RADlQ3pPdz1mAS22VrA6.jpg,/hx8YGYL1OMSXNMDIG73GCWTsCcf.jpg,,,0,0,,
31439,To Live,活着,Married couple Fugui and Jiazhen endure tumultuous events in mid-20th century mainland China as their personal fortunes move from wealthy landownership to peasantry.,1994-05-18,133,zh,Released,tt0110081,8.4136,8.067,375,False,False,/bv0qREWTw8TPAtgt22ELp1UlKVl.jpg,/s7xVB5OPWw6GO40VBeEJcX9EwNt.jpg,,,0,0,,
30783,Test Tube Teens from the Year 2000,Test Tube Teens from the Year 2000,"In the future, corporations have taken over the world and banned sex. A group of rebellious high school students devise a way to go back in time to the present day and try change history to prevent that from happening.",1994-07-27,80,en,Released,tt0111402,1.2742,4.19,21,False,False,/lm7N8jrhE2yFozgNApzp8Ys0Oi0.jpg,/3AzlztUOCUrW1TdFvP7ZBHI7zE2.jpg,,Science was never this hard...,300000,0,710303,Virgin Hunters Collection
53519,High and Dizzy,High and Dizzy,"A tipsy doctor encounters his patient sleepwalking on a building ledge, high above the street.",1920-07-11,26,en,Released,tt0011293,0.7306,6.653,36,False,False,/5Ni4l2CpcoKAKd27Z6eZkenac7y.jpg,/15oZzSvDeqthpjpOO65xEP6P2CQ.jpg,,,0,0,,
59067,Bunker Paradise,Bunker Paradise,"Friendly and broke, Mimmo dreams of being rich and famous, but for now he's a taxi driver. One evening, he meets John Deveau, a wealthy and perverse man, and his gang, who draw him into a world of luxurious parties among the wealthy. Charmed and believing he has made it, Mimmo thinks that this world wants him. In reality, he falls into the perverse trap set by John and his gang for their own amusement.",2006-03-22,107,fr,Released,tt0464793,0.9226,5.167,9,False,False,/uWoV0gnIyqL1vcmO2XUhBZSxzMJ.jpg,/fBomi0VrRTI5OmOy9M14N6vtlea.jpg,,,0,0,,
60314,Bellator 1,Bellator 1,"Bellator I was a mixed martial arts event by Bellator Fighting Championships. The event took place on Friday, April 3, 2009 at the Seminole Hard Rock Hotel &amp; Casino in Hollywood, Florida. It was broadcast nationally in the U.S. via tape-delay the following night on Saturday, April 4, 2009 through an exclusive television agreement with ESPN Deportes. The event featured quarter-final tournament bouts of the 2009 Featherweight (145 lbs) and Lightweight (155 lbs) Tournaments, along with a number of non-tournament bouts to be held in the organization's other weight divisions. All bouts were contested under the Unified Rules of Mixed Martial Arts.",2009-04-02,,en,Released,,0.0592,,,False,True,,,,,0,0,,
97035,A Tale of the Wind,Une histoire de vent,"It is an autobiographical fiction starring Ivens as an old man who has spent his life trying to ""tame the wind and harness the sea"" by capturing them on film.",1989-03-19,80,fr,Released,tt0096337,0.4774,6.412,34,False,False,/qASzOVtIGk2VDG0I4mTbKXDJXmV.jpg,/sVnCg03eTCQIN2aSblm8oinbakG.jpg,,,0,0,,
46911,Golden Slumber,ゴールデンスランバー,"When easy-going Aoyagi meets an old friend for a fishing trip, he ends up drugged, framed for the Prime Minister's assassination, and on the run from corrupt cops. It's only the beginning of what quickly becomes the worst, weirdest day of his life. But he'll get by with a little help from his friends, who include a famous pop diva, a rockabilly deliveryman, a crippled old gangster, and the world's most cheerful serial killer.",2010-01-30,139,ja,Released,tt1413529,1.9397,7.1,53,False,False,/4I38BO1TnwiJhzPrJReDKa9cxCH.jpg,/nYhGyscoZNzDzZ84GMbR5EMEiER.jpg,,Suspicious eyes everywhere the world is chasing after him.,0,0,,
49462,Career Girls,Career Girls,"A young college student in London moves into a flat and becomes best friends with a flatmate; the former moves into her own flat 4 years later but 6 years after their parting, the former returns to London to pay the latter a visit.",1997-06-01,87,en,Released,tt0118818,1.3856,6.6,90,False,False,/bV6ezK5Qcqv9ul9B6yGiKcfA0pG.jpg,/bY6KE2RjsesYoQbAG602jyCLjDB.jpg,https://www.film4productions.com/productions/1997/career-girls,All Hannah wanted was a roommate... instead she got a best friend.,0,0,,
71352,Residence Permit,Вид на жительство,"A young talented doctor Rostislav Saveliev, who believes that he is not valued enough in his homeland, taking advantage of a tourist trip, stays in one of the European countries. But failing to find a job in his specialty, he is forced to agree to a proposal from the school of saboteurs...",1972-10-09,89,ru,Released,tt0332814,0.4008,7.0,1,False,False,/bbuJ2pA9Np3oFkqPOCskW2mK3V3.jpg,/dGIikHthaHb5Z2kD5MUIdEFsMnw.jpg,,,0,0,,
28994,The Adventures of the Wilderness Family,The Adventures of the Wilderness Family,The story of a modern family bored with the hassles of the city life in Los Angeles. They head for the wilderness never to return.,1975-12-19,105,en,Released,tt0072610,1.1202,5.972,36,False,False,/1t5JbM4gxjWyAaq884rbNEqKcRr.jpg,/bvNlOYVlSu0DvqIhjIKSejBqrsM.jpg,,,0,0,211860,Mountain Family Robinson Collection
58994,Centerfold Screen Test,Centerfold Screen Test,Take a sneak peek behind the scenes of a casting audition for roles involving nudity. Twenty-one separate castings have been compiled in this video with some of the best female auditions ever.,1985-01-01,,en,Released,tt0379210,0.3244,4.0,3,False,False,/ddnIEoLznKPI298Dm2FCKps0EpA.jpg,,,,0,0,,
20860,The Stöned Age,The Stöned Age,"Determined to avoid another night of driving aimlessly around Torrance in the Blue Torpedo, Joe and Hubbs set out on a quest for fine chicks. Their paths soon cross with Tack, from whom they learn about a pair of foreign radical chicks hanging out near the Frankie Avalon place. Over Joe's objections, Hubbs worms Tack out of the deal, and the pair take a slow ride toward their destiny.",1994-12-05,90,en,Released,tt0111293,2.5767,5.953,64,False,False,/kamyDHHWjIkW35M0d0lJ2RzXjhp.jpg,/bggXK8BospsGCNqTCw3L0HpmcnA.jpg,,,0,0,,
22779,Victory Through Air Power,Victory Through Air Power,"Based on the book by Major Alexander de Seversky's about his theories of the practical uses of long range strategic bombing. Using a combination of animation humorously telling about the development of air warfare, the film shows de Seversky illustrating his ideas of how air power could win World War II for the Allies.",1943-07-17,65,en,Released,tt0036497,0.8286,5.73,50,False,False,/7uHtN8sAlVsSbTZOvhGV8iTEfGk.jpg,/e8xNmmkolNOc8FBKWha19Q6eL4u.jpg,,There's a Thrill in the Air!,799000,788000,,
14202,The Painted Veil,The Painted Veil,"A British medical doctor fights a cholera outbreak in a small Chinese village, while also being trapped at home in a loveless marriage to an unfaithful wife.",2006-12-09,125,en,Released,tt0446755,3.4926,7.255,1260,False,False,/k41IvHDLgZO2ae7RuU77wQjScIj.jpg,/9r2vUgsFoYIvEryW77chX5moedT.jpg,,Sometimes the greatest journey is the distance between two people.,19400000,26910847,,
71509,Elvis Gratton 3 : Le retour d'Elvis Wong,Elvis Gratton 3 : Le retour d'Elvis Wong,A bumbling man finds adventure in the media world.,2004-06-23,105,fr,Released,tt0380344,0.3104,5.25,8,False,False,/5LQAQe6kuPCkHSmtoJlAByxwkC9.jpg,/ncAjU4zEWIsWK4b50zX2tjC0fVO.jpg,,Think Big Sti !!!,0,0,1112180,Elvis Gratton Collection
11103,Head Above Water,Head Above Water,"Judge George brings his young wife, Nathalie, to a remote island for a vacation. But while George accompanies their only neighbor -- Nathalie's childhood friend Lance -- on a fishing trip, Nathalie spends time with her ex, Kent. When Kent ends up dead the next morning, Nathalie tries to hide the evidence before her husband gets home. After the body is found, the events of the previous night unravel, with unexpected revelations.",1996-11-07,92,en,Released,tt0116502,1.6193,5.978,160,False,False,/snbpUmX63bbjko0j0NyugJPHd9b.jpg,/xAbmXGRLMtrzO5lYbEoPCED6KGj.jpg,,Murder just became a water sport.,0,0,,
20379,Grand Prix,Grand Prix,"The most daring drivers in the world have gathered to compete for the 1966 Formula One championship. After a spectacular wreck in the first of a series of races, American wheelman Pete Aron is dropped by his sponsor. Refusing to quit, he joins a Japanese racing team. While juggling his career with a torrid love affair involving an ex-teammate's wife, Pete must also contend with Jean-Pierre Sarti, a French contestant who has previously won two world titles.",1966-12-21,176,en,Released,tt0060472,2.7557,7.233,221,False,False,/yEXrf09o8wVRFSptYFr6VcqLjPr.jpg,/96etD6qTLBfoGYZsLb9AAcSETjE.jpg,,All the glamour and greatness of the world's most exciting drama of speed and spectacle!,9000000,20800000,,
42463,Wedding in Blood,Les Noces rouges,"In a small French town, the mayor discovers his wife is cheating on him, a betrayal that eventually leads to murder.",1973-04-12,95,fr,Released,tt0070453,1.1772,6.368,76,False,False,/1BAC8HGlfSfZobuN3WGzjaieZDt.jpg,/c8qiudxElpF56rugomKapXhwclW.jpg,,A matter of lust and death.,0,0,,
28248,Copperhead,Copperhead,Small town in the Wild West is attacked by poisonous snakes.,2008-06-28,90,en,Released,tt1027806,0.8226,5.1,8,False,False,/ljPNGJb8tp4x7ttu02NrBkw3K2g.jpg,/gHKECm81liJSsyydJeQfIQKWsCD.jpg,,,0,0,,
10827,Karo und der liebe Gott,Karo und der liebe Gott,"On the day of Karo's first communion, her parents' marital problems come to light. The ensuing separation hits her hard. Karo complains to God about her desperate situation via walkie-talkie. A gruff voice answers, eventually identifying itself as God and unwittingly providing proof of this. When Karo sees the man behind the voice, she is overcome with doubt. With the goal of reconciling her parents in mind, she forces the man into his divine role and thus to help her. The attempts staged by Karo and God to save her parents' marriage trigger a rollercoaster of emotions. In the end, Karo has grown from her failed goal and has not only found new friends for her life, but also a new perspective.",2006-08-04,94,de,Released,tt0770183,0.1289,7.0,1,False,False,/6VwO8eWBfs0b1V2QwS9JPFPgdy.jpg,/yF1bft13TtJiSEM2IepiTNX9bRt.jpg,http://www.karoundderliebegott-derfilm.de/index.php,,0,0,,
42823,The return of the prodigal husband,Возвращение блудного мужа,"Pasha (an avid mountaineer at heart) and Lisa, who lived together for twenty years and raised two children, suddenly realize that their ardent love is almost gone, and they understand each other badly. It happens in any family. But in some families, these crises are somehow resolved, and everything rolls on the usual track.  Our heroes are quite unexpectedly tightened in such a cycle of events that takes your breath away! In the year of the twentieth anniversary wife puts an ultimatum — either I or mountains. And that's just when my husband is going to go to the mountains for the last time....",2007-08-12,100,ru,Released,,0.374,,,False,False,,,,,0,0,,
40828,A Concert by the Lake,A Concert by the Lake,"Filmed at the Historic Wintershall Estate in Surrey, England, this concert brings togetzer a group of Rock Legends under the musical direction of Procol Harum's Gary Brooker to perform many of their best loved Tracks.  An amazing line-up of star soloists including Eric Clapton, Katie Melua, Roger Taylor, Ringo Starr, Paul Carrack, Andy Fairweather Low, Gary Brooker, Chris Barber, and The Drifters.",2010-02-16,112,en,Released,,0.4017,6.2,4,False,False,/uzQZSRb5FbEkGZYOuKQIlDEKsgK.jpg,,,,0,0,,
72686,Once Upon an Angel,Peau d'ange,"A grief-stricken man who just lost his mother has a one night stand with a maid. What he doesn't know is that she's a virgin. He returns to his sad world of perfume business while she, unable to forget her first lover, follows him.",2002-10-09,85,fr,Released,tt0284387,0.8052,4.667,6,False,False,/dRmAYNRZjicghnXy1KsqMiJvSfa.jpg,,,,0,0,,
74457,Redemption Road,Redemption Road,"In Tennessee, Bailey, a debt-straddled blues guitarist, is escorted across the state by a man named Augy so that he can collect his recently deceased grandfather's estate. A drama focused on an individual's spiritual redemption.",2011-08-26,91,en,Released,tt1470020,0.8594,5.0,11,False,False,/w1NBcLgbJAyuuat0UcIpKQnHmJA.jpg,,,,0,0,,
36838,Mr. Rossi's Dreams,I sogni del signor Rossi,"At the end of another week of work Rossi returns home with the intention of enjoying a quiet and peaceful weekend. He lives with Gastone, his dog-friend,who, after a week of loneliness, can't wait to go out, for instance to the movies, and have fun. Gastone as a matter of fact is a passionate fan of movies, television and heroes' books. He always compares Rossi with them and nags with a petulant : ""Rossi, Rossi, if you only were...braver, stronger, richer..."". His continuous complaints push Rossi to identify himself with those heroes; throughout the film we will meet Rossi-Tarzan, Rossi-Astronaut, Rossi-Sherlock Holmes, Rossi-Zorro, Rossi-Hollywood actor, Rossi-scientist, Rossi-Lancelot, Rossi-Aladdin. Eight fantastic adventures in which Rossi, along with faithful Gastone, relishes the joy of being a hero.",1977-08-04,80,it,Released,tt0078287,0.4311,6.833,6,False,False,/v4i2Sde2sRK6rsmTaQYFSo5pxQU.jpg,/77gHhAxZBX6V1Udj7eNsip6YluS.jpg,,,0,0,1647325,Il signor Rossi (film) - Collezione
74469,The Story of Louis Pasteur,The Story of Louis Pasteur,"A true story about Louis Pasteur, who revolutionized medicine by proving that much disease is caused by microbes, that sanitation is paramount and that at least some diseases can be cured by vaccinations.",1936-02-22,86,en,Released,tt0028313,0.8754,6.923,52,False,False,/tEYBb5ZKK22TWSwLY1hkFSD2rjG.jpg,/dNrOYlSjx9F6WPrtVaKai6OAa1k.jpg,,If This Story Didn't Have a Happy Ending YOU and YOU and YOU Might Not Be Alive Today to See It...,0,0,,
43989,Sud,Sud,"During a hot Sunday afternoon in a small Southern Italian town, a school serving as a polling place is occupied by a group of three locals and an Eritrean immigrant, all unemployed, desperate and armed.",1993-10-17,86,it,Released,tt0108245,1.0068,6.792,60,False,False,/uuW31XFnBnsqXOavWQazugcffNq.jpg,/2K35wASTpoiH9G1DtF0DEcbxjbu.jpg,,,0,0,,
76960,Rules of Single Life,Rules of Single Life,A Finnish documentary follows four young men who have one year to find new love in Helsinki.,2011-04-01,,fi,Released,tt1433819,0.1765,3.0,1,False,False,/aI6rWaRh4lJHgJbEvziRKzE17Jj.jpg,,,,0,0,,
79553,The Front Line,고지전,"In 1951 ceasefire is declared, but two remaining armies fought their final battle on the front line Towards the end of the Korean War, a South Korean battalion is fiercely battling over a hill on the front line border against the North in order to capture a strategic point that would determine the new border between two nations. The ownership of this small patch of land would swap multiple times each day. Kang is dispatched to the front line in order to investigate the tacit case that’s been happening there.",2011-07-20,133,ko,Released,tt2007387,2.421,7.174,198,False,False,/cRw9czK3hOnNenW1iVVpGM3kbn7.jpg,/pDgX3i0xd3bzLCmh6ejapPNMQx4.jpg,,Last battle of the Korean War.,10000000,15786086,,
8069,Barbarella,Barbarella,"In the far future, a highly sexual woman is tasked with finding and stopping the evil Durand-Durand. Along the way she encounters various unusual people.",1968-10-10,98,en,Released,tt0062711,4.1613,5.989,824,False,False,/facTz5BZz4AkJal1FWgjYciekih.jpg,/gY8essk1UcNZMK3VRkPpdaUQLDQ.jpg,,See Barbarella do her thing!,9000000,2500000,,
13875,Baby Einstein: Baby Van Gogh - World of Colors,Baby Einstein: Baby Van Gogh - World of Colors,"This unique video, starring ""Vincent Van Goat,"" introduces babies and toddlers to basic colors through charming puppetry, timeless art, live-action footage, classical music and child-friendly poetry. Includes images of Van Gogh's most famous ... Full Descriptionpaintings. Featuring child-friendly arrangements of music by Brahms, Ravel, Strauss, Tchaikovsky and others.",2000-08-15,70,en,Released,tt0488492,0.2641,6.0,5,False,True,/m7XlMhe6VOZ7jRUZGqksTUCbE88.jpg,/8wN80BIP47pgcplDtJvR19Yu0sp.jpg,,,0,0,,
37855,Life on Earth,La Vie sur Terre,"Just before the turn of the 21st century, Drahmane returns to his father's village in Sokolo, Mali. A contemplative bike stroll around town makes him reflect on the significance of time passing at the dawn of a new millennium. As everybody goes on with their daily tasks, Sokolo might as well be the center of the world. The film earned Sissako awards at the Fribourg International Film Festival, the Ouagadougou Panafrican Film and Television Festival and the San Francisco International Film Festival.",1998-07-01,61,fr,Released,tt0157160,0.3695,6.033,15,False,False,/atf9YMyOG7Qx6sngROXbzSHxYUr.jpg,/qrKlmUZF4RJxKPqzqwLvtWEbr74.jpg,,"""Europe is not my center. Europe is on the outskirts!""",0,0,,
68865,War Goddess,Le guerriere dal seno nudo,"Alena Johnston is Antione, the War Goddess of the Amazons, who must mate with the Greek king Theseus to propogate her race. Traditionally this is done only out of duty, but this time she falls in love with her ""boy toy""... a definite no-no for an Amazon queen. Helmed by James Bond director Terence Young and based on a story co-authored by Robert Graves, this sexy and spectacular entry in the sword-and-sandal genre features an incredible bevy of Euro-cult starlets including Rosanna Yanni, Helga Line and Luciana Paluzzi, plus a lyrical score by Academy Award-winner Riz Ortolani.",1973-12-15,100,it,Released,tt0070140,1.4058,4.619,21,False,False,/zLk6OxYjkQi5003bCmiZAB9vcy2.jpg,/6LzAI73tDDgLWCmqGFubcUlTcFu.jpg,,Women Warriors as Sensuous as they are Savage. Women Rulers as Passionate as they are Powerful.,0,0,,
40055,The Big Pardon,Le Grand Pardon,"The Bettoun clan: Raymond (the patriarch), Maurice (the son), Jacky (the nephew), Roland (the nephew), Albert (Raymond's cousin), Pépé (Raymond's friend), Samy (the bodyguard) are a family clan of Jewish Blackfoot kingpins of French organized crime.  Their activities include running casinos, organizing underground boxing matches, illegal gambling, pimping, racketeering and bloody settlements of scores against other Arab and French clans.  But in the shadows, Pascal Villars has sworn the loss of the Bettoun.  He will succeed in setting the Arab clan against the Jewish clan, for the great benefit of the police commissioner Duché, who has been trying in vain for ten years to bring down the Bettouns.",1982-01-27,130,fr,Released,tt0082471,0.9333,6.206,85,False,False,/20Q4AwZCWTzdAuE5HZlHGWDvfL8.jpg,/poT2rxQFVNfiZVeUzWwcPLaszSy.jpg,,,0,0,547875,The Big Pardon Collection
27582,The Mechanic,The Mechanic,"Arthur Bishop is a 'mechanic' - an elite assassin with a strict code requiring professional perfection and total detachment. One of an elite group of assassins, Bishop may be the best in the business - with a unique talent for cleanly eliminating targets. When Harry McKenna, his close friend and mentor, is murdered, Harry's son comes to him with vengeance in his heart and a desire to learn Bishop's trade, signaling the birth of a deadly partnership.",2011-01-13,93,en,Released,tt0472399,7.3872,6.527,3568,False,False,/i8IcT4oBKL793qyo91P1RnhroiQ.jpg,/dYb6kgvoGjUH59n2uB4eV9xqmKR.jpg,http://www.themechanicmovie.com/,Someone has to fix the problems.,40000000,51070807,280504,Mechanic Collection
66095,"Hello, Fools!","Привет, дуралеи!",Two people meet one another in a multi-million city...,1996-12-29,112,ru,Released,tt0117392,0.9964,6.083,18,False,False,/gBuqQSHycfAQCZe17ggyRoVS0Ox.jpg,/1CcyUPCDMCCfeWrHLLNcqT6s9XQ.jpg,,,0,0,,
67379,Jimi Hendrix: Electric Ladyland,Jimi Hendrix: Electric Ladyland,"Originally produced in 1997 as part of the Classic Albums television series, this newly edited, expanded edition features almost 40 minutes of additional content not see in the original feature. Bassist Noel Redding, drummer Mitch Mitchell and co-manager Chas Chandler detailed their contributions while engineer Eddie Kramer re-examined the many multi-track tapes created during the sessions. Help from Jimi's `friends and passengers' came by way of new interviews with drummer Buddy Miles, Jefferson Airplane bassist Jack Casady, Traffic's Dave Mason and Steve Winwood, among others.",2008-12-09,60,en,Released,tt0235297,0.411,7.9,5,False,False,/jh9LxWInTXnx8itadq2Lowf4M0F.jpg,/lgUB8NGvHMkJEP3uQY4vTdQfn7v.jpg,,Classic Albums: Jimi Hendrix - Electric Ladyland,0,0,,
35078,Orgies and the Meaning of Life,Orgies and the Meaning of Life,"Baxter Goode is a man trying to find an ending to his book about a sex obsessed stick figure searching for a portal to the three dimensional world, as his father, a best selling Christian author, tries to stop him. His life is further complicated by his search for the one woman who will liberate him from his long addiction to orgy fantasies.",2008-01-01,90,en,Released,tt1083468,0.6393,3.0,7,False,False,/qO3yhufslQu4XTYsUStrtNALjoV.jpg,/kYtBNsLLqM2fE8jIo3LR887b2rR.jpg,,,0,0,,
74439,Murder in The Senate,Asesinato en el Senado de la Nación,Historical film that focuses on political and social events took place in Argentina during the beginning of the 30s. Santafecino Deputy Lisandro de la Torre complaint in Congress Argentine meat business with England.,1984-09-13,99,es,Released,tt0086915,0.5643,5.4,5,False,False,/74kPficW3326o5Ud0NiiO2EOfEt.jpg,/lBZmrv1sdXALnAgSQS07f5rFVmH.jpg,,,0,0,,
22927,G.I. Joe: Resolute,G.I. Joe: Resolute,"G.I. JOE is a highly trained, classified special operations unit composed of men and women from around the globe. G.I. JOE: RESOLUTE, the raging battle between G.I. JOE and COBRA has never been more intense. Every life is at stake… and even the good guys can die. This is no game. Your favorite G.I. JOE characters are back… but this time, no one is safe.",2009-04-25,60,en,Released,tt1259299,0.6964,5.8,18,False,False,/4DoHuvewXUjgcZxhSNIq8BiyfR9.jpg,/nfuuLBV1Ka51MgTh7kbhG5sDAR.jpg,http://www.hasbro.com/resolute/en_US/,,0,0,,
9976,Satan's Little Helper,Satan's Little Helper,A naïve young boy unknowingly becomes the pawn of a serial killer.,2005-10-04,100,en,Released,tt0380687,1.7573,5.4,167,False,False,/osugwBXcbXZ2IYmzR4rCkrJxiQa.jpg,/kt10YeDszQoDLeBK2Xrp0ZCFSeG.jpg,,You'll laugh 'til you die.,0,0,,
49030,Everybody Loves Goofy,Everybody Loves Goofy,"It's nonstop laughs as Goofy, the world's wackiest hound dog, returns in a hilarious collection of his greatest cartoon shorts. The whole family will enjoy Goofy's patented brand of comedy chaos.Travel to the circus as Goofy matches wits with Delores the elephant (guess who wins?) in ""The Big Wash,"" and laugh out loud when the loveable loser leaves his house in shambles after helping out with the household chores in ""Father's Day Off."" You'll love every minute of Goofy's outrageous antics in this delightful collection, overflowing with the magic of Disney animation.",2003-11-03,52,en,Released,tt8587272,0.3327,7.1,61,False,True,/jRK37oEVKiQIisC62Gg6GJavyQu.jpg,/h6RKj49MMWBHVcU8nNygkl1ti2D.jpg,,,0,0,737558,"Everyone Loves Mickey, Donald, Goofy"
60504,Bone Daddy,Bone Daddy,"Doctor Palmer, a former pathologist, wrote a fictional book based on his real cases. In the book, the madman gets caught, but in reality he is still uncaught. After the book is released, Palmer's editor is kidnapped. Palmer soon is sent a present containing a page of his book, and a bone from his editor. Together with the police, Palmer tries to find his editor, who might still be alive. In addition, his own son becomes one of the main suspects. Written by Julian Reischl",1998-07-19,90,en,Released,tt0139076,1.3398,4.52,25,False,False,/pAtj1hZsbDvhkCrpR2KT1LUfMuF.jpg,/8b2V7MC5RPVnJfaE1eQgZA7M7Ps.jpg,,Dying is the easy way out.,0,0,,
20623,Page 3,Page 3,'Page 3' takes a behind-the-scenes look at the lifestyles of the A-list celebrities in metro cities. It explores the networking and the power play between the air-kissing,2005-01-21,139,hi,Released,tt0443708,0.7254,6.145,38,False,False,/wQnQ8BOiJpLze6wC01ujoQcjyeU.jpg,/aapYQT7YOw2xEkV2C14dxFu3LU7.jpg,,,0,0,,
80599,Mikula and Mikulka,Mikola a Mikolko,"Based on Hans Christian Andersen's fairy tale ""Mikula and Mikulka"".",1988-01-01,83,sk,Released,tt0175913,0.417,7.75,2,False,False,/9683pVOprVjTreYiWvQRHsyHula.jpg,/p1D0NIGBZFHrT34VT95M3EXsjzM.jpg,,,0,0,,
17122,Y2K,Y2K,"On the eve of the new millennium, a nervous military leader assembles a team to help him deal with an unforeseen problem, as they are being alerted of a long missing nuclear missile hidden somewhere deep in the jungle which is set to go off in January 2000, due to the millennium bug! It's up to them to race against time to stop it before it is too late and they are doomed!",1999-07-01,106,en,Released,tt0196221,1.7081,5.6,10,False,False,/Afdp8AwRDsnnZKVvcPfjJI1mNMk.jpg,/rNJdeq3O0cY47sHtgNUDJuF9zxd.jpg,,"""Man Holds in his mortal hands the power to abolish...all forms of life."" - JFK.",0,0,,
16354,Pride 34: Kamikaze,Pride 34: Kamikaze,"Pride 34: Kamikaze was a mixed martial arts event held by Pride Fighting Championships on April 8, 2007 at the Saitama Super Arena in Saitama, Japan. This was the last Pride show promoted by Dream Stage Entertainment before the sale of the company (see Pride Worldwide). Although Wanderlei Silva and Mauricio Rua were negotiating with Pride to compete, Silva did not participate because of a medical suspension received from the Nevada State Athletic Commission. The commission had stated that if a Japanese doctor cleared Silva for competition, they would consider lifting the suspension three days early, but this did not come to fruition. Gilbert Yvel was originally slated to fight Bazigit Atajev, but Atajev withdrew due to an internal disease",2007-04-08,199,en,Released,,0.1036,5.0,1,False,True,/qtCnYUsNe30rvytNlyXtf3up8T.jpg,,,,0,0,,
46929,Fun and Fancy Free,Fun and Fancy Free,"Jiminy Cricket hosts two Disney animated shorts: Bongo about a circus bear escaping to the wild, and Mickey and the Beanstalk, a take on the famous fairy tale.",1947-09-27,73,en,Released,tt0039404,2.6571,6.268,524,False,False,/zBMBHx7JrHIB6U4wYT3q0yvwQuP.jpg,/7jx2eRTyWRVkDq7XK8JqWs8ssjI.jpg,https://movies.disney.com/fun-fancy-free,,0,0,,
68243,One Week Job,One Week Job,"After graduating from university, Sean Aiken struggled with the question 'What should I do with my life?' His father said to find his passion. Taking the advice to heart, Sean created The One-Week Job Project, with the goal of working 52 jobs in 52 weeks.",2010-06-28,80,en,Released,tt1664006,0.0505,5.0,4,False,False,,,,,0,0,,
64634,Pure Hate,Pure Hate,"Day and night, wholecar or end-2-end -- get involved when Berlins craziest aerosol junkies visit their iron favorites, and the camera won't leave their side.  Pure Hate is an explosive mixture of Berlin’s graffiti scene and shows 70 minutes of the hardest stuff writers from the capital of Germany have to offer. This masterpiece of underground graffiti videos sets new standards and will kick your ass!",2004-10-07,70,de,Released,,0.0707,6.0,1,False,False,/8ycCE85YTc3iazx0rZdfGGlkKo.jpg,/nxEVpdNEYn8qtbXQHG6kgKtWXjF.jpg,,100% Aerosol..100% Berlin..100% Action... PURE HATE,0,0,,
11876,The Horseman on the Roof,Le Hussard sur le toit,"In a time of war and disease, a young officer gallantly tries to help a young woman find her husband.",1995-09-20,135,fr,Released,tt0113362,1.576,6.523,154,False,False,/tsmwnxi8hGXQTNVqBRCAVsfeGON.jpg,/5aXOJ5cpzodpZoTDe4NVL0kSkRl.jpg,,,35000000,15000000,,
71881,Five Corners,Five Corners,"A psychotic young man returns to his old neighborhood after release from prison. He seeks out the woman he previously tried to rape and the man who protected her, with twisted ideas of love for her and hate for him.",1987-09-11,94,en,Released,tt0093029,1.5452,5.881,67,False,False,/sjCavnds8Yfk57fG5GGtBhnNjrt.jpg,/8N5ryumaXkftZtiPsCn0bXetxel.jpg,,Friends last forever. Goodness is its own reward. ...And there ain't no Indians in the Bronx.,5500000,969205,,
77462,A Happy Event,Un heureux événement,"She drove me into a corner, then forced me to go beyond my limits. She made me confront the absolute: love, sacrifice, tenderness, abandonment. She dislocated me, transformed me. Why didn't anyone warn me? Why doesn't anyone ever talk about this?"" Un heureux événement, or an intimate view of motherhood, sincere and with no taboos.",2011-09-27,107,fr,Released,tt1987018,1.0678,6.0,231,False,False,/qVUl6ktomxxkPu02LhFtiBsoFv7.jpg,/cOADBqxPLpYdmZZyFPuhjthdSoi.jpg,,,0,3929796,,
13939,Death Wish,Death Wish,"After his wife is murdered by street punks, a pacifistic New York City architect becomes a one-man vigilante squad, prowling the streets for would-be muggers after dark.",1974-07-24,93,en,Released,tt0071402,4.4777,6.893,938,False,False,/rNksI6UiuTgLtBy69WvKT1PrG0R.jpg,/gTO4GgaQDn5msqOvX6LeTj6H7CR.jpg,,"Vigilante, city style — judge, jury, and executioner.",3000000,76600000,14377,Death Wish Collection
49236,Art of the Devil 3,ลองของ 2,"After Ta's mother is poisoned by his father, he finds himself in a dark and dangerous situation among demons when his family uses black magic to bring her back.",2008-04-03,85,th,Released,tt1424066,1.86,6.829,85,False,False,/8adFAprCXfdAdlNYav0wa518iKK.jpg,/3zUGPtZ4ET45JOdkdU9qddLjMNt.jpg,,Look into your fears.,0,0,220441,Art of the Devil Collection
60528,Javier Guzman: Deelt Uit III,Javier Guzman: Deelt Uit III,,2004-12-05,,nl,Released,tt5279802,0.0214,6.0,1,False,False,/ktxUQ0kfeCnXDy136aE6Kz6liH1.jpg,,,,0,0,,
89461,Luminaris,Luminaris,"In a world controlled and timed by the light, a common man has a plan that could change the destiny.",2011-06-06,6,es,Released,tt1860278,0.1094,7.0,32,False,False,/xvhfgpZsF9htNKbTag2HJ9Ww6hw.jpg,/Fy4iIkiJ1HDjC9dZ4ORvM6gRyy.jpg,,,0,0,,
29609,The Ghost Train,The Ghost Train,"Mismatched travellers are stranded overnight at a lonely rural railway station. They soon learn of local superstition about a phantom train which is said to travel these parts at dead of night, carrying ghosts from a long-ago train wreck in the area.",1941-05-05,85,en,Released,tt0033660,0.891,6.114,35,False,False,/aHpUL7rUjAGHcKJmzoQcnsphanU.jpg,/iaK6PUMZWi5Wj3RvfHSTEQXnhes.jpg,,,0,0,,
11,Star Wars,Star Wars,Princess Leia is captured and held hostage by the evil Imperial forces in their effort to take over the galactic Empire. Venturesome Luke Skywalker and dashing captain Han Solo team together with the loveable robot duo R2-D2 and C-3PO to rescue the beautiful princess and restore peace and justice in the Empire.,1977-05-25,121,en,Released,tt0076759,25.5432,8.203,22201,False,False,/6FfCtAuVAW8XJjZ7eWeLibRLWTw.jpg,/yUiXA68FfQeA8cRBhd0Ao0jIRZt.jpg,http://www.starwars.com/films/star-wars-episode-iv-a-new-hope,"A long time ago in a galaxy far, far away...",11000000,775398007,10,Star Wars Collection
33786,Starring Maja,Prinsessa,"In a hopeless small town in Sweden, lives Maja, 18 years old. Her highest and only dream is to become an actress. She wants to be the center of attention - for everyone to see HER, to see the beautiful person she is inside. It's just a little hard to see. Maja is severely overweight, clumsy and completely without social skills... We get to follow Maja and her struggle to realize her dreams during the last semester of high school.",2009-09-11,91,sv,Released,tt1216501,0.616,6.3,9,False,False,/6JAh9LERsQF7Fz1DLaiVrpHBRBf.jpg,/varQpGrCxDEJM8LdIHjC2S7mKmV.jpg,,,0,0,,
46796,Paddle to the Sea,Paddle to the Sea,A boy's carved boat travels through the Canadian wilderness until it reaches the ocean.,1966-02-01,28,en,Released,tt0060810,0.4713,6.875,16,False,False,/ondxO3hKp04WXTSWi4FzlejBFh6.jpg,/4vCLvRC56VL6efVflKHrjJrjwsZ.jpg,,,0,0,,
71039,Yeah Dude,Yeah Dude,"Yeah Dude 2007 YEAH DUDE If youre a Poor Boyz fan, you've probably noticed PBP's movies follow a formula: The world's best riders + sick locations + sick action filler = the best ski movie of the year. PBP's 2007 release Yeah Dude follows the Poor Boyz tradition of scintillating action, sending crews to all points of the globe to capture the year?????s best skiing. But when it came time to assemble the pieces, PBP started expanding its repertoire. Once the snow melted, many of Yeah Dude's athletes and crew members visited the Poor Boyz studios to give candid accounts of their seasons. The result is a much more intimate portrait of the Poor Boyz crew than you're used to, but without any consequent lulls in the action. Yeah Dude gives you all the skiing action you expect from PBP. But Yeah Dude is unlike any ski movie you've seen before.",2007-01-01,70,en,Released,tt2047921,0.0143,,,False,False,/lsyONSAO89fL0AvklPvBkuAUE3I.jpg,,,Skiing,0,0,,
71172,Gintama: The Movie,劇場版 銀魂 新訳紅桜篇,"Odd Jobs Gin has taken on a lot of odd work in the past, and when you're a Jack of All Trades agency based in a feudal Japan that's been conquered and colonized by aliens, the term ""Odd Jobs"" means REALLY ODD jobs. But when some more than slightly suspicious secrets from the shadows of Gintoki Sakata's somewhat shady former samurai past and a new pair of odd jobs collide, the action is bound to get so wild and demented that only a feature film will do it justice!",2010-04-24,95,ja,Released,tt1636780,3.6938,7.424,99,False,False,/E3RT3f8oOuPS2pMhgH47TKBPgu.jpg,/rY6w3b5Mn0LRIkD9lhhCei849NF.jpg,,Gintama Wasshoi Festival!!,0,10453259,713969,Gintama Collection
87275,Soldaat voor Ambon,Soldaat voor Ambon,,2010-04-20,41,nl,Released,,0.0143,,,False,False,,,,,0,0,,
66831,Californy 'Er Bust,Californy 'Er Bust,"A narrator tells the story of how the Western pioneers (all being Goofy lookalikes) are travelling in covered wagons across the frontier. They run into some Indians (who are also Goofy lookalikes) and battle breaks out between them. Suddenly a tornado comes by and sweeps up the covered wagons, dropping them into various states such as ""Wash"", ""Organ"", and ""Californy.""",1945-07-13,8,en,Released,tt0037569,0.2798,6.259,29,False,False,/kaTKJmVWi5PHvIp726gYtLS5laY.jpg,/rQTaKeWwL6rqf4gzvhCQmMZbQrg.jpg,,,0,0,,
65136,The Old New Year,Старый новый год,Two families are trying to fix their problems during the celebration of the New Year.,1980-12-18,138,ru,Released,tt0081557,0.7364,5.75,18,False,False,/wZGbiN8lsdScmDVZG6w7cTvEAnG.jpg,/w0IM4UcydYa03Y9ex0nQK9WXI0k.jpg,,,0,0,,
60543,More Than a Miracle,C'era una volta,"A fairy tale of the misadventures of a beautiful but temperamental Neapolitan peasant, Isabella, when she meets the ill- tempered Spanish Prince Rodrigo Ferrante y Davalos. The King of Spain has ordered Rodrigo to choose a wife among seven Italian Princesses, but he is smitten by the lowly peasant.",1967-10-19,104,it,Released,tt0061433,1.6791,5.884,43,False,False,/g2PVZfQUIhmZSPTHulb0vO2Hefg.jpg,/yN7kiVhfZx9j05xXeqFs9KnbneL.jpg,,"Who ever thought that making love could be such a glamorous, romantic, spectacular adventure?",0,0,,
80629,Hot Rod Hullabaloo,Hot Rod Hullabaloo,"A young hot rodder, needing money to go to college, decides to participate in an illegal drag race. He knows he has the fastest car around and so does his competitor who is willing to stop at nothing to win the large pot and begins plotting to shooting the hero. When the good driver's best friend learns of the scheme he races off to warn him. Unfortunately, the wicked driver runs him over right in front of the aspiring student's girl friend, who learns of the plot from the dying friend. The quick-witted girl saves her lover's life in one ingenious, and ultimately, gory stroke. The film was shot on location in Washington, D.C.",1966-11-01,81,en,Released,tt0060518,0.5539,6.0,4,False,False,/mAFGOjRGg5a7kfprF1W4X7waVzd.jpg,,,Speed's their creed!,0,0,,
79714,Kev Adams - The Young Man Show,Kev Adams - The Young Man Show,,2011-02-28,,fr,Released,,0.1676,6.8,45,False,False,/lLxIyUGbxZPbaEo4bIoZUuEpODz.jpg,/5UjhqHauRfYD1cc3ax1n4IRQySW.jpg,,,0,0,,
81160,Kali,Kali,Kali movie is a film that tells the story about the commercialization of medical practice. Rajagopalan Nair hails from a poor family. Through sheer brilliance and hard work he passes out from the medical college with flying colours and becomes a doctorHe is appointed as a doctor in a five star super speciality hospital. But slowly he realizes that the hospital's objectives are financial rather than humanitarian.Unable to reconcile himself with the situation he revolts.,2009-05-06,,en,Released,tt5544996,0.1433,,,False,False,,,,,0,0,,
12631,Drei Mann in einem Boot,Drei Mann in einem Boot,Three men want to escape their troubles with women by taking a boat tour on the Rhine river.,1961-08-25,87,de,Released,tt0054826,0.6655,6.632,19,False,False,/9qChtlvC6yjiVplQQnE3XZXPMtt.jpg,/jaDNIi3qXsYf57QzJD25jR5nXey.jpg,,,0,0,,
11494,Wilderness,Wilderness,"Juvenile delinquents are sent to a small British island after a fellow prisoner's death, where they must fight for survival.",2006-08-11,94,en,Released,tt0465670,1.7305,6.107,229,False,False,/sLtUVG7ORbTJueTmIWpO4YeHayS.jpg,/AcLIOBgNwZziegEEuAjpfoWsbKC.jpg,,It's not about revenge. It's about punishment.,0,566098,,
34668,Frank Zappa: The Torture Never Stops,Frank Zappa: The Torture Never Stops,"Halloween, New York City, 1981 Live at The Palladium with Ray White, Steve Vai, Bobby Martin, Tommy Mars, Ed Mann, Scott Thunes, Chad Wackerman",2008-05-01,120,en,Released,,0.3574,5.8,3,False,False,/H2H0bKXeOIMwHydF3mkwxO5o1R.jpg,/kMrPzpITTQY288GDF1TG7esEAOd.jpg,,An Evening Live With Frank Zappa,0,0,,
45278,Yu Yu Hakusho: The Movie - The Golden Seal,幽☆遊☆白書,"While vacationing, Koenma is kidnapped by a pair of demons known as Koashura and Garuga, who demand the possession of Lord Enma's coveted ""Golden Seal."" Botan finds Yusuke Urameshi and Kazuma Kuwabara on their summer vacation as well, and asks for their assistance in Koenma's rescue.",1993-07-10,30,ja,Released,tt1119171,2.0242,7.385,74,False,False,/cf6twiyA7XuJcVYgTtHwYDUQrjv.jpg,/EeMTDu5KxYHA53iFnaLPEHjN34.jpg,,,0,0,713972,Yu Yu Hakusho Collection
17646,Oasis: ...There And Then,Oasis: ...There And Then,"Earls Court, London and Maine Road, Manchester.  Four record-breaking nights, 120,000 people, a whole world of possibilities at the heart of the hurricane.  If you were there, here's the memories to go with the tingles.  If you weren't, just get a load of what you missed.  Great songs, exclusive interviews, the sights and sounds of Oasis at their very, very best.",1996-10-14,85,en,Released,tt0168101,0.4544,7.438,8,False,True,/rWPwbO16qrq7881bnDhPRBLI2xy.jpg,/j4zvy6UFVFJL4iktpuZLkCDbdsW.jpg,,,0,0,,
45328,UNC Journey To A Championship,UNC Journey To A Championship,"This complete retrospective is a behind-the-scenes look at the Tar Heels and the 2008-09 season. This piece includes: game action from the season, Tar Heel Sports Network radio calls with Voice of the Tar Heels Woody Durham, Eric Montross and Jones Angell, behind-the-scenes footage, locker room footage, exclusive interviews only found on this DVD and player outtakes.",,,en,Released,,0.0143,,,False,True,,,,,0,0,,
69129,Anonymous Rex,Anonymous Rex,"The dinosaurs didn't go completely extinct when the asteroids hit 65 million years ago. Today, every ten thousandth person in the country is a dinosaur, evolved to be human-sized, wearing sophisticated solid-light holographic disguises to maintain the facade, getting stoned off regular cooking herbs like basil, rosemary and tarragon, and living by their own shadow government's laws; any human who stumbles upon them is to be immediately executed. Two dino private investigators, velociraptor Vincent Rubio and triceratops Ernie Watson, are hired by one of Ernie's old girlfriends to find out why her younger brother committed suicide, and discover a dino cult called Voice Of Progress that wants dinokind to come out of the closet and reclaim the planet.",2004-11-19,120,en,Released,tt0397312,1.2904,4.864,22,False,False,/c4sp68mINn1lDSgPEYJMuTLAD22.jpg,,,,0,0,,
20323,Long Weekend,Long Weekend,"Peter and Carla, a couple whose marriage is faltering, decide to go on a camping weekend. When they become lost, the pair sets up camp on a remote beach that doesn't seem to be on any map. At first the trip is the romantic getaway they imagined – then slowly things begin to go wrong. After Peter disrespects the unspoiled habitat, it seems as if the surroundings are exacting revenge on the couple, as insects, animals, and then nature itself become the enemy.",2009-08-14,87,en,Released,tt1098356,1.0901,5.164,158,False,False,/szfiY3ycr0SBAjb81og8tIzKgGj.jpg,/y1OcayHujFSFIbUGR7tt2rW81JX.jpg,,,0,0,,
48149,"Good Morning, Babylon","Good Morning, Babilonia","After the bankruptcy of their father's stonemasonry firm, brothers Nicola and Andrea emigrate to America to restore their fortunes. After many adventures and near-disasters, they end up in Hollywood, designing sets for D.W. Griffith, and marry beautiful actresses. However, tragedy strikes with the arrival of World War I, which finds the brothers fighting on opposite sides...",1987-05-13,117,it,Released,tt0093104,0.8323,6.135,37,False,False,/nQmPgRyabH8HUmtda0JbpEsaK1F.jpg,/76DYy8N4meTRFGFHcqCcMmbJlQm.jpg,,,0,183700,,
45914,The Quatermass Experiment,The Quatermass Experiment,"Bernard Quatermass heads the futuristic Experimental Rocket Group whose greatest voyage is coming to an end, but after a dramatic crash landing Victor Carroon begins to metamorphose into a strange, deadly alien, setting off a race against time to save humanity.",2005-04-02,97,en,Released,tt0450315,1.1891,5.617,18,False,False,/jVd3qDASPCCKSvwPkfWqGOCwWxx.jpg,/kMwNozz83dBjeQlpKnQe0RsRAWv.jpg,,,0,0,,
37324,TNA Lockdown 2010,TNA Lockdown 2010,"Lockdown (2010) was a professional wrestling pay-per-view (PPV) event produced by the Total Nonstop Action Wrestling (TNA) promotion, which took place on April 18, 2010 at the Family Arena in Saint Charles, Missouri.[2][3][4] It was the sixth event under the Lockdown chronology and the fourth event of the 2010 TNA PPV schedule. In the tradition of Lockdown events, every match took place inside a steel cage.",2010-04-18,173,en,Released,tt1816572,0.6116,6.5,2,False,True,/aGKJSmNC4sw6JwxkPHd3snfx73l.jpg,,,Every Match Inside the Steel Cage,0,0,,
63985,Un étrange voyage,Un étrange voyage,"A man walks a length of railroad track, looking for his elderly mother whom he believes fell from the train at some point. He brings his daughter along.",1981-02-04,100,fr,Released,tt0081679,0.7873,6.792,24,False,False,/hgdq4JzQ9WTeHIRUNGwORgwRA23.jpg,/8Mm1t2LFZVGHkRmiCkStP9vW5DQ.jpg,,,0,0,,
96346,Nothing but the Truth,Nothing but the Truth,"A stockbroker bets his new partners $10,000 that he can tell the truth, and only the truth, for twenty-four hours.",1941-10-10,90,en,Released,tt0033963,1.597,7.281,16,False,False,/pAO75S7H4XeScobq9l9wCrtQsB1.jpg,/gPl6jg7hCEGx2xk103lnZR85Yy5.jpg,,Was George Washington right? Only Bob Hope knows the answer!,0,0,,
3930,Blondie Takes a Vacation,Blondie Takes a Vacation,"Blondie and Dagwood are in charge of operations at a mountain motel. The elderly owners of the establishment are in danger of losing their life savings. Among other things, arson threatens.",1939-07-20,72,en,Released,tt0031108,0.7381,6.333,9,False,False,/zuICN3Km6bwhzdofomP9At5bZVi.jpg,/mAm3XknYLt5Tbw4gyyuYfe1jI3T.jpg,,HOW NOT TO TAKE ON... WHEN YOU TAKE-OFF for FUN!,0,0,177062,Blondie Collection
80398,Kayoko's Diary,うしろの正面だあれ,"Kayoko is a young girl in 1940, just starting first grade. Nothing can prepare her for 1945, and the bleak times that are soon to come.",1991-03-09,90,ja,Released,tt1740055,1.1256,7.2,12,False,False,/2nV5JQrO2uzPqKAndOanfRium5m.jpg,/arhkApTKmd8QiG9WsbSX9HPii9O.jpg,http://www.mushi-pro.co.jp/,,0,0,,
49156,Take-out,Take-out,"The film is the coming-of-age story of the child in the opening sequence, now a chicken delivery boy (although he hates chicken). Alienated from his father, and with an uneasy relationship with his (not gay-friendly) best friend, he meets a new customer. A lawyer going through a divorce, the customer is also alienated and lonely.",2000-01-01,37,en,Released,tt0283033,0.3991,5.2,5,False,False,/rhI5W03wPFkp74R4Ut5qq4XlOCH.jpg,/yPqdmvQ8jgi99w5zBJ4rnBBnmQA.jpg,,,0,0,,
53592,Mooching Through Georgia,Mooching Through Georgia,Man relates how he outwitted the Yankee army during the Civil War.,1939-08-11,19,en,Released,tt0031667,0.4828,6.125,8,False,False,/kHhbLLzwuFxGI0qEh4HioRpbPPc.jpg,/zZwbhG7POHgqvkWQ9nC0FHwnOvd.jpg,,Worth marching miles to see Buster on this laughing spree!,15000,20000,,
56595,Evil Spirits of Japan,日本の悪霊,"Murase is a bodyguard of yakuza group. Ochiai is a police officer who once was a student activist. When they meet, they are surprised how identical they look.",1970-12-26,96,ja,Released,tt0216945,1.13,6.8,5,False,False,/cCqfhFOkaPFSVliAlrdMPeMddBt.jpg,/eQ9LfArL78dW9tlA9yp6rSwTzVV.jpg,,,0,0,,
71696,My Morning Jacket: Okonokos,My Morning Jacket: Okonokos,"Okonokos is a live album and concert film by My Morning Jacket released on October 31, 2006. The album was recorded during the band's fall 2005 Z Tour, over two nights at The Fillmore in San Francisco, California. This is the first My Morning Jacket album for which frontman Jim James does not receive a production credit; he is credited for ""concept/story.""",2006-10-31,118,en,Released,tt0893354,0.0994,10.0,2,False,True,/cbpshkNHUO7LeJwgZwBX00HhVaJ.jpg,,,,0,0,,
2648,Aces Go Places V: The Terracotta Hit,新最佳拍檔,Two friends who own an investment firm turn to a policeman friend for help when they are framed for robbery by a gang of antiquities smugglers.,1989-01-28,103,cn,Released,tt0098681,2.4124,5.45,30,False,False,/twJLlhy1NBXKLIe5vD05pTpIhXN.jpg,/qhvJIaKBXPynofiJRZV82T7rip7.jpg,,,0,2552034,2643,Aces Go Places Collection
32626,Anus Magillicutty,Anus Magillicutty,"When Anus Magillicutty's woman stops a would-be assassin, Anus is forced to interrupt his life of guzzling beer and women to dispose of the corpse. What starts as a simple chore quickly escalates into a darker plot of deceit and revenge where it seems even Satan himself is after Anus.",2003-04-15,70,en,Released,tt0400172,0.182,3.5,8,False,False,/yJ2M3a9fcvHFj9ToBJd8NxA4ol.jpg,,,"Tastes Great, Less Feeling!",0,0,,
76896,Gerry,Gerry,"Born into a modest family, Gerry Boulet found fame with the Québec rock group Offenbach. After a life of drug and alcohol abuse and a great love story, Gerry died of cancer in 1990.",2011-06-15,131,fr,Released,tt1708473,0.8033,5.6,18,False,False,/fRqAHlxQPWE2SOgwIBSupAlKCPZ.jpg,/rGLK87QBIA1awArvEJxAsrOo008.jpg,,,6000000,1937328,,
18302,Painted Fire,취화선,"In a time of political and social unrest in 19th century Korea, uncouth, self-taught painter Jang Seung-up explores his natural talent amidst the repressive world around him.",2002-05-10,120,ko,Released,tt0317234,2.0982,7.015,66,False,False,/iZfIDpywVqgftbTPJw8uui2PZFA.jpg,/Akw1Wh1hgAc0K4Cg4AXovNaNaLC.jpg,http://www.chihwaseon.com/,The Life of Painter Jang Seung-up.,0,0,,
65980,Le chemin de la gloire,Le chemin de la gloire,,1927-01-01,,fr,Released,tt0191881,0.2483,,1,False,False,/1Z8fnXhGXQKN11BwDGEcXWMoOUZ.jpg,,,,0,0,,
67335,Broken Oath,破戒,"Lotus never had a chance. Her mother seethed with anger at being unjustly imprisoned for turning her attemped rapist into a cyclops. Mother repeatedly asked her good friend and fellow prisoner, Pickpocket, to urge Lotus to take revenge for her as an adult. Lotus is given to a monastery and grows up there, but twenty years of peace and love make no impression on Lotus, who skips classes to practice pole and sword skills. Joining forces with Pickpocket and Big Rat, Lotus gets her chance at revenge.",1977-12-03,98,zh,Released,tt0076550,1.7584,7.1,10,False,False,/1mJ6PgHuyJJMSHXqkLQUoHJy9xg.jpg,/epbn9KB1Q6C6TbwkEco4Lyx3P8e.jpg,,,0,0,,
40113,The Pentagon Papers,The Pentagon Papers,"This compelling political drama is based on the true story of high-ranking Pentagon official Daniel Ellsberg, who, during the Nixon era, strove to preserve American democracy by leaking top-secret documents to the New York Times and Washington Post. The documents in question would eventually become famous as the Pentagon Papers, which revealed the true reasons for U.S. involvement in Vietnam.",2003-03-09,92,en,Released,tt0330760,1.337,5.824,37,False,False,/q2npPf6898vk78b20DPpcglyNcA.jpg,/eZCNm8u9w7nEYWgbPXHFQpGf9A7.jpg,,His greatest act of patriotism was an act of treason.,0,0,,
45572,Resurrection of the Little Match Girl,성냥팔이 소녀의 재림,"A young man is on a quest to beat the game and rescue the Little Match Girl from the hands of the corporation that operates the game, but can he succeed?",2002-09-13,123,ko,Released,tt0327169,1.3439,5.091,33,False,False,/aiNjZXUWXw82W6l8qlwvke3VxTQ.jpg,/8YuUF4YmWA3M5SPDe0YUeQKuXgu.jpg,,Game start.,0,0,,
84313,The Movement: One Man Joins an Uprising,The Movement: One Man Joins an Uprising,"In 2004 Rick Finkelstein was paralyzed in a ski accident on Aspen Mountain. Six years and nine surgeries later, cameras captured his dramatic return to Aspen.",2011-01-01,40,en,Released,tt2054819,0.0616,,,False,False,,,,,0,0,,
70807,Eine Insel namens Udo,Eine Insel namens Udo,"Udo is invisible - no one ever seems to notice him. He makes the most of it, working as a department store detective and living off other people's lives as they never notice him tagging along. Until he meets the one woman who sees him.",2011-06-16,77,de,Released,tt1700458,0.412,5.8,31,False,False,/eYpvLZjyr0iHmCkZU5Zprl3AxaX.jpg,/tgnUsrYZQkiIs5YmrYtufg5jsmq.jpg,,,0,0,,
32563,The Flame and the Arrow,The Flame and the Arrow,"Dardo, a Robin Hood-like figure, and his loyal followers use a Roman ruin in Medieval Lombardy as their headquarters as they conduct an insurgency against their Hessian conquerors.",1950-07-07,88,en,Released,tt0042464,1.6115,6.316,87,False,False,/30edZxvbt7W8p8y5OsMX9XSWSwK.jpg,/vfcYCzuddR1fkOgFnRuVVbypFPB.jpg,,"All the adventure a man can live, he lives.",0,0,,
90218,Roxette: All Videos Ever Made & More!,Roxette: All Videos Ever Made & More!,"All Videos Ever Made &amp; More - The Complete Collection 1987-2001 is a DVD by the Swedish pop duo Roxette, released on November 19, 2001. It features all the music videos the duo recorded from 1987 to 2001.",2001-11-19,,en,Released,tt0337710,0.2202,8.167,27,False,False,/5iInegJ0q3fiJUwzcmmbBybYBwa.jpg,/1Z41oJo6QaCPuHZZWe7zLbRNbKr.jpg,,,0,0,,
76350,A Man and a Woman: 20 Years Later,"Un homme et une femme, 20 ans déjà",Jean-Louis and Anne have had their fling and separated. Now 20 years have passed. He is still dating various women. She is now a big-time director whose most recent film was a very expensive bomb. She comes up with the idea of making a romance based upon her fling with Jean-Louis. She contacts him to gain his permission. Jean-Louis is still in racing and goes away for a desert rally while she begins filming. She finds the mood of their romance difficult to recapture in her film.,1986-05-13,112,fr,Released,tt0092130,1.1644,5.879,33,False,False,/kaV8LzIfnINjs4ReJcEH2GtZeD9.jpg,/hFgJrLec0qw1dTBrfkADon34wLO.jpg,,,0,228000,702159,A Man and a Woman Collection
39195,Spontaneous Combustion,Spontaneous Combustion,"A young man learns that his parents had been used in an atomic-weapons experiment shortly before his birth, and that the results have had some unexpected effects on him.",1990-02-23,97,en,Released,tt0098375,1.4142,4.723,83,False,False,/44RKxTOBEJggUK9jHzsaIWFb668.jpg,/b42hLHHiP0QhiAHZLvWBUGJK8Sn.jpg,,The Cleanest Kill on Earth.,0,0,,
93016,Timelock,Timelock,"In the 23rd century, a penal colony in a distant galaxy falls into anarchy when an inmate loads a virus into the computer system. While cryonic suspension was used to control the most dangerous criminals there, with the computers down these deadly men are back in circulation and determined to cause mayhem. With a gang of brilliant but dangerous inmates in control, a petty thief and the driver of the prison shuttle must stand against these lawless men for their own survival.",1996-01-01,90,en,Released,tt0117915,1.2744,3.667,12,False,False,/tV2Easm8xczwXFvKIeiUtH4rEaX.jpg,/mEWxfxw3PUe10SuOqTu444OFfun.jpg,,There's no going back.,0,0,,
76745,The Upper Hand,Du rififi à Paname,"In Paris, a gold smuggler is at war with other local gangsters who want piece of the action. Then the mob shows up and makes things worse. And an undercover US Treasury Department agent is trying to infiltrate the smuggling business.",1966-03-02,94,fr,Released,tt0060349,1.3645,6.344,45,False,False,/u21RnFYSEildxLx224uTwcGTaxQ.jpg,/9bfdghOisKTcbBIwAAEChrwRkxw.jpg,,"He Followed a Trail of Flesh, Gold and Violence!",0,0,,
50478,The Cat in the Hat Knows a Lot about That!: Wings and Things,The Cat in the Hat Knows a Lot about That!: Wings and Things,"Why do birds migrate? Why do some animals sleep during the day and wake up at night? And where does honey come from? The Cat in the Hat Knows a Lot About That!, so let's hop in the Thing-a-majigger and Go! Go! Go! on an adventure!! The Cat takes his young friends exploring all around the world, learning about bees, birds, and other critters. From the beach to the skies, The Cat in the Hat shows how it's perfectly natural to explore the world. Just as Dr. Seuss helped generations of children to read, The Cat in the Hat Knows a Lot About That! allows young ones to explore nature and science!",2010-09-07,60,en,Released,,0.3882,10.0,1,False,True,/8uBwuqDS6P3M6kp90BUCWWnfXcC.jpg,,,,0,0,,
74801,Érik Morales vs. Marcos Maidana,Érik Morales vs. Marcos Maidana,"Marcos Maidana takes on Erik Morales for the WBA Interim Super Lightweight Championship at the MGM Grand in Las Vegas Saturday, April 9, 2011.",2011-04-09,90,en,Released,,0.0256,,,False,True,,,,,0,0,,
46354,Winnie & Karina - The Movie,Winnie og Karina - The movie,"Wiinie and Karina are to be released on parole from Vestre Prison, and the prison warden is relieved to be rid of them. The Christian TV channel HKK is short of money, and the chairman of the board gladly accepts a compensation check from the government to resocialize the two girls. Winnie and Karina have convinced themselves that they will each receive a million kroner for working at the channel. And then the complications and chaos begin!",2009-08-07,75,da,Released,tt1488176,0.6078,8.7,7,False,False,/2VXEmppvYcJj2I4xGBosJ5FRaXi.jpg,/qo7vYjpHtcThCLVNWCqojxpeWr7.jpg,,,0,0,,
59549,Messages,Messages,"In England, the American pathologist Dr. Richard Murray still grieves the death of his wife Carol eight months ago in a car crash. He is drinking too much whiskey due to his guilty complex since he had a love affair with a woman when Carol left home, and he has frequent blackouts, forgetting what he has done in the previous drinking night. Meanwhile a serial-killer is attacking women in the location, and the experienced American cop DCI Collins and the psychologist Frances Beale are invited to help the local police in the investigations. When Dr. Murray receives messages from beyond, he meets his friend Father Randall seeking spiritual support and explanation.",2007-06-14,102,en,Released,tt0411644,0.8784,5.0,6,False,False,/y3N7du7Kau3VM8KpBxj8JEa7k0c.jpg,,,Victims are crying out from the grave. But the only one who hears them may be their killer.,0,0,,
39311,Murders in the Zoo,Murders in the Zoo,"Dr. Gorman is a millionaire adventurer, traveling the world in search of dangerous game. His bored, beautiful, much younger wife entertains herself in the arms of other men. In turn, Gorman uses his animals to kill these men. When a New York City zoo suggests a fundraising gala, Gorman sees a prime opportunity to dispatch the dashing Roger and anyone else who might cross him.",1933-03-31,62,en,Released,tt0024360,0.9967,5.906,48,False,False,/8GL0POYXHakLfgWSi0iwehLdhcY.jpg,/akb5CDFDtGRBmpl0qNcEKzX9VaS.jpg,,HE KILLED FOR LOVE...AND LOVED TO KILL!,0,0,,
29581,Bill Bailey: Cosmic Jam,Bill Bailey: Cosmic Jam,One night from his 1996 Cosmic Jam tour at the Bloomsbury in London in which Bill explains the seminal influence of cockney knees-up music upon classical composers through the ages and takes a shot at Bryan Adams.,1997-01-01,83,en,Released,tt0492446,0.5892,7.654,13,False,False,/9IuVvOETSYT37PEKK9Uy0ZKcDoe.jpg,/KrL0YXeYEy3gS7IY7WS1kQEhiH.jpg,,,0,0,,
8435,A Cock and Bull Story,A Cock and Bull Story,"Steve Coogan, an arrogant actor with low self-esteem and a complicated love life, is playing the eponymous role in an adaptation of ""The Life and Opinions of Tristram Shandy, Gentleman"" being filmed at a stately home. He constantly spars with actor Rob Brydon, who is playing Uncle Toby and believes his role to be of equal importance to Coogan's.",2005-07-17,94,en,Released,tt0423409,1.3965,6.16,150,False,False,/ww8nEKv3gPOfIkRMGS2A3j566Fr.jpg,/8MWKVstOmGUlCsS80iPTHDH7N22.jpg,http://www.tristramshandymovie.com/,Because everyone loves an accurate period piece.,0,3931707,,
11406,Out of Bounds,Goldene Zeiten,Ingo organizes a charity event for the local golf club. Special guest will be the Hollywood star Douglas Burnett. But who remembers what the aging star looks like today?,2006-06-26,129,de,Released,tt0418657,0.9676,5.476,21,False,False,/u6lXPa9JOO7H8SYThw3xB2x7ufc.jpg,/wKIXa9e6EUepGz34MtrJ8EDaUFU.jpg,,,0,0,703277,Unna Collection
41884,Ginostra,Ginostra,An FBI Agent from America and his bride and young child travel to the Sicilian island of Ginostra to solve the murder of a key witness.,2003-01-29,135,en,Released,tt0208491,0.9246,4.423,13,False,False,/1Hekw8HKRuoZZ0W8bnlSsvEWe8H.jpg,/rJwhiilBJgMT9lTmFlXRVmy2Sod.jpg,,,0,177098,,
94895,The Princess and the Pauper,La principessa e il povero,A fairy tale about a twin princess and a prince who where seperated after their birth.,1997-12-02,180,it,Released,tt0178844,0.9884,6.133,49,False,False,/p40LVLkfAl5rGNaZM6X7cBD90gd.jpg,/n0hsrkF0H2j5wjxlJ2UXAxqSrsY.jpg,,,0,0,,
35464,The Goodbye Kiss,"Arrivederci amore, ciao","Leftist radical-turned-terrorist Giorgio—hiding out in Latin America since the 1970s—turns himself in as soon as the Berlin Wall falls. Wishing to lead a comfortable, bourgeois life in his native Italy, he cuts a deal with a dirty cop, getting his sentence reduced in return for ratting former comrades out. Once released, Giorgio obsessively pursues his dream of becoming an upright citizen, but his old police aquaintance keeps dragging him down...",2006-02-24,107,it,Released,tt0325011,0.7911,6.833,60,False,False,/9gstmEqp3c9GY9u94Kswf9zT5Ke.jpg,/gaHdGL1F1Wxmi2qx3OVxkmSVagk.jpg,,,0,0,,
73763,Thin Lizzy: Up Close and Personal,Thin Lizzy: Up Close and Personal,"Includes interviews with some of the most influential people behind one of the greatest bands to ever play a power chord, including Philomena Lynott, Mother of Phillip Lynott, the late lead singer of the band; Terry O'Neill, First Thin Lizzy Manager; Eric Bell, Thin Lizzy Guitarist 1969-73; Warren Wharton, Thin Lizzy Keyboards 1980-83; Brian Robertson, Thin Lizzy Guitarist 1974-78; Snowy White, Thin Lizzy Guitarist 1980-82; and, of course, Phil Lynott himself, via Archiva footage. The Up Close and Personal series aims to get speak to rock legends about their exploits in the business. This entry into the series includes extensive interview footage with former members of Irish rock greats Thin Lizzy.",2007-05-08,60,en,Released,,0.0745,,,False,True,/lCUhN2AywKTVsy9l4X6kniBtFb3.jpg,,,,0,0,,
20777,The Killing Room,The Killing Room,"Four volunteers sign up for what initially appears to be a typical paid research study, only to discover that they've unwittingly become involved with a classified government program that was said to have been terminated nearly two decades ago.",2009-01-16,93,en,Released,tt1119191,1.3062,5.7,276,False,False,/ntBo3n4sz2T0JwTJX3GGZ2d2bfr.jpg,/cNPEB0mI633oHsNsimDAcOMzGeG.jpg,,,0,467220,,
31028,Tupac Shakur: Thug Immortal,Tupac Shakur: Thug Immortal,"THUG IMMORTAL is an intimate look at Tupac's life told through never-before-seen footage and interviews with his close friends, revealing an artist who grew up a thug, but one who soon tired of that lifestyle and its trappings, revealing a Tupac far different from the one most of America knows.",1997-01-01,86,en,Released,tt0360079,0.4298,4.5,2,False,False,/v57KTyYZC0zdqBkVXc3q38uvFj7.jpg,,,,0,0,,
98487,First Comes Courage,First Comes Courage,"Merle Oberon plays a Norwegian resistance figure in a small town, married to a Nazi commandant. When his superiors begin to suspect her, the Allies land an assassin to kill him -- an assassin who happens to be her former lover.",1943-07-29,88,en,Released,tt0035883,0.7504,6.6,10,False,False,/VMaw0tpZbOrVombrIyb9BuhoOu.jpg,/tPaQCzj1YcLk9ZBCxHKZzKUSAgf.jpg,,I married you to destroy you!,0,0,,
19157,Going Overboard,Going Overboard,A struggling young comedian takes a menial job on a cruise ship where he hopes for his big chance to make it in the world of cruise ship comedy.,1989-05-11,97,en,Released,tt0096870,1.8331,2.352,155,False,False,/tRyhUrLDhVYie2GBX3rXF64Jom1.jpg,/lvCVpejHfC8MQeXzZ3uKJLfW6Fk.jpg,,"In the world of comedy, it's sink or swim.",200000,0,,
10954,Farinelli,Farinelli,"The life and career of Italian opera singer Farinelli, considered one of the greatest castrato singers of all time.",1994-12-01,111,fr,Released,tt0109771,1.7283,6.563,192,False,False,/i5h0ZjYobco5HRPaAU6QTlrMYw0.jpg,/mYWxd7i6qsFK6TyDjMquSGwjo69.jpg,,Where does the power of his voice end?,0,0,,
43585,Headless Horseman,Headless Horseman,"Seven college kids take a shortcut on their way to a party and unfortunately end up in Wormwood – a ""lost"" town in the middle of nowhere. They find something strange and sinister happening there – bones and weird decorations line Main Street. The cause: local Wormwood legend says on All Hallows Eve one hundred years ago, a crazed man tortured the youngsters in town and then cut off their heads. In retaliation, the townspeople killed him by cutting off his head. Seeking revenge every seven years, he returns and takes seven heads from children in the town. Now the seven visitors find themselves hunted one by one as the Headless Horseman claims his due.",2007-10-27,87,en,Released,tt1046930,1.5045,4.7,28,False,False,/xeixE2DRLuednYsaO8dHBwwYlcX.jpg,/37uTV0cY3LJ7SQ1tBTwHnp9l7If.jpg,,Don't lose your head,0,0,,
80251,Chocklet,சாக்லேட்,"Chocklet is a 2001 Tamil film directed by A. Venkatesh featuring Prashanth and Jaya Re in the lead roles. Livingston, Suhasini, Mumtaj and Nagendra Prasad play supporting roles, while the film's score and soundtrack are composed by Deva.",2001-09-07,158,ta,Released,tt3907636,0.5259,4.5,3,False,False,/xqFsN3B20fNTDVDSxJ5eRbx5uxg.jpg,/qEYspGfjRqzmmIIFoFs1kllPLf6.jpg,,,0,0,,
52287,South Pacific,South Pacific,"During World War II in the South Pacific love is found between a young nurse, Nellie Forbush and an older French plantation owner, Emile de Becque. The war is tearing them apart.",2001-03-26,132,en,Released,tt0242898,1.1331,5.2,10,False,False,/wVmElU4cbLKe4LsQ7Qe5M8N2DuU.jpg,/5gRQrA2pYMwA2ej8map1M2U8C2i.jpg,,Television remake of the Rodgers & Hammerstein classic.,0,0,,
41617,In Search of Mozart,In Search of Mozart,"Made to celebrate the 250th anniversary of Mozart's birth, IN SEARCH OF MOZART is the first feature-length documentary on Mozart's life. Produced with the world's leading orchestras and musicians, told through a 25,000 mile journey along every route Mozart followed, this detective story takes us to the heart of genius. Throughout, it is the music that takes center stage, with the jigsaw of Mozart's life fitting around it.",2006-01-04,128,en,Released,tt0498355,0.447,6.857,7,False,False,/qBCBX2ygXhuffLq1SHnWgXCG3re.jpg,/kOmT30IM1Q4LwoKFHQOBQ91tlrn.jpg,http://www.insearchofmozart.com/,,0,102000,,
57037,You Are the One,You Are the One,"Sally Malasmas applies for a US visa. There she meets the young and dashing vice-consul Will Derby with a wide, warm and inviting smile. Sally feels it's her lucky day! But Will thinks Sally does not have enough ties to the Philippines that will make her come back. He denies her visa, beams one last sweet smile at her and turns his back before she could protest. It isn't Sally's lucky day anymore. Sally Malasmas is a Care Officer at the National Statistics Office. She's smart and is a genuinely caring person who always has a hand to help other people.",2006-08-29,115,en,Released,tt0843625,0.3893,4.9,5,False,False,/kaJtBLbrmsBoDV52YfMnpRRnxj1.jpg,,http://starcinema.abs-cbn.com/movies/you-are-the-one,Would you rather love someone who completes you... Or someone who loves you completely?,0,0,,
22454,Dirty Mind,Dirty Mind,"Shy loser Diego wakes up after an accident and has been transformed into Tony T. a smooth-talking no-holds-barred stuntman. Suffering from a case of Frontal Syndrome he's the perfect case-study for young neurologist Jaana. Everyone hopes that Diego will soon recover, except for Diego himself.",2009-01-28,103,nl,Released,tt1081964,0.6915,5.8,13,False,False,/yThFfWy9Psnj0tdcjuQ0jiEFM64.jpg,,http://www.dirtymindthemovie.be/,The Rise and Fall of Tony T,0,0,,
67688,Powell Peralta: Propaganda,Powell Peralta: Propaganda,"Bones Brigade DVD VII Features: Agah, Barbee, Bradley, Caballero, Conklin, Dominguez, Diaz, DeJesus, Fowlie, Nicky Guerrero, Gaines, Harris, Hawk, Hill, Hirata, Kekitch, Kho, Toth, Lasek, Manzoori, Martin, McCann, McGill, McKay, Mortimer, Mountain, Plass, Prieto, Roach, Saiz, Suriel, Sanderson, Thomas, Tominen, Underhill, Valdes, Washburn, Welinder",1990-01-01,60,en,Released,tt11636512,0.2303,5.2,2,False,False,/V4pTugzIggHbde5skbkw4Q0gaW.jpg,,http://powell-peralta.com,,0,0,,
28860,Team GeoTrax - All Aboard,Team GeoTrax - All Aboard,Join Team GeoTrax on four exciting adventures in GeoTown as the meet new members of the team and learn the importance of working together.,2007-05-23,48,en,Released,,0.0585,4.8,3,False,False,,,,,0,0,,
39879,Ninja Hunter,忍者大决斗,"The plot centres around Wu Tang villain, Abbot White, who wants to destroy the Shaolin monks and become supreme martial artist. In order to do so, he teams up with a clan of Ninjas, led by three masters – gold lamé ninja, white mustachioed ninja and black ninja – and succeeds in destroying the Shaolin temple and most of its inhabitants. However, there are some survivors. It is their job to pass on the knowledge of the Shaolin finger jab to a new generation, who must defeat the ninjas and Abbott White if peace and order is to be restored.",1987-01-01,88,zh,Released,tt0199828,1.2392,5.667,12,False,False,/4OlZMxb9zLYgZnyGlx23CQ0xLm0.jpg,/o5x9VnAFGQmOON9OUlbKjRM5kkb.jpg,,,0,0,,
2030,Confessions of Felix Krull,Bekenntnisse des Hochstaplers Felix Krull,Thomas Mann's witty and intimate story of a irresistible scoundrel.,1957-04-24,108,de,Released,tt0050179,1.1175,6.0,10,False,False,/fp8AI9Xh0lZwU3KtPi3lH9aUDwY.jpg,/r2qFx1ABtCdg3FGkORi4FwpcdG.jpg,,,0,0,,
78222,The Day and the Hour,Le Jour et l'heure,"It's the spring of 1944 and Therese is in a hurry to get back to Paris. The trains aren't running from the village where she has gone to visit her father's grave and to fill two suitcases with food. Some British and American planes have been shot down and the Germans want to know where the pilots are hiding. An acquaintance has clearance to drive to Paris with a truckload of goats. After she is in the truck Therese discovers that two British pilots and an American pilot are back there with the goats. She must get the men on a train to Paris and to a safe house there, where there is no room for the American. Can she leave him at the Metro station trying to figure out the map?",1963-04-05,110,fr,Released,tt0056126,0.8194,6.762,21,False,False,/5RRn8yfqpNH5uzO6zcrIo6pVwh4.jpg,/jP0ox9VF1UOExPudPts8RqacePm.jpg,,In the twilight of her youth... she fought to hold her American!,0,0,,
60077,Tactical Assault,Tactical Assault,"In this high-flying action thriller, an expert Air Force flyer finds himself forced to use every trick he has ever learned to stop a murderous, insane former colleague and friend from exacting deadly revenge upon him.",1998-04-07,89,en,Released,tt0127917,0.8719,5.308,13,False,False,/rcbqxt6DGIeliPFr7ivGSxRmxtC.jpg,/99LwP9ONe39KpfY3sWz9gT97wEP.jpg,,Every war has its secrets. This one's about to explode.,0,0,,
33461,Shalimar,शालीमार,"Kumar, a thief by profession poses as the son of Raja Bahadur Singh to accept an invitation to the island of Sir John Locksley. The guests include K.P.W. Iyengar aka Romeo, Dr. Dubari, Colonel Columbus, and Countess Sylvia Rasmussen. A stunned Kumar finds out that all of these invitees are master criminals. Kumar's guise does not fool anyone, nevertheless Sir John permits him to stay on. The reason why John has invited them is to find a successor to take his place as he is dying of cancer. He feels that one of his invitees can be trusted to take his place and for this he has arranged for them to steal a ruby (Shalimar) worth 135 crores of rupees. This gem is placed in a secure room within his palace, which is alarmed, and guarded. He challenges one of them to steal the Shalimar - but if anyone fails then they are killed by the security system. Pitted against such veterans, it looks like Kumar has got himself into a bind that he may not come out of alive.",1978-12-08,137,hi,Released,tt0078241,1.1015,6.125,8,False,False,,/N2X8KztJytxSC2FFD6AoD4oaae.jpg,,,0,0,,
99875,The Italian Straw Hat,Un chapeau de paille d'Italie,"On the day of Fadinard's wedding, his horse eats a lady's hat on a bush at the roadside, while the lady is hidden behind the bush with her lover Lieutenant Tavernier. Because she is married, she cannot return home hatless without being compromised, and Tavernier orders Fadinard to replace the hat with one exactly like it - or else he will wreck his new home. In an elaborate sequence of complications, Fadinard tries to find a hat while keeping to his marriage schedule",1928-01-13,105,fr,Released,tt0018523,0.5274,6.217,23,False,False,/tm4GQoVWx1s0Ado9K3awHkiiF9Q.jpg,/k4b6M1VOy9Jqir1YFIxhEbGMou1.jpg,,,0,0,,
69632,Dum,दम,"Uday dreams of becoming a police officer and serving his country. His dream is accompanied by a fierce determination and drive to make his dream come true. Even as he courageously treads on his chosen path, he is confronted by the face of evil in the form of a crooked police officer, Shankar. But Uday soon meets with a television employee named Kaveri and once again finds his life upside down.",2003-01-24,160,hi,Released,tt0314006,1.0563,5.333,9,False,False,/eZSDTpkmVt1C1jKlPxaQTwajFzT.jpg,/dmw4JGWwrZ0pCpB7BeEhOSIrfHm.jpg,,Can you face him?,0,9700000,,
78603,Veluchami,வேலுசாமி,"Veluchami, an orphan, is raised by Periya Ayya along with his own daughter. When Periya decides to give away his daughter to the local temple, Veluchami marries her by force to save her.",1995-01-15,128,ta,Released,tt9163658,0.2486,,,False,False,,,,,0,0,,
43680,Heart of a Dog,Собачье сердце,"""Heart of a Dog"" is a Soviet film adaptation of Mikhail Bulgakov’s iconic novella. Set in 1920s Moscow, it tells the satirical and darkly humorous story of a stray dog named Sharik, who is transformed into a human by Professor Preobrazhensky through a daring medical experiment. The resulting man, Poligraf Poligrafovich Sharikov, embodies the social and ideological tensions of early Soviet society. With its sharp critique of class struggle, human nature, and the perils of radical change, the film is celebrated for its faithful adaptation, brilliant performances, and rich allegorical depth.",1988-11-11,136,ru,Released,tt0096126,2.1346,7.889,185,False,False,/2kG3DWJ5OIaUZ0RtFEz6O9hEYDf.jpg,/v9UtQvfasBZ40kQRTF2Tzx2FnVz.jpg,,,0,0,,
40675,Acústico MTV,Acústico MTV,TRACKLIST:,2005-06-23,,pt,Released,,0.1285,2.5,3,False,False,/jOlqg7dKdvBP751NyfvsUXiuB57.jpg,/mKp5Hk19KEVdggk9JTF9wtLoGHG.jpg,,,0,0,,
34149,Eine Liebe in St. Petersburg,Eine Liebe in St. Petersburg,"The young Berlin anesthesiologist Nora is facing exciting times: her partner Eric makes her a marriage proposal and she has the opportunity to give her first important speech at an international congress in St. Petersburg. Nora goes to Russia, where she gets a frosty reception. The Russian pediatrician Andrej, who has been assigned to her as a personal companion, is not very enthusiastic about this task. So he puts Nora in a taxi soon. But then Nora is attacked and Andrej plagues his guilty conscience. Soon, the people are coming closer to the fight.",2009-10-30,88,de,Released,tt1527104,0.2854,4.1,4,False,False,/zTjsdqLC95GzfExlnx7Fff31Edd.jpg,,,,0,0,,
31412,The Girl with the Red Scarf,Selvi Boylum Al Yazmalım,"İlyas, a truck driver from Istanbul, arrives in a remote village to work on a dam construction project and meets a young village woman named Asya. They fall madly in love and get married. However, their life together is fraught with conflict. When İlyas cheats on Asya, the final straw in their relationship, she takes her son and begins wandering without knowing where she is going, until a familiar hand reaches out to help her selflessly.",1977-11-18,86,tr,Released,tt0263975,0.6014,7.725,111,False,False,/cFxItCQrYIbJ1FMISjo2YNApuPw.jpg,/z4ulnNGAI2ROE0fnsmKtldCyMgN.jpg,,Was that love? What is love?,0,0,,
31507,Dodsworth,Dodsworth,A retired auto manufacturer and his wife take a long-planned European vacation only to find that they want very different things from life.,1936-09-23,101,en,Released,tt0027532,1.822,7.122,147,False,False,/qpd9P54mLYvzdC6rBz56is8aeDB.jpg,/aE9zfMnG4kGBf4SEyUZ5ehPsb6K.jpg,,Here is a picture that was marked for greatness before it was ever screened!,0,0,,
21240,Carry On Constable,Carry On Constable,"With a flu epidemic running rife, three new bumbling recruits are assigned to Inspector Mills police station. With help from Special Constable Gorse, they manage to totally wreck operations of the police force and let plenty of criminals get away, even before they arrive at the station. They all have to prove themselves or else they'll be out of a job and Sgt. Wilkins will be transferred.",1960-02-22,86,en,Released,tt0053699,1.2104,6.295,61,False,False,/pXdjlhYe3bjKLDebwib5SPkxEea.jpg,/v78UnhjTGwyKOS4PTJ5XOc3EU04.jpg,,Oh! What a Carry On When that Crazy Bunch Join the Police Force,0,0,918027,Carry On Collection
39322,Dark Nature,Dark Nature,A family holiday turns into a fight for survival in the inhospitable wilderness of remote Scotland.,2010-06-25,76,en,Released,tt1285216,0.07,3.2,14,False,False,/hNpqU3sZFpKo9fwYXtrcE1j412U.jpg,,http://www.darknature.net/,,0,0,,
84449,Remains,Remains,The story centers on two lone survivors of a bizarre accident that reduced most of the world's population to zombies. They take refuge in a vacant casino and fight a losing battle against the undead.,2011-12-06,88,en,Released,tt1870527,1.0386,4.9,89,False,False,/8IxvPu3zfPtZiGbXoQQ5NfkssJD.jpg,/sTumBA3jMn1B5b8TIpELBO1xbrm.jpg,,This Town Will Eat You Alive.,750000,0,,
25778,Felicity: An American Girl Adventure,Felicity: An American Girl Adventure,"A pre-American Revolution Virginian girl's love for the outdoors leads to the friendship of a lifetime. Felicity loves horses, and though her parents plead with her to remain indoors, she yearns to ride the open plains. When Felicity comes into contact with a beautiful mare which has suffered at the hands of its callous owner, she takes it upon herself to care for the creature.",2005-11-29,86,en,Released,tt0460793,1.1417,6.759,29,False,False,/b5whGifOJWI6v93DJEClzxYiZKS.jpg,/2dBobVrDc5ZFy2Y1Yuo8iCLpTQr.jpg,http://www.americangirl.com/movie/felicity/index.php,,6800000,0,25542,An American Girl Collection
89475,Diamond Ninja Force,Diamond Ninja Force,"The evil Black Ninja Clan tries to steal the Golden Ninja statue from Ninja Master Gordon.  A Hong Kong cut and paste edit of the 1986 Taiwanese Film ""三更半夜鬼鬧房"" (Ghost Rapist/Demons Apartment) with new ninja scenes.",1986-01-01,92,en,Released,tt0165230,0.591,4.125,12,False,False,/hQW97Te0QEWeZQnPB8YHX1jstCd.jpg,/fsv5sOq0x9maFogsPXy01fUzk0v.jpg,,A nightmare of deception and evil…,0,0,1233158,Ninja Master Gordon Collection
22573,Last of the Living,Last of the Living,"A contagious virus is turning everyone into zombies, and the only hope for survival lies in the hands of three couch potatoes.",2009-05-03,93,en,Released,tt1351177,0.2073,4.2,42,False,False,/ojAA53oMBDLtXw70dSPwQ0Uaes4.jpg,/jU31MF7RG4UBWcpKWhoELBEeJ4r.jpg,,Those Damned Dead Just Won't Die,0,0,,
84905,Somewhere in Sonora,Somewhere in Sonora,"John Bishop discovers a plot to rob a silver mine belonging to his girlfriend Mary's father and, to foil the evildoers, he joins them.",1933-05-27,59,en,Released,tt0024592,0.8148,5.115,13,False,False,/wUZjqAux3BuXBM16XJF3CIQNLeD.jpg,/edo96te4Ckm3bvVMJ66U52otcWv.jpg,,Death rides south of the border!,0,0,,
45589,Top 1000,Top 1000,,,,fr,Released,,0.0286,,,False,False,,,,,0,0,,
42015,Swimming to Cambodia,Swimming to Cambodia,"Spalding Gray sits behind a desk throughout the entire film and recounts his exploits and chance encounters while playing a minor role in the film 'The Killing Fields'. At the same time, he gives a background to the events occurring in Cambodia at the time the film was set.",1987-03-13,85,en,Released,tt0094089,1.1129,6.907,27,False,False,/33gl89Dw4y51pVK2PcSWi0PaKVi.jpg,/65FiYiD0cmo50lF8J1iSVMOLZLW.jpg,,,0,0,,
12104,Pink Floyd: The Wall,Pink Floyd: The Wall,A troubled rock star descends into madness in the midst of his physical and social isolation from everyone.,1982-07-14,95,en,Released,tt0084503,3.9026,7.93,1628,False,False,/aElHyIdF5jmctFGhlhhaPFsbBJC.jpg,/Ag4eANWzHEwC7rQVyvcGsL34ieP.jpg,http://alanparker.com/film/pink-floyd-the-wall/,The memories. The madness. The music... The movie.,12000000,22244207,,
85768,Greetings to the Devil,Saluda al diablo de mi parte,A former guerrilla is reluctantly drawn into the vengeance scheme of one of his victims.,2011-08-11,90,es,Released,tt1262415,1.008,5.3,23,False,False,/a69Ugd8Ig3hEtlOHKSBuoOX3ech.jpg,/qQr6NlABF3PHh4h2TvrORUJUzxw.jpg,,,0,0,,
51993,Terri,Terri,"Terri, a pajama-clad, disaffected high school student learns how to engage the world with the help of Mr. Fitzgerald, his assistant principal.",2011-07-01,105,en,Released,tt1687281,1.2416,6.3,155,False,False,/ng3K9EeuBFn82kN4XgpOKQgx6Fd.jpg,/fAyndOp66NLBNEIeRpobiZDysnT.jpg,,,0,655802,,
54006,Bronco Bullfrog,Bronco Bullfrog,Del and his friends agree to take part in a robbery with a boy fresh from the borstal prison. When Del falls in love with Irene they decide to run away from their nagging parents - and the law.,1969-08-01,86,en,Released,tt0064111,0.4853,6.316,19,False,False,/rorLRqDUv9hBQBduRgDXugj1DZ1.jpg,/fnjlaD7zz75vlfMW37QCwgLk3kU.jpg,,Young life in the East End of London is pictured with warmth and understanding by non-professional actors; a moving portrait of the generation gap. England.,0,0,,
25144,After the Truth,Nichts als die Wahrheit,"Famous Nazi doctor Josef Mengele — the 'Death Angel of Auschwitz', who killed more than 300.000 people — emerges from his hideout in Argentina to Germany as a 87-year-old man, and must stand for his crimes in court. The young solicitor Peter Rohm is assigned to defend him, but Rohm himself — an expert on Mengele and his crimes — feels unable to do so. When he decides to take on the case, he endangers not only his marriage but also his and his wife's lives.",1999-09-23,128,de,Released,tt0178223,0.7464,6.022,23,False,False,/dPK44BqPchl5NvFC68nZsYP3w6i.jpg,/lKzEZYNePsX7np3ZfW1YVbC3BQQ.jpg,,,0,0,,
19713,How to Be,How to Be,A young man having an existential crisis convinces a Canadian self-help guru to come to London and become his personal life coach.,2008-01-17,85,en,Released,tt1057581,0.8555,4.8,40,False,False,/rHjC31upOGARPBQvvo7ke04AZEy.jpg,/gNoiP5BZJF4uYtyG5bT1rBDdc4W.jpg,http://www.howtobemovie.com/,,500000,0,,
20929,Taal,ताल,"Businessman Manav falls for aspiring singer, Mansi, but their romance faces an uphill climb when Manav must depart and Mansi's suave manager moves in.",1999-08-13,177,hi,Released,tt0152836,1.3433,6.59,50,False,False,/n2VsCd4wPIEMTWQBxBJVKVAOeTk.jpg,/amHXl0gpzMyYdUxpvHXEhKyOW3m.jpg,,Don't fall .. rise in love.,0,0,,
4629,December Boys,December Boys,"For many years, four teenage orphans at an Australian outback convent have watched their younger comrades find new parents, and realize that they may never be adopted. The Reverend Mother sends the four boys away on a seaside vacation, where they meet Teresa and Fearless, a couple who would make perfect parents. The youths compete with one another to be the one Teresa and Fearless decide to adopt.",2007-09-14,105,en,Released,tt0465436,1.7048,6.026,211,False,False,/28Q3BZgCI8imvbC8qQWDAL0nqjR.jpg,/jWRS1mKv4EhCv6N3XKLTCO5JQaR.jpg,http://wip.warnerbros.com/decemberboys/,After that summer nothing would be the same.,4000000,1200000,,
18054,One With The Gun,One With The Gun,"Splat Magazine Presents ""One With The Gun: Tournament Paintball Techniques"" starring Maximus Lundqvist of Team Joy Division. For the first time ever, world-class paintballer Maximus Lundqvist, star player from the legendary team Joy Division, shares with viewers the tactics and techniques that make him one of the most feared players on the field today.",2010-05-23,90,en,Released,,0.0168,,,False,False,,,,,0,0,,
78205,The Virgin of Juarez,The Virgin of Juarez,"When a reporter travels to Juarez to cover the ongoing story of the mass murder of local working women, she uncovers the amazing story of ""The Virgin Of Juarez,"" a survivor of an attack who has developed stigmata, a sign of holiness, and whose followers will do whatever she asks.",2006-03-13,90,en,Released,tt0418294,1.1317,6.875,8,False,False,/gV010Bcwv3vVKOe4bwn5iwTT8t7.jpg,,http://web.mac.com/kevindobson/Virgin/Welcome.html,"Faith, hope, and survival.",0,0,,
77352,Notebook on Cities and Clothes,Aufzeichnungen zu Kleidern und Städten,"Wim Wenders talks with Japanese fashion designer Yohji Yamamoto about the creative process and ponders the relationship between cities, identity and the cinema in the digital age.",1989-12-20,81,de,Released,tt0096852,0.6834,6.441,17,False,False,/1VVxGn3K0gj6V6jEN5UnzrUC1YT.jpg,/yZq6UtScwm8atkK2pPIGEWUrBM8.jpg,,,0,0,,
28524,Princess of Mars,Princess of Mars,"Based on the novel by Edgar Rice Burroughs, a US soldier finds himself inexplicably transported to Mars in the midst of a war between two alien races.",2009-12-29,93,en,Released,tt1531911,1.2663,4.067,45,False,False,/vYsnB94eYRY6yDQ9Pglnb5IUDFz.jpg,/kNXu9Dz31ueWFn6N01fHc0r3sWH.jpg,,,0,0,1633939,Pandora (Asylum) Collection
47176,In Search of Dr. Seuss,In Search of Dr. Seuss,"A nosy reporter wants to find out all she can about Dr. Seuss, aka Ted Geisel, and gets told the real facts by several of his characters, with large snippets of his stories and songs interspersed.",1994-11-06,90,en,Released,tt0110121,0.6127,7.094,16,False,False,/3oI2QccjgAHpRr600ToHo3r5rer.jpg,/o9Uh2RX4uSe2mDh6h3Pt8RGuzrs.jpg,,,0,0,,
27621,The Cheetah Girls: One World,The Cheetah Girls: One World,"Chanel, Dorinda, and Aqua are off to India to star in a Bollywood movie. But when they discover that they will have to compete against each other to get the role in the movie, will the Cheetahs break up again?",2008-08-22,90,en,Released,tt1013542,1.7777,6.1,340,False,False,/pnDjj8nMf1AUKuQsHLrOVOMa3H9.jpg,/socMWFFL8f5j41tVQ9TO64QkSxB.jpg,,What if only one star can shine?,0,0,425880,The Cheetah Girls Collection
97070,Inheritance,Herencia,"Peter, a young German, enters a suburban Buenos Aires restaurant; seeking only directions, he instead accidentally ends up with a plate smashing into his head, thrown by the irritable Olinda, the 60 year-old Italian immigrant owner of the restaurant. The two develop a friendship once they discover that the reasons for their having moved to Argentina are strikingly similar.",2002-06-20,90,es,Released,tt0283383,0.9304,6.75,12,False,False,/uyRVmybSUYBlcRPD9b3DATr5Hvd.jpg,/dZ3EZm6alIsr2goWoPw4mGCyxyG.jpg,,,0,189118,,
17144,Exit Speed,Exit Speed,"On Christmas Eve, ten strangers board a bus traveling across Texas and are forced off the road by a motorcycle gang. The passengers then take refuge in an abandoned scrap yard. When their defense against the gang weakens and their numbers dwindle they must do the unthinkable go on the offense.",2008-08-26,93,en,Released,tt1042497,1.0252,5.2,55,False,False,/9WU9FDMdkUBMNXbqQ7rwu7WmhcT.jpg,/wHvdmUIP8EsoLFOwpgZ7p1ozlDw.jpg,,,3750000,0,,
11296,Birdy,Birdy,"Two young men are seriously affected by the Vietnam War. One of them has always been obsessed with birds - but now believes he really is a bird, and has been sent to a mental hospital. Can his friend help him pull through?",1984-12-14,120,en,Released,tt0086969,2.3838,7.132,564,False,False,/weIn0Huxx4SQU8PB5ZggzA4PLIE.jpg,/7dfXj49DeTmx3Nl5CffBfBQ5LmC.jpg,http://alanparker.com/film/birdy/,A soaring experience unlike anything you've ever seen before.,12000000,1400000,,
406,La Haine,La Haine,"After a chaotic night of rioting in a marginal suburb of Paris, three young friends, Vinz, Hubert and Saïd, wander around unoccupied waiting for news about the state of health of a mutual friend who has been seriously injured when confronting the police.",1995-05-31,98,fr,Released,tt0113247,7.0476,8.084,4516,False,False,/8rgPyWjYZhsphSSxbXguMnhN7H0.jpg,/k61xLJgPo7ScxHLLiBzTM9IDaB7.jpg,,"How far you fall doesn't matter, it's how you land…",2600000,15300000,,
75680,The PHD movie,The PHD movie: Piled Higher and Deeper,"""Piled Higher and Deeper"" The Movie is a live-action adaptation of the popular online comic strip by Jorge Cham. It was filmed on location at and was produced in partnership with the California Institute of Technology (Caltech). The film introduces audiences to the unique and funny culture of Academia and follows four graduate students (Cecilia, Mike, Tajel and the “Nameless Grad Student”) as they struggle to find balance between research, teaching and their personal lives with humor and heart.",2011-08-12,65,en,Released,tt2066040,0.2248,6.7,15,False,False,/8AaPm7JdYuXELmLq3Fpk3qmQaqs.jpg,/iQpCF9oq8gnPkNDrTCRinyNhoe4.jpg,,Life (or the lack thereof) in academia,0,0,1033000,The PHD Movies
83898,Zindaggi Rocks,ज़िन्दगी रॉक्स,"Dr. Suraj Rihan meets Kriya, a popular singer in his hospital. While he is a quiet, responsible man, she is loud, kiddish and a little crazy. Kriya invites Suraj to meet her family, which includes her mother, who is very strict and her mother's twin sister, who is fun and giggly. Kriya has an adopted son, who is very mature for his age.  Kriya and Suraj fall in love with each other and their new feelings are tested by a crisis that enters both their lives. Kriya's son is in a critical state as he has a hole in his heart and they are unable to find a donor till the date of the operation. This makes Kriya commit a medicine induced suicide and her heart is then used to save her son.",2006-10-06,127,hi,Released,tt0823261,0.2557,4.5,3,False,False,/jjMHJTwk6pQ40msvZ29kGDFKpIV.jpg,,,It's Yours ZINDAGI,0,10335,,
42836,Comradeship,Kameradschaft,"At a mine on the shared edge of France and Germany, an underground explosion leads to the entrapment of a group of French miners. In an effort to save the trapped Frenchmen, German miners Wittkopp and Kasper take it upon themselves to traverse a crumbling war tunnel leading down into the mines. Yet, though the workers harbor no political biases against one another, their callous, less tolerant bosses hope to halt this cross-cultural rescue mission.",1931-11-17,93,de,Released,tt0022017,1.306,7.024,41,False,False,/dSGMzPqWQz2IvjvVx0WDD3z7zBF.jpg,/x8Ta8xVfffyyGA9k8sdGf3VCFo2.jpg,,,0,0,,
52450,Cut Off,Cut Off,"Cut off by her wealthy father, a young woman talks her boyfriend into robbing a check cashing spot. Things don't quite work out for the couple, however, who are now being pursued by the cops.",2006-01-01,87,en,Released,tt0439311,1.0124,5.167,6,False,False,/xbvzNOCWVaZ4iEfmozEJsTaIuK9.jpg,/qU57zn2bPcrcyReS4x8erspIY8O.jpg,,,0,0,,
47324,Cairo Station,باب الحديد,"Qinawi, a physically challenged peddler who makes his living selling newspapers in the central Cairo train station, is obsessed with Hanuma, an attractive young woman who sells drinks. While she jokes with him about a possible relationship, she is actually in love with Abu Siri, a strong and respected porter at the station who is struggling to unionize his fellow workers to combat their boss' exploitative and abusive treatment.",1958-07-31,77,ar,Released,tt0051390,1.3431,7.399,139,False,False,/zm8ET6PSfPT6pozgvjR7htaZFjy.jpg,/r4IczqKMqs7Y7IfUbAiVhXp8wFD.jpg,,,0,0,,
21867,Lady Jane,Lady Jane,"The death of King Henry VIII throws his kingdom into chaos because of succession disputes. His weak son, Edward, is on his deathbed. Anxious to keep England true to the Reformation, a scheming minister John Dudley marries off his son, Guildford to Lady Jane Grey, whom he places on the throne after Edward dies. At first hostile to each other, Guildford and Jane fall in love, but they cannot withstand the course of power which will lead to their ultimate downfall.",1986-02-07,142,en,Released,tt0091374,2.1227,6.905,110,False,False,/h0N4lG6g2r77C4yGTuvOBHhGYXP.jpg,/dMx5BCbLI4NXiwdpf27YPlnjf1K.jpg,,Some of the greatest battles are fought with the heart.,8500000,0,,
68883,Rouge,胭脂扣,"Amid the opulent teahouses of 1930s Hong Kong, a humble courtesan and the wayward scion of a wealthy family fall in love and embrace death by suicide pact. Fifty years later, her ghost returns to find him, drawing a young contemporary couple into her quest to rekindle a passion that may be as illusory as time itself.",1987-12-05,96,cn,Released,tt0093258,3.2536,7.376,85,False,False,/q2wAAeGagOmqmqEkEgveLJYBj89.jpg,/4kpbkS9V4QJcQBnvxvRfRojdFyI.jpg,,They loved across two generations and two different worlds.,0,0,,
45688,Laker Girls,Laker Girls,"Three hopefuls — a college grad, a dance teacher from Watts, and an incognito heiress — vie for a spot on the Los Angeles Lakers cheerleading team.",1990-04-03,93,en,Released,tt0099968,1.3684,6.0,3,False,False,/9n0JYAr76yVc7SuHoz4uA883OBw.jpg,,,,0,0,,
43269,The Strange Affair of Uncle Harry,The Strange Affair of Uncle Harry,George Sanders stars in this engrossing melodrama about a very domineering sister who holds a tight grip on her brother -- especially when he shows signs of falling in love.,1945-08-17,80,en,Released,tt0038123,1.7287,6.232,56,False,False,/zNEJvMYjz7R1vneA39KGxcOSjtF.jpg,/tRzW65hRFeMp3sKPTEPG0VAa3Mk.jpg,,From the Play that shocked Hollywood!,0,0,,
65769,Beef II,Beef II,"Beef II (released on DVD in August 2004) is a sequel to the 2003 documentary Beef, which continued to document the history of rivalries in hip-hop and rap music. Like its prequel, the film was executive produced by Quincy Jones III (QD3), written by Peter Alton and Peter Spirer (who also directed), and was this time narrated by actor Keith David.",2004-08-30,85,en,Released,tt0412494,0.9305,6.875,8,False,False,/MUCwiYmmch7lMZo26lhIfRgHLk.jpg,/kjU6ARlEbMH3oZaPEWO5SofNH5b.jpg,,,0,0,502123,Beef Collection
76245,Nomad Bus,Бродячий автобус,"Travels from village to village broken old bus with a small troupe of actors to give a day two or three performances in front of a small audience. In the troupe — people, each of them in his own way in love with the theater…",1989-01-01,98,ru,Released,tt0096984,0.6901,4.857,7,False,False,/yhbVS05SLyDXtiuBabLbzfWtP3S.jpg,,,,0,0,,
65548,Rock,Rock,"Rock” is the story about a group of young kids in the 80s who wanted to make it big in the rock music scene. Thus you have Zack and his friends Jijo (bass), Black (drum) and Amy (vocals) who have to go through all sorts of obstacles and comedic mishaps as they try to fulfil their dreams.",2005-12-08,107,ms,Released,tt0495624,0.6343,7.0,9,False,False,/yXoJYgASo7nPrToowqB8az4zHsZ.jpg,/pVF5bZwlOYPBzvCNIqwJX9fMv2N.jpg,http://cinemamalaysia.com.my/film/info/?id=Rock_117,A Rock Band That Almost Famous [Sebuah Kumpulan Rock Yang Hampir Terkenal],0,0,724380,Rock Collection
41580,Colonel Chabert,Le Colonel Chabert,"When Colonel Chabert returns from the war, he discovers that he has lost everything.",1994-09-21,110,fr,Released,tt0109454,1.3141,6.595,74,False,False,/Usaduh828gtYe6jw9DosnPJ7I9.jpg,/lF3stznsrRzgiWBVG4x1lYOXQiA.jpg,,,0,0,,
18293,The Axis of Evil Comedy Tour,The Axis of Evil Comedy Tour,"In a time when East and West do not seem to understand each other, top stand-up comics of Middle Eastern descent Ahmed Ahmed, Aron Kader, and Maz Jobrani take it upon themselves to single-handedly bridge the gap with an original comedy tour that has become one of the hottest concert tickets in the country.Special guest Dean Obeidallah , who's appeared on ""Saturday Night Live"" ""Late Night with Conan O'Brien"" and is a founder of the New York Arab-American Comedy Festival, joins the ""Axis of Evil"" creators for this sold-out, no-holds-barred event that has made headlines everywhere from CNN to Newsweek.Nothing is off-limits. Whether it's gay terrorists or the difficulty of flying in post 9/11 America, The Axis of Evil Comedy Tour blasts stereotypes with outrageous humor.",2007-01-01,63,en,Released,tt1018867,0.269,7.3,8,False,True,/tjtwEhMKVaGdRY4mVTw1FTk5mRu.jpg,/490n0m3gaGZvQJLba0iiF793EMK.jpg,,,0,0,,
81337,The Putin System,Le Système Poutine,"The Putin System is a documentary chronicling Putin’s rise to power in Russia along with the implications for ordinary Russian people.  Russia is once again flexing its muscles. This time its weapons are not the Red Army or its nuclear arsenal, but the huge energy resources lying under the Siberian tundra.  Vladimir Putin is the man responsible for the reemergence of Russia as a global power, but how much is really known about him and his ascendance? This film explores his journey to the highest echelons of the Kremlin and contextualizes his rise against a newly belligerent Russia nostalgic for the past glories of the Soviet empire.  This investigative documentary covers 30 years in the history of Russia through the personal history of Vladimir Putin: a man who has single-mindedly played all the rules of the game to reach the throne of power.",2007-11-28,88,fr,Released,tt1183380,0.0571,7.4,9,False,False,/4Ejm7tWDswTUwgJsDysXdS3pnSF.jpg,,https://www.journeyman.tv/film/6375/the-putin-system,,0,0,,
44168,Psycho Game,Rojo intenso,"Javier is Spanish and is married to Laura, who is Chilean. They have a six year old son, living in Chile and enjoy a prosperous economic position. The three are, at last, on vacation in Spain, because Laura seems to have overcome a problem of claustrophobia that prevented her from traveling. The family moved to a camp, near the home of Javier's parents. There they meet Ignacio, a handsome young man, a friendly neighbor. But not everything is as nice as it seems at first sight.",2006-11-16,114,es,Released,tt0934564,0.1692,3.6,5,False,False,/hgvpJ9jg8GRpHYR60vJCvt8f8eU.jpg,,,,0,0,,
14905,Welcome to Sarajevo,Welcome to Sarajevo,"Follow a group of international journalists into the heart of the once cosmopolitan city of Sarajevo—now a danger zone of sniper and mortar attacks where residents still live. While reporting on an American aid worker who’s trying to get children out of the country, a British correspondent decides to take an orphaned girl home to London.",1997-05-09,103,en,Released,tt0120490,1.4935,6.451,122,False,False,/bGdDqsFCF0v9M5mB77fAF8vJMsy.jpg,/9NjCvqLUAQYfX3ksAImHdtdc1Bx.jpg,,"To get the story, they’ll risk everything.",9000000,334319,,
67415,Incoherence,지리멸렬,"Over three episodes, three respectable middle-aged men find themselves behaving badly. A teacher hides his pornographic magazine from a female student. A jogger steals milk and blames it on a newspaper delivery boy. A drunk man desperately searches for a public toilet late at night.",2025-08-27,31,ko,Released,tt1997399,1.5471,6.3,3,False,False,/A8D7xLxLlr1HtvuLgEVSvG0sLdT.jpg,/vmHMnZ1RQNBP0wvkF453qYMIjNb.jpg,,,0,0,,
67860,Ireland,Ireland,"This installment of the series produced by the acclaimed Nature team showcases the grandeur of the Emerald Isle. Going beyond the usual travelogue, the film takes viewers to places they've never been before so they can truly appreciate the natural treasures of the country: the lush plant life; the animal families that call the country home, including peregrine falcons and dolphins; and the magnificent countryside, from the mountains to the bogs.",2004-06-29,,en,Released,tt0799271,0.1783,7.5,2,False,False,,,,,0,0,,
51358,Neighbors,Neighbors,The Romeo and Juliet story played out in a tenement neighborhood with Buster and Virginia's families hating each other over the fence separating their buildings.,1920-12-12,18,en,Released,tt0011508,0.9922,7.083,156,False,False,/k1UjHdeHAIS3vlgmdiwP5ITKVu5.jpg,/pwbWZ7nyseuTvZ7jjSkizrpBn2h.jpg,,"His Latest Gigglelogue of Clean, Wholesome Joy",0,0,,
17271,Tooth,Tooth,"Tooth is a young, feisty Tooth Fairy, who lives in a world called Fairytopia that has lost its ability to use magic. Fed up with the way most fairies have forgotten about magic, she decides to give away all of its money. When Tooth begins to understand how much trouble she is in, she realizes the only person who can help is the legendary Mrs. C, who disappeared, along with magic over 100 years ago. Teaming up with two human children and a number of fairies, who are living incognito amongst humans she sets off on the adventure of a lifetime. Pursued by the evil Plug, a terrifying fairy hunter and his posse, the race is on to save the world before Christmas, Easter and all the holidays are ruined forever.",2004-02-13,91,en,Released,tt0365852,1.4104,4.063,16,False,False,/fHfaAtWGrYQYwzzAvh4mJIl7B1B.jpg,/2tO9TldRc9IVEJT7a3W3nW3BIgZ.jpg,,Only one fairy has the courage to bring the magic back...,0,0,,
97115,The Constant Nymph,The Constant Nymph,"Sanger, an eccentric expatriate composer, dies in his house in the Austrian Alps, leaving his daughters penniless. The young composer Lewis Dodd, a longstanding friend of the family, falls in love with their cousin Florence when she comes to take the girls back to England. But little Tessa Sanger is in love with Lewis herself, and when she runs away from school and comes to live with Florence and her husband, their already-shaky marriage is further undermined",1928-02-20,110,en,Released,tt0018791,0.5971,10.0,1,False,False,/r9jAihwat2Jr73sYbc3j4CCXh0T.jpg,/1WljwJaK5PpwKmbyfTUhprWjfwN.jpg,,,0,0,,
95539,Bon Jovi | Unplugged On VH1,Bon Jovi: Unplugged On VH1,"Bon Jovi perform an acoustic set, including songs from their 2007 album, “Lost Highway.”",2007-06-25,43,en,Released,tt1550296,0.5694,8.0,4,False,False,/lUq6kvuyonWedBXU6FedDvIFJLo.jpg,/UoNherLOY1ZaGjxM5AQ4rBcpVJ.jpg,http://www.bonjovi.com,,0,0,,
3684,Flash Gordon in Space,Baytekin: Fezada Çarpışanlar,"1967 is the year of ""Baytekin Fezada Çarpışanlar / Flash Gordon - Battle in Space"" in which director Şinasi Özonuk tries hardly,despite a very low budget,to come up with a space Opera.",1967-01-01,90,tr,Released,tt0336004,0.2879,8.0,3,False,False,/6WO6CvsURugCUgDF5q3FFjbxNEB.jpg,,,,0,0,,
1542,Office Space,Office Space,"A depressed white-collar worker tries hypnotherapy, only to find himself in a perpetual state of devil-may-care bliss that prompts him to start living by his own rules, and hatch a hapless attempt to embezzle money from his soul-killing employers.",1999-02-19,90,en,Released,tt0151804,5.1944,7.372,3358,False,False,/iEmTwOkUaLziMQCUZii5wPQBIAO.jpg,/g7o5O6xRWkMiwHXiYMPC690YEL4.jpg,,Work sucks.,10000000,12800000,,
24675,Beyond,Beyond,"While looking for her cat, a young woman and some kids find an abandoned building where strange things happen and the rules of physics don't always apply. Part of the Animatrix collection of animated shorts set in the Matrix universe.",2003-06-03,13,en,Released,tt0372764,1.951,7.287,150,False,False,/22A3kGBJHOr5It6HHRXZYKTbKz3.jpg,,,,0,0,1266219,The Animatrix
6522,Life,Life,Two men in 1930s Mississippi become friends after being sentenced to life in prison together for a crime they did not commit.,1999-04-16,108,en,Released,tt0123964,5.8022,6.668,860,False,False,/saWYpX3ADdmdByQZVrSYUNbQ9GC.jpg,/GjoNCBnOdmKz7ZVG0IICfg1GKa.jpg,,Share it with someone you love.,80000000,73500000,,
62650,Task For You,Вам - задание,"Based on the novel of the same name by Nikolai Cherginets. The film begins in the spring of 1941 and ends with the first months after the liberation of Belarus. In the center of the plot of the film – the story of three brothers Kuprevich. Police Lieutenant Alexei Kuprevich receives an appointment as an operative in one of the districts of Western Belarus. His task – to neutralize the rampant gang there ""forest brothers"". War begins. Alex and his brother, senior police Lieutenant Peter Kuprevich receive the first combat mission: to destroy the landed settlements under the German assault...",2004-12-12,78,be,Released,tt3553946,0.3134,10.0,3,False,False,,,,,0,0,,
62624,Tony Bennett - Wonderful World: Live In San Francisco,Tony Bennett - Wonderful World: Live In San Francisco,"The love affair that began forty years ago with Tony Bennett and the City by the Bay continues with a very special evening of song, ""TONY BENNETT'S WONDERFUL WORLD: LIVE FROM SAN FRANCISCO."" Filmed at the famed Fairmont Hotel on Nob Hill, the site of Bennett's first public performance in 1962 of his now renowned signature song, ""I Left My Heart In San Francisco,"" this definitive concert showcasing Bennett's musical legacy airs on PBS stations nationwide in December 2002. Filmed in front of a live audience who enjoyed 90 minutes of an unforgettable evening of Bennett's greatest hits and personal favorites.",2002-12-10,76,en,Released,tt0348425,0.292,8.25,1,False,False,/2toXyQxqwb2JuC2gsiTRvKxdw4P.jpg,,,Includes a special appearance by k.d. lang,0,0,,
24066,"Happy, Texas","Happy, Texas","Two escaped convicts roll into the village of Happy, Texas, where they're mistaken for a gay couple who work as beauty pageant consultants. They go along with it to duck the police, but the local sheriff has a secret of his own.",1999-12-03,98,en,Released,tt0162360,1.8322,5.7,125,False,False,/5bUoL781c0YdWmqtcNWjbPATyAb.jpg,/mZEsbQGrxuGbIsnGteaFVni5lQU.jpg,,Escaped convicts disguised as beauty pageant experts? This could get ugly.,1700000,1943649,,
10763,Dr. T & the Women,Dr. T & the Women,"A successful Texas gynecologist finds himself amid a bevy of women and their problems – his wife’s breakdown, his daughter's fake marriage, his other daughter’s conspiracy theories, and his secretary’s crush. Craving time for himself, he finds solace in a kind outsider.",2000-09-13,122,en,Released,tt0205271,1.9557,4.91,346,False,False,/vBtKoV5YU4lStxXyBQLvAdYgGej.jpg,/zf2eFbIgNvg4qRa8bUsHkw2JkSE.jpg,,He is overwhelmed by the woman in his life,23000000,22844291,,
79751,Your Money or Your Life,La Bourse et la Vie,Pétepan learns that his money has been lost by Robinhoude brothers.He asks his assistants to withdraw his amount from the bank.,1966-04-26,90,fr,Released,tt0060184,1.0857,6.036,14,False,False,/s5u54zFDvTshbMkgQMKoU6bmlFv.jpg,/yVi7Pmljcgam9ZIb5HZIQQq2ErG.jpg,,,0,0,,
18535,Loving You,Loving You,"Deke Rivers is a delivery man who is discovered by publicist Glenda Markle and country-western musician Tex Warner who want to promote the talented newcomer to fame and fortune, giving him every break he deserves. Romantic complications arise as Susan, another singer in the group, offers him devoted admiration as Glenda leads him on with promises of a golden future.",1957-07-09,101,en,Released,tt0050659,1.8497,6.191,55,False,False,/o4gUNoyTy3uh2qaHMK0InqvuF8o.jpg,/r0ZGrX630STCIQNRqbXAQXdFIeP.jpg,,You'll Love Loving You,0,0,,
64618,The Little Rascals - Superstars of Our Gang,The Little Rascals - Superstars of Our Gang,"School's Out - There's a new teacher in town, but the class she's assigned to teach isn't quite what she expected. Free Wheeling - Dickie's sick, and the Rascals know how to fix that. For Pete's Sake - Pete gets dog-napped. Divot Diggers - Combine Alfalfa, Buckwheat AND Spanky, along with the kids playing a round of golf Rascals style. Waldo's Last Stand - As their lemonade stand flounders, the kids start up an entire restaurant. Bonus: -Jackie Cooper Go Kart Race - A comedic news report showing Little Rascal Jackie Cooper road racing with the Mark Brothers on a Hollywood backlot. -Old and New Rascals - The first ""Gang"" from the movies of the 20's, meets with Spanky and the late 30's iteration. -Little Rascals Varieties - Trailer for the gangs full length movie -Alfalfa on the Roy Rogers Show - A grown up Alfalfa guest stars on the Roy Rogers show. All the shorts are presented in their original B &amp; W as well as in a great colorization job. .",2007-03-27,,en,Released,,0.0239,,,False,False,,,,,0,0,,
86518,Desperate Lives,Desperate Lives,"A brother and sister get caught up in the drug scene in their local high school, with tragic results.",1982-03-03,96,en,Released,tt0083822,1.0395,6.5,2,False,False,/o3ybDMGaYlSr4fLOYNJaWdhPPy2.jpg,,,Who's killing young kids with drugs and crime?,0,0,,
23688,Face,페이스,"A serial killer is burning away the flesh of his victims with acid, leaving only the bones behind. The police turn to Hyun-min, a former forensic sculptor adept in reconstructing faces by examining and interpreting skulls. With the victim's bones in his house, Hyun-min's daughter begins to experience disturbing visions. As he races against time to find the answers and save his daughter, the deadly truth behind these victims reveals a sinister conspiracy that threatens everyone involved.",2004-06-11,92,ko,Released,tt0409947,1.764,5.5,31,False,False,/gBLkbzzcJ0dAPIlcd7E5fYWBuQI.jpg,/zez4eIEDWUoY7fu8HgcS1WfOWRQ.jpg,,Looks Can Kill...,4000000,0,,
79610,Behind the Red Door,Behind the Red Door,"Natalie, a gifted New York photographer, has a troubled past reflected in her art. When she struggles to make ends meet in the city, her agent, arranges an assignment in Boston for a considerable sum of money. Unable to turn it down in her dire straits, Natalie takes the job -- only to find that her estranged gay brother, Roy, is the employer. Roy wants to mend their broken past, but must convince her to stay long enough to do so.",2003-01-12,105,en,Released,tt0282891,1.139,5.444,27,False,False,/t7L4htGL5UMwK4wCUdHlzkvmDyi.jpg,/uwwxYy3LJivY4CXoQIN6Nqx1trs.jpg,,,0,0,,
48351,Rock Milestones: Pink Floyd's Wish You Were Here,Rock Milestones: Pink Floyd's Wish You Were Here,Documentary about Pink Floyd's album 'Wish You Were Here',2005-07-31,,en,Released,tt1193518,0.0554,,,False,False,/iYHTlhiAjlcG113UE30KnhPzEKI.jpg,/xcxHW1sUrfoGVVKPZd2JMNEIPUm.jpg,,,0,0,,
70866,One Step Beyond: The Making of Alien Resurrection,One Step Beyond: The Making of Alien Resurrection,"The making of Alien Resurrection (1997) is covered in this feature-length documentary, created for the film's 2003 DVD release. The cast and crew tell us how this movie came to be, from it's script which never changed through production, to its initial theatrical release.",2003-12-02,174,en,Released,tt0387469,0.6914,6.643,14,False,False,/3x4hTQfenaPFQ8VPGa0yuKimgGy.jpg,/laqPvxvvrFPsEKm9FYfz6oIFG2J.jpg,,,0,0,,
80303,That's Cheating! The Biggest Plan in History?,That's カンニング! 史上最大の作戦?,"The setting is the prestigious, traditional Japan University of Science. Mitsugu Kimura, a top-achieving student, is a resident of Sigma House, a student dormitory. Mitsugu is joined by a group of unique, problematic students with the lowest grades, but Sigma House is in danger of being demolished. Professor Migita, who is conspiring to build a hotel on campus, has plotted to close the dormitory unless all the students get straight A's on their next exams. In Campus Academic Wars, students wage a cheating war against a corrupt university professor, with the survival of Sigma House at stake. Will glory or ruin await them at the end of this righteous(?) cheating that brings together all their intelligence and physical strength? Namie Amuro, the top J-pop music sensation, plays one of the students. Screening alongside the film In Tomoko's Case (starring Rie Tomosaka, directed by Katsuyuki Motohiro) as a double feature theatrical release.",1996-08-10,98,ja,Released,tt0296236,1.3236,7.0,10,False,False,/srw6r0cHcIABLVM9kVkNAdYrDeF.jpg,/mpszWSBjPEoV6aeD1FbutqAx3I2.jpg,https://www.fujitv.co.jp/movie/01movie/19960000_05_M00.html,,0,0,,
20943,The Ugly Truth,The Ugly Truth,"A romantically challenged morning show producer is reluctantly embroiled in a series of outrageous tests by her chauvinistic correspondent to prove his theories on relationships and help her find love. His clever ploys, however, lead to an unexpected result.",2009-07-24,96,en,Released,tt1142988,5.0462,6.505,3744,False,False,/2rq96Ihbqb1eU3TEBVtgFlqbeX7.jpg,/wawOB6twz3K0vAsjGnZc6fTghFM.jpg,http://www.thetruthisntpretty.com/,The battle of the sexes is on.,38000000,321700000,,
29973,Cobb,Cobb,"Al Stump is a famous sports-writer chosen by Ty Cobb to co-write his official, authorized 'autobiography' before his death. Cobb, widely feared and despised, feels misunderstood and wants to set the record straight about 'the greatest ball-player ever,' in his words.",1994-12-02,128,en,Released,tt0109450,1.0889,5.911,96,False,False,/clOqh9is8vWZvX6AUjF4HtLdQMj.jpg,/1ZpyiQWRS95hixy6ajtJk4WVduZ.jpg,,Everyone hated this baseball legend. And he loved it.,25500000,1007583,,
52192,Standing Still,Ayakta Kal,"In an environment where class conflicts exist between college students and high school students, this is a story of love that transcends class differences. The young woman and her friends are college students, while the boy she is in love with is a state high school student, and the two sides are constantly at odds with each other. In addition to these conflicts, there is also the family factor that stands in the way of the young people's love.",2009-01-01,98,tr,Released,tt1278005,0.1964,2.5,4,False,False,/kqb6phpY20YFUefpiH4XZmsy7bV.jpg,,,,0,0,,
2463,Running Out of Time,暗戰,Police inspector and excellent hostage negotiator Ho Sheung-Sang finds himself in over his head when he is pulled into a 72 hour game by a cancer suffering criminal out for vengeance on Hong Kong's organized crime syndicates.,1999-09-23,93,cn,Released,tt0216165,3.6489,7.325,171,False,False,/9ccrrOMnpeQm9SI0PL2E1d4stn6.jpg,/a0jFMDNLmkIooaOvlWHnkrUJMeF.jpg,,Let the games begin.,225000,1866462,206072,Running Out Of Time Collection
89330,Poliisin poika,Poliisin poika,"The petty criminal Trampas is released from prison and immediately starts planning new jobs with his girlfriend's simpleminded brother Lepsu. They are joined by Trampas's pregnant girlfriend and Jusse, a refugee from Rwanda, as a driver.",1998-11-01,80,fi,Released,tt0177867,0.4218,5.867,15,False,False,/gaEJPprlpFlsh4XasNAQJIMKQI2.jpg,/nPo8LweI8h9QKeBK6Ucmz4nA3TD.jpg,,,0,0,,
30574,Experiment Perilous,Experiment Perilous,"In 1903, Doctor Huntington Bailey meets a friendly older lady during a train trip. She tells him that she is going to visit her brother Nick and his lovely young wife Allida. Once in New York, Bailey hears that his train companion suddenly died. Shortly afterward, he meets the strange couple and gets suspicious of Nick's treatment of his wife.",1944-12-18,91,en,Released,tt0036807,1.3314,5.736,36,False,False,/ERezpLYUc1SEKP3wGYixUAPhUh.jpg,/yXY6lMKgA17KlArCJou8eQyO601.jpg,,Who's in danger from whom? Who's crazy? Who can fathom the obscure motivations?,0,0,,
92213,Chaya,ชายา,"A young archaeologist uncovers a coffin of an ancient princess who was his lover in their past life. The princess is out to avenge her death from her younger sister who, in this life, is the lover of the archaeologist.",2003-11-20,91,th,Released,tt0391855,0.3707,5.0,4,False,False,/ydY587huCcliR6dZ5bnk1wwJ2bS.jpg,,,,0,0,,
74966,Weihnachten in Familie,Weihnachten in Familie,,2007-11-02,80,de,Released,,0.0338,6.5,1,False,True,/oZROGRRPHSGHpQMABvxwox0iWtu.jpg,,,,0,0,,
76999,Wedding in Paris,Matrimonio a Parigi,"A businessman in Italy, who doesn't pay any taxes, and a financier always on the hunt for tax evaders come into contact because their sons share an apartment in Paris.",2011-10-21,110,it,Released,tt2080344,0.7143,4.6,175,False,False,/wArciwseGZc7BoCNB2kRAocZ7qP.jpg,/oPv8f1rl9XtKqQv8nNIywXsBxuw.jpg,,,0,5661517,,
37832,Mammuth,Mammuth,"Serge Pilardosse has just turned 60. He has worked since the age of 16, never unemployed, never sick. But the hour of retirement has come, and it is disillusionment: he is missing points, some employers having forgotten to declare it! Pushed by Catherine, his wife, he gets on his old motorcycle from the 70s, a ""Mammut"" which earned him his nickname, and sets off in search of his pay slips. During his journey, he rediscovers his past and his quest for administrative documents soon becomes incidental...",2010-04-21,92,fr,Released,tt1473074,1.0971,5.8,164,False,False,/f19wwAy4q1oAmGRBLvxRIq3bvd1.jpg,/t4IKPM6Kd1hWG4MxSxoqMU3xszD.jpg,,A retiree battles to obtain his rightfully due pension.,3000000,7100000,,
2588,Chaotic Ana,Caótica Ana,"Ana, a teenager artist, is raised in Ibiza by her German father Klaus in a naturalist lifestyle. She meets Justine, who invites her to move to Madrid and get an artistic education and financial support. Ana befriends Linda, meets the problematic Said, a Saharawi youngster, and later she is hypnotized by Anglo, who opens a door to her memories and past lives.",2007-08-24,119,es,Released,tt0456340,1.3612,6.036,70,False,False,/49HVU5cpbP5aVIDPfudwYCrLcFo.jpg,/j5VTKDRMDqCmQj4zK8TS0JQwQ9y.jpg,,,6500000,0,,
35272,Cheech & Chong Roasted,Cheech & Chong Roasted,"Cheech and Chong, the stoner pair who dominated the comedy scene in the 1970s and ’80s and recently reunited for their Light Up America tour, take their place in the hot seat to be roasted by close friends and fellow comedians. The duo made a name for themselves with their drug-laced humor, which kept audiences rolling in the aisles with such comedy routines as “Earache My Eye,” “Basketball Jones,",2008-11-30,43,en,Released,tt1332006,0.6587,4.8,7,False,False,/d1Cn8axoS1flSSK9NnIE9ELcN9J.jpg,/hppB6KAdAwlLtDg8OuTAMJDyNRT.jpg,,,0,0,,
75101,Red Victoria,Red Victoria,A writer is forced to write a horror movie by an undead muse who motivates him by killing his friends and family.,2008-03-01,88,en,Released,tt1190919,0.2543,4.4,10,False,False,/caQJNIug7eF2KQNSB9iSIsmhf3N.jpg,,,"Finding your muse, can be murder.",5000,0,,
41400,Tiramisu,戀愛行星,"Is the story of a man, Fung, in his early twenties living his life as a mail-man during the day and a janitor at night. One day, through fate and destiny, he manages to meet a beautiful girl, Jane, on a subway train while delivering a package. From this moment on his life will change forever.",2002-03-28,111,cn,Released,tt0348214,1.3925,5.0,7,False,False,/9OOOOFVBe6dRnPPGuS7JQCXfWL9.jpg,/lAoG2bgjJnVWLqTijRpunGQ9mqD.jpg,,,0,0,,
29507,Enlightenment Guaranteed,Erleuchtung garantiert,"Two middle aged German brothers - one New Age and recently divorced, the other uptight and sceptical - travel to a Zen monastery in Japan in search of enlightenment, or perhaps just in search of themselves.",2000-01-20,109,de,Released,tt0177749,1.0198,6.909,22,False,False,/zSNtcIPwhdulMYjTYrEkD3APw6Y.jpg,/j13gcHwSsW7j4ulY6q5aUOSRvvs.jpg,,Two Strangers in a Strange Land.,0,0,,
68734,Argo,Argo,"As the Iranian revolution reaches a boiling point, a CIA 'exfiltration' specialist concocts a risky plan to free six Americans who have found shelter at the home of the Canadian ambassador.",2012-10-11,120,en,Released,tt1024648,7.0312,7.284,8904,False,False,/m5gPWFZFIp4UJFABgWyLkbXv8GX.jpg,/iVk4mVKwNE66JbBcoDwcYFvuUXM.jpg,https://www.warnerbros.com/movies/argo,The movie was fake. The mission was real.,44500000,232300000,,
89790,Double Edge,Double Edge,"A boy sees his parents gunned by criminals due to unpaid debts. Twenty years later, the boy, Mark Quinn, has become a hard-hitting cop, the kind that hates criminal scum, bending the rules to catch those criminals and drive them to despair.",1985-01-01,86,en,Released,tt0427179,0.2832,4.667,3,False,False,/3vGYwqlwztqRj1OIOuONdPRC6RG.jpg,,,He took the law into his own hands...,0,0,,
13199,American Me,American Me,"During his 18 years in Folsom Prison, street-gang leader Santana rules over all the drug-and-murder activities behind bars. Upon his release, Santana goes back to his old neighborhood, intending to lead a peaceful, crime-free life. But his old gang buddies force him back into his old habits.",1992-03-13,125,en,Released,tt0103671,3.1629,7.389,395,False,False,/mrcdh66L6K1Nb5xPORuZufvE9aE.jpg,/l7JoZghpEh7rfzc5eRKKUzlv3BY.jpg,,In prison they are the law. On the streets they are the power.,16000000,13100000,,
53422,The Bond,The Bond,"A propaganda film created by Charlie Chaplin at his own expense for the Liberty Load Committee to help sell U.S. Liberty Bonds during World War I. The story is a series of sketches humorously illustrating various bonds like the bond of friendship and of marriage and, most important, the Liberty Bond, to K.O. the Kaiser which Charlie does literally.",1918-09-29,9,en,Released,tt0008907,0.4674,5.0,50,False,False,/6U7AzDxNFdzxqzDbH3XEb2xPJYl.jpg,/pFsN1sY4oJGRbXuCyHvwU9eNb76.jpg,,,0,0,,
56124,The Magnificent Scoundrels,情聖,"Valentino is a mediocre con artist who crosses paths with Kwan, a fellow con artist. Together, they impersonate various people and create numerous schemes to make money. Meanwhile, gangsters are making a scheme of their own.",1991-10-09,96,cn,Released,tt0102737,3.915,6.385,39,False,False,/dQxM0RkVtxhDbMRWl91QsG3gr0E.jpg,/po7O4yd9TPyPmDA3H8AGFpizM3b.jpg,,,0,0,,
89353,Fear & Shivers,Furcht & Zittern,"Hertha is determined to shoot her unfaithful husband. But by chance, she becomes a hostage-taker, giving her neurotic victim Philipp the worst hours of his life. A road movie across Lower Austria: Not even the Waldviertel wine bottles remain unscathed in the gunfire.",2010-09-10,102,de,Released,tt1597528,0.238,7.0,1,False,False,/wfqtCHnyUDnWkZXrrEx6hvrK4DA.jpg,,,,0,0,,
22162,A Kid in Aladdin's Palace,A Kid in Aladdin's Palace,"Calvin, a young pizza delivery boy, is mistaken for the ""Great Deliverer"" by Aladdin, an eighth century genie imprisoned in a lamp. Thinking that the boy is his only hope for deliverance, the genie lures him back to the eigth century where he must join forces with Ali Baba in order to save Aladdin from the evil hands of Luxor.",1997-11-12,89,en,Released,tt0127624,1.2332,5.3,30,False,False,/fnN7BprzPEqbxTBVoe1lKolES5a.jpg,/hwZNEPIDinCin5NFWEbFwc7HApH.jpg,,The Kid is Back!,0,0,1007218,A Kid in... Collection
50283,The Fossil Record,The Fossil Record,If evolution is true there must be two lines of evidence: (1) the fossil record must produce vast numbers of transitional forms (2) there must be a mechanism to cause all these changes - Where are all the transitional forms between the Procambrian and Cambrian periods? - How well do some of the famous alleged fossil intermdiates such as the horse and archaeopteryx hold up to unbiased scientific investigations? - Do mutations and natural selection support evolution?,2006-01-01,60,en,Released,,0.0261,,,False,False,,,http://www.answersingenesis.org,Fossils - Scientific Evidence for the Bible,0,0,,
50226,Sans peur et sans reproche,Sans peur et sans reproche,Without fear and beyond reproach: the life of the brave knight de Bayard reviewed and corrected with humorous sauce.,1988-12-14,100,fr,Released,tt0096034,0.905,5.487,38,False,False,/rcLG3jDid6si0OiDrzABe4WuwCy.jpg,/reCIQZT4QoEPSI7XIyPrW7mUY4s.jpg,,,0,0,,
53095,Spider's Web,Spider's Web,A wily businessman plots with a sultry executive to swindle $40 million from his father. But who is conning who?,2002-11-12,88,en,Released,tt0316653,1.1879,4.633,15,False,False,/tqGgOCEeXjZLhXiCLo4rI5qq03U.jpg,/gj6sLfHRU7W7xs13Si0hWZeSki8.jpg,,"Once bitten by lust, you can't escape the trap.",1000000,0,,
46275,Global: A Surf Movie,Global: A Surf Movie,"Surfing from around the world without all the hype and gimmicks. Shot on location in Europe, the United States, Africa and Central America, Global showcases the best surfiing on the planet.",,,en,Released,,0.0071,,,False,False,,,,,0,0,,
543,Blackmail,Blackmail,"London, 1929. Frank Webber, a very busy Scotland Yard detective, seems to be more interested in his work than in Alice White, his girlfriend. Feeling herself ignored, Alice agrees to go out with an elegant and well-mannered artist who invites her to visit his fancy apartment.",1929-07-28,86,en,Released,tt0019702,2.0883,6.547,277,False,False,/7ioNEKouUkkWyv5tUDwVUd7BDRR.jpg,/3fWwpoAVj3mhgQxTnv2O0F1ElAM.jpg,,A romance of Scotland Yard,0,0,,
72310,Omar & Pete,Omar & Pete,Omar and Pete are determined to change their lives. Both have been in and out of prison for more than 30 years — never out longer than six months. This intimate and penetrating film follows these two longtime African-American friends after what they hope will be their final release. Their lives take divergent paths in their native Baltimore as one wrestles with addiction and fear while the other finds success and freedom through helping others. With extraordinary cooperation from Maryland's innovative reentry programs — many run by former drug addicts and convicts themselves — Omar &amp; Pete also provides a rare glimpse into an intense and very personal web of support.,2005-09-13,71,en,Released,tt0486199,0.2361,7.0,1,False,False,,,,,0,0,,
33788,Possession,Possession,"A woman's life is thrown into chaos after a freak car accident sends her husband and brother-in-law into comas. Thrills arrive after the brother-in-law wakes up, thinking he's his brother.",2009-07-16,86,en,Released,tt0368563,1.6635,5.576,165,False,False,/8L0ZVI4OAm6nagDx5QM0ufUsqG8.jpg,/5QDoHPqcKkCZ1WGAQpDUDm2dVhI.jpg,http://www.possessionmovie.com/,What if the person you loved became someone else?,0,0,,
14854,Lone Wolf McQuade,Lone Wolf McQuade,"The archetypical renegade Texas Ranger wages war against a drug kingpin with automatic weapons, his wits and martial arts after a gun battle leaves his partner dead. All of this inevitably culminates in a martial arts showdown between the drug lord and the ranger, and involving the woman they both love.",1983-04-15,107,en,Released,tt0085862,3.6396,6.513,414,False,False,/dLVegSmoFM5ekThmUauuhnAOejb.jpg,/yR10dIRDAuRfRUxQ2azF4GSwJNb.jpg,,The 'mad dog' criminal... The 'lone wolf' lawman... The ultimate showdown.,5000000,12232628,,
99961,Henry Rollins: You Saw Me Up There,Henry Rollins: You Saw Me Up There,"Henry Rollins live at the El Ray Theatre, Los Angeles 1996.",1998-01-01,83,en,Released,tt0185783,0.3509,7.5,2,False,False,,,,,0,0,1563502,Henry Rollins Spoken Word Collection
78116,Mijn Enschede,Mijn Enschede,"In this ego documentary, Astrid Bussink returns to Enschede, the Dutch city she left on the day of the firework disaster in 2000 that killed twenty-two and left nearly a thousand wounded. She moves into an apartment with a view of the memorial and tries to come to terms with the disaster.",2010-02-03,70,en,Released,tt1655417,0.0286,,,False,False,/qygxoxeR3oQFALhhHpx6KeoCi0w.jpg,,http://web.me.com/astridbussink/Mijn_Enschede/home.html,,0,0,,
97341,Deewane Huye Paagal,दीवाने हुए पागल,"A man embarks on journey to find his love in Dubai, only to learn she has different suitors and admirers.",2005-11-25,150,hi,Released,tt0444781,1.3848,5.279,52,False,False,/gJJwTPur4VsCal7gVSXmPMk9QRp.jpg,/7p7WdxwhKTijbylGEAx4MPaIyR4.jpg,,,0,355962,,
52199,Invasion of the Saucer Men,Invasion of the Saucer Men,"Aliens equipped with venomous claws invade a small town, but the town's teenage population is mobilized to fight the menace.",1957-06-19,69,en,Released,tt0050545,0.954,4.885,48,False,False,/8gEO48Pzl0IOzuW9gwbAYQGEmW.jpg,/hINi3qQuRvvyHmT5oMsJVXKsnWF.jpg,,They Threatened The World Until Some Hep Youngsters Took Over!,0,0,,
63702,Liliom,Liliom,"Two women love the same man in a world of few prospects. In Budapest, Liliom is a ""public figure,"" a rascal who's a carousel barker, loved by the experienced merry-go-round owner and by a young, innocent maid. The maid, Julie, loses her job after going out with Liliom; he's fired by his jealous employer for going out with Julie. The two lovers move in with Julie's aunt; unemployment emasculates him and a local weasel tempts him with crime. Julie, now wan, is true to Liliom even in his bad temper. Meanwhile, a stolid widower, a carpenter, wants to marry Julie. Is there any future on this earth for Julie and Liliom, whose love is passionate rather than ideal?",1934-05-15,118,fr,Released,tt0025397,0.9573,6.558,26,False,False,/3vobL7LPk198YHXjkBnO6GeM7cj.jpg,/2DuNtK9MZmUSRasIzTRbj0tUQzp.jpg,,,0,0,,
41288,Rocky Marciano,Rocky Marciano,"Step into the ring with one of America's greatest legends...and stand a couple of rounds with greatness! ""Pulling no punches"" (LA Daily News), Jon Favreau (Swingers) and OscarÂ(r) winner* George C. Scott give TKO performances in this outstanding biography of the only undefeated world heavyweight champion in the history of boxing! In the small blue-collar town of Brockton, Massachusetts, young Rocky Marciano (Favreau) turns to the ring as his ticket out. Training twice as hard and twice as long as anyone else, he pounds his way to victory and his reputation quickly spreads as ""the guy to beat."" But behind the gloves Rocky is unhappy with his gift and he's thinking of retiring. So, with the fate of his career hanging in the balance, he finds a way to unleash his thunder againthis time against his biggest hero: Joe Louis!",1999-05-15,100,en,Released,tt0183718,1.2518,5.868,19,False,False,/etGbqFX6lNbthXtj85gXJuDQ9TA.jpg,/7mX5y3W6n9zdCrmsWKdeAexDCbM.jpg,,,0,0,,
69878,Harvest,Harvest,"Gathered one summer in a beautiful shoreline town, three generations are drawn together by their patriarch. With endearing moments of humor and uplifting spirit, Harvest is a portrait of a family awkwardly yet delicately hanging on to what was, what now is, and to one another.",2011-03-05,103,en,Released,tt1302001,0.9659,4.8,5,False,False,/ieCSkXaXwBDPbizw7IPIRFgqlrt.jpg,,,,0,0,,
35691,Letters to God,Letters to God,"A young boy fighting cancer writes letters to God, touching lives in his neighborhood and inspiring hope among everyone he comes in contact. An unsuspecting substitute postman, with a troubled life of his own, becomes entangled in the boy's journey and his family by reading the letters. They inspire him to seek a better life for himself and his own son he's lost through his alcohol addiction.",2010-04-09,110,en,Released,tt1462054,1.1685,6.854,140,False,False,/vkOXEUy9J0GNtrqXY9Z9rl9pDHf.jpg,/afmdDeou88W4OOJXr1Tepu2tLjX.jpg,http://www.letterstogodthemovie.com,"Given the right address, anything is possible.",3000000,0,,
50330,The Road to Mandalay,The Road to Mandalay,"Joe, a former sea captain whose wife died during the birth of their child at sea, is now a pockmarked, disreputable divekeeper in Singapore where he indulges in shady operations with Herrick, known as The Admiral. They ship for Mandalay, where Joe's daughter lives with a priest, Father James, and tends a curio shop, unaware that her father regularly sends money to Father James for her support. Although his daughter clearly finds him abhorrent, Joe determines to take her away until he learns that The Admiral has fallen in love with her and plans to marry her. He persuades Father James (actually his brother) not to perform the ceremony, and The Admiral is shanghaied by Joe's men. The girl, suspecting Joe, goes to his brothel in Singapore and is about to be assaulted by Charlie, a lecherous Chinaman, when Joe intervenes and is stabbed. The Admiral comes to her rescue and escapes with her on a boat.",1926-06-26,70,en,Released,tt0017329,0.5976,6.375,8,False,False,/oVUHJPjwjS1AAjpjQnhVuovfWUL.jpg,,,"East meets West -- you'll meet thrills such as you've never imagined possible in this powerful film, Chaney's greatest role!",0,0,,
8436,The Page Turner,La Tourneuse de pages,"Mélanie Prouvost, a ten-year-old butcher's daughter, is a gifted pianist. That is why she and her parents decide that she sit for the Conservatory entrance exam. Although Mélanie is very likely to be admitted, she unfortunately gets distracted by the president of the jury's offhand attitude and she fails. Ten years later, Mélanie becomes her page turner, waiting patiently for her revenge.",2006-08-09,85,fr,Released,tt0487503,1.0572,6.544,148,False,False,/lBomGoLZKklJWb5hMvcy44WbUsd.jpg,/uyZMq9VTihrWBVXzIQUkB8P8Nnq.jpg,,,0,9259604,,
29661,Guns of El Chupacabra 2: The Unseen,Guns of El Chupacabra 2: The Unseen,Guns of El Chupacabra II: The Unseen is a loosely based prequel/sequel to GUNS OF EL CHUPACABRA. This film parallels Guns of El Chupacabra and peers into the lives and motives of some of the characters introduced in GUNS OF EL CHUPACABRA in a more definitive manner.,1998-01-25,58,en,Released,tt1006884,0.3043,,,False,False,/slNpR3o5gdzMNFy0ytARvK1muBs.jpg,,,,0,0,,
18214,Black Eagle,Black Eagle,"One of the US Air Force's most modern tactical aircrafts, an F-100 with a new laser guidance system, crashes into the sea near Malta - a region where the Soviet forces are highly present, too. The CIA immediately sends out their best secret agent, Ken Tani, to salvage the system before it falls into enemy hands. To ensure his loyalty, they bring his two young sons to a nearby hotel on the island.",1988-05-01,93,en,Released,tt0094750,2.1339,5.004,269,False,False,/hMm9hIhErPcgONWknYBgfQP2Z00.jpg,/wRqyerpR1vhnaK4xhTDyq0Kuik6.jpg,,There are no armies. There is no glory. This fight is one on one.,3000000,0,,
15806,Splinter,Splinter,"A gang member, suffering from severe memory loss, searches for his brother's murderer. He secretly enlists the aid of the investigating Detective, while other members of his gang are mysteriously and sadistically murdered.",2006-08-17,90,en,Released,tt0429115,1.5047,4.529,17,False,False,/wJZvRhd51hVgMKt9JIg9DiwHqAT.jpg,/zlf9DeW7f5XqTffT4kVAnF60Yrl.jpg,,Everyone dies dirty...,0,0,,
90177,Beach Ball,Beach Ball,Edd Byrnes tries to get an ethnic-music-studies grant to buy instruments for his rock and roll group.,1965-09-29,83,en,Released,tt0058952,0.7991,4.4,15,False,False,/s1h7YHwGoPBQtqUW24wUyLuzPBY.jpg,/zmoCJa4w4TIPUEX7cy9Q7KiFDYa.jpg,,"BABES, BOYS AND BIKINIS",0,0,,
67989,The Secret Leopards,The Secret Leopards,"Jonathan Scott narrates the extraordinary story of the leopard - the one big cat that still survives across half the world while tigers, cheetahs and lions are all struggling. By following the lives of leopard mothers and their cubs in East Africa the film investigates what it is about the natural history of these cats that makes them born survivors. Perhaps the most extraordinary revelation is that leopards are living undercover on farms and even in cities across Africa and Asia.",2010-01-20,60,en,Released,tt2169712,0.0662,5.2,2,False,False,/3i5gXLWdYtKfWa1C0lj28PBNilE.jpg,,,,0,0,,
42821,The Florentine Dagger,The Florentine Dagger,A playwright descended from the Borgia family becomes a murder suspect.,1935-03-30,69,en,Released,tt0026369,0.7346,6.75,4,False,False,/uqnfjll293cUtEnKmvBM8Ne9x25.jpg,/j7TuheYpxxZGpW6bKaAut8DTU7S.jpg,,See how medical science SOLVES Europe's most baffling crime,0,0,1058366,Clue Club Collection
48756,Come Clean,Come Clean,"The Hardys wish to have a quiet evening in their apartment, but are interrupted when the Laurels pay a visit. Stan and Ollie go out for ice cream, and manage to prevent a shrewish woman from committing suicide on the way back home. The woman is ungrateful and makes threats against the them unless they look after her. They spend a chaotic evening trying to keep her hidden from their wives.",1931-09-02,20,en,Released,tt0021755,1.3442,7.173,49,False,False,/5xI2S8EPNYFgNURL0L4jD1C8fa1.jpg,/pEPa57kuxFIq2GKLNNSEA6cY86O.jpg,,,0,0,,
91647,Wildman,Ürgmees,"""Ürgmees"" on Ameerika näitekirjaniku Rob Beckeri kirjutatud ühemeheetendus, mis toob välja, et igas mehes on peidus tundeline ja hooliv ürgmees. ""Ürgmehe"" näol on tegemist humoorika ja teravmeelse etendusega, mis räägib meeste ja naiste vahelistest suhetest, võrdleb naisi ja mehi ning toob esile juba ürgajal kujunenud instinktid.  Ligi kaks tundi kestev näidend seletab, kuidas on naiste ja meeste erinevus loonud eri maailmapildid, kultuuri ja isegi keele ning mis moel põhjustavad need erinevused arusaamatusi ja teineteise mittemõistmist tänapäeval. Peaosalise Jan Uuspõllu sõnul elab igas mehes ürgmees. ""Arvatakse, et meestel on tundeid vähem kui naistel, aga tegelikult see nii pole,"" arvab ta. ""Mehed on tundelised, kohusetundlikud ja neil on instinkt hoida oma peret ning lähedasi.""  Etendus lükkab ümber laialtlevinud arvamuse, et kõik mehed on mühakad, ja õigustab mõlemat sugupoolt. Muuhulgas saab etenduses üsna palju meeste ja naiste kohta teada.",2009-03-06,86,en,Released,,0.0643,10.0,1,False,False,,,http://danzumees.blogspot.com/2009/11/urgmees-monoteater.html,Rob Becker –Wildman,0,0,,
46463,Da Kath & Kim Code,Da Kath & Kim Code,"The squabbling mother and daughter, Kath and Kim, embark on an excursion into the unexplored crannies of life at Lagoon Court, Fountain Lakes.",2005-11-27,82,en,Released,tt0484275,0.7312,7.1,10,False,False,/n1UWAQ0FjC0XiCaDSMk3SbWp8L6.jpg,/6CVsi2VmhdsHwNblI9siJuRIw1a.jpg,http://www.kathandkim.com/dacode.htm,,0,0,790318,Kath & Kim Collection
31453,Double Identity,Double Identity,"In Chechnya, an American doctor takes a detour in life when he helps a mysterious woman escape from her would-be assailant.",2009-12-18,93,en,Released,tt1290400,1.0555,4.8,66,False,False,/w9jumrbylMill1LOllH5UBwu0BS.jpg,/qKvzxhjGMMiGG0rWKJT6geoASZL.jpg,,,0,0,,
1363,The Hi-Lo Country,The Hi-Lo Country,"An intimate story of the enduring bond of friendship between two hard-living men, set against a sweeping backdrop: the American West, post-World War II, in its twilight. Pete and Big Boy are masters of the prairie, but ultimately face trickier terrain: the human heart.",1998-12-30,114,en,Released,tt0120699,1.5431,6.061,98,False,False,/1bC63XzaUEWJArFUQFKwUy77lZS.jpg,/ufl4p5BmfhvJhUOC0iP92h54IRx.jpg,,A woman like Mona can drive men to extremes.,0,166000,,
82377,Secret Santa,Secret Santa,"Newspaper reporter Rebecca Chandler, who feels she got no fair chance to prove her worth in her thee years career, looks forward to a Hawaian holiday with her fiancé Ryan, but instead of a ring he brings her- walking orders, he found better. So she accepts again to be the bachelor on duty in the Christmas season, and write the annual romantic non-news feel good-story, once more about the elusive Secret Santa in small-town Hamden, where the Christmas spirit it said to last all year. Bad luck follows her from Indianapolis: her car breaks down, she can only get lodgings in a home for the elderly without Internet, and nobody wants to help her unmask the secret Santa. Soon she guesses it must be the only rich philanthropist, but the popular Mr. John Martin Carter doesn't grant her an interview and isn't tricked either, in fact meets her at the worst repeatedly without her knowing him...",2003-12-14,120,en,Released,tt0369910,0.9774,5.1,20,False,False,/kgQjJ44KEtxMmfYgChe8JIPQxG6.jpg,/tR0ovgVI2D0QN6vkNpNyLl6ozxl.jpg,,,0,0,,
146,"Crouching Tiger, Hidden Dragon",卧虎藏龍,"Two warriors in pursuit of a stolen sword and a notorious fugitive are led to an impetuous, physically-skilled, teenage nobleman's daughter, who is at a crossroads in her life.",2000-07-06,120,zh,Released,tt0190332,8.1187,7.433,3537,False,False,/iNDVBFNz4XyYzM9Lwip6atSTFqf.jpg,/nSm9cij9VRrGDoZoS16CPnX0FqK.jpg,,"A timeless story of strength, secrets and two warriors who would never surrender.",17000000,213978518,290973,"Crouching Tiger, Hidden Dragon Collection"
99565,Paul Weller: Live at the Royal Albert Hall,Paul Weller: Live at the Royal Albert Hall,"One of the benefits of a great live performance DVD is that it captures the artist at a specific point in time, age, experience and creative output. Paul Weller Live at the Royal Albert Hall does just that. Filmed in 2000, he is backed by longtime associates Steve White on drums and Steve Cradock on guitar, plus Edgar Jones on bass and Chris Holland on keyboards. Also on hand are Robert Kirby and a 16-piece string orchestra, accompanying the band on most songs. The performances are tight and the production quality is excellent.",2000-11-27,144,en,Released,,0.1737,8.0,1,False,False,/g3oHZdOjGhRp4DxoyakHvLJXarz.jpg,,,,0,0,,
69170,This Is the Zodiac Speaking,This Is the Zodiac Speaking,"A documentary featuring interviews with the people involved with the Zodiac killings, covering every aspect of the investigation, including the original investigators and surviving victims.",2008-01-08,102,en,Released,tt1560206,0.223,6.083,12,False,False,/3VT8OcUPzZPIPdl0pzmvgelOLHJ.jpg,/nYOdnJXzuvH1c5C3lGk7rafTW3Z.jpg,,,0,0,,
70114,Mr. Murder,Mr. Murder,"A group of scientists are trying to produce the perfect soldier by cloning. The day the clone is born, Marty Stillwater, a mystery novel writer, feels that something strange is going on inside his body and mind. Seven years later, Marty discovers that his double has his same physical appearance but has the personality of a murderer.",1998-09-21,132,en,Released,tt0140751,2.0664,5.036,14,False,False,/dImAy74gSExrCLdC95WuRQHbLCW.jpg,/aBpSvKILy6W4FTYxpCN1IA3lgf0.jpg,,Evil takes many forms.  It just took his.,0,0,,
96597,A Woman Like Eve,Een Vrouw als Eva,"A devoted yet stressed out housewife takes a holiday to relax, and falls in love with another woman: a guitar-playing hippie who lives in a commune.",1979-01-25,103,nl,Released,tt0080109,0.9393,4.7,20,False,False,/zTxT8ZuEUqRhYkg3rJiwC6QYBP2.jpg,/3FvBVctkkheTCCfUNSXvRkfsgIg.jpg,,,0,0,,
30586,Biggie & Tupac,Biggie & Tupac,"In 1997, rap superstars Tupac Shakur and Christopher Wallace (aka Biggie Smalls, The Notorious B.I.G.) were gunned down in separate incidents, the apparent victims of hip hop's infamous east-west rivalry. Nick Broomfield's film introduces Russell Poole, an ex-cop with damning evidence that suggests the LAPD deliberately fumbled the case to conceal connections between the police, LA gangs and Death Row Records, the label run by feared rap mogul Marion ""Suge"" Knight.",2002-01-11,107,en,Released,tt0303356,0.8905,6.358,81,False,False,/hh64yVsYNWjPGcIEKITp0f6Uqsu.jpg,/9tcG1PoQ9MIHMXzkwN0mehg0dMy.jpg,http://www.nickbroomfield.com/biggieandtupac.html,,0,0,,
82494,Freek de Jonge: De Tol,Freek de Jonge: De Tol,,1995-01-01,,nl,Released,tt5247778,0.0214,,,False,False,/8sQdjH3hLNN7SOWYl0sN9AUusCR.jpg,/kVMHkz7nM2A8hvj6E0RRYA944nT.jpg,,,0,0,,
75969,Men in the City 2,Männerherzen... und die ganz ganz große Liebe,"The sequel of the ""Men in the city"" movie which reunites all the characters.",2011-09-06,112,de,Released,tt1729211,0.6796,6.3,79,False,False,/zRGUQi4Qit1fD7G9VfONnLsJe3w.jpg,/uEcdxo81EgDCLlO3aEf1IOLDmDF.jpg,,,0,14663510,220872,Men in the City Collection
8062,Sieben Mulden und eine Leiche,Sieben Mulden und eine Leiche,"Thomas Haemmerli is about to celebrate his fortieth birthday when he learns of his mother's death. A further shock follows when he and his brother Erik discover her apartment, which is filthy and full to bursting with junk. It takes the brothers an entire month to clean out the place. Among the chaos, they find films going back to the 1930s, photos and other memorabilia.",2007-04-05,84,de,Released,tt1027744,0.2709,8.2,5,False,False,/6xQLNcdxarvx3DE287jE4te1uKb.jpg,,http://www.messiemother.com/,,0,0,,
42111,The Revolt of Job,Jób lázadása,The story of a childless Jewish couple in WWII-era Hungary who adopt a Hungarian boy and raise him with their values and traditions.,1983-12-01,98,hu,Released,tt0085767,0.7775,6.393,14,False,False,/yEJ4PBvDkgfPalvRmvJu0sDKUUN.jpg,/9Z1NnXEGd5m43ekQhnThMHguPzR.jpg,,,0,0,,
39402,Hercules Unchained,Ercole e la regina di Lidia,"En route to Thebes for an important diplomatic mission, Hercules drinks from a magic spring and loses his memory. He spends most of the movie in the pleasure gardens of Queen Omphale of Lydia. While young Ulysses tries to help him regain his memory, political tensions escalate in Thebes, and Hercules' new wife Iole finds herself in mortal danger.",1959-02-14,98,it,Released,tt0052782,1.345,5.056,54,False,False,/4lzZhokSXwb93GlrREMuRLw0SLL.jpg,/2mHanIxLVLoNwWTQG4rVPRVnBX8.jpg,,,0,0,1123986,Hercules (Steve Reeves) Collection
62540,RIAT 2010 - The Royal International Air Tattoo,RIAT 2010 - The Royal International Air Tattoo,"Highlights of the show were the F22 Raptor and the first UK airshow appearance of the A400M. There was also a stunning sequence commemorating the 70th Anniversary of the Battle of Britain. Other displays include: Avro Vulcan XH558, F18 Super Hornet, Gripen, F16, Tornado GR4, Lancaster, Typhoon, Harrier, Red Arrows, Patrouille Suisse, Patrouille de France, Chinook, C17 Globemaster and the KC135. There are also in-cockpit minicam footage from the Belgian F16, French Air Force Alphajet, Royal Netherlands Air Force Apache, Messerschmitt 109, Spitfire and the ""We Fly"" team.",2010-09-30,110,en,Released,,0.0214,5.2,2,False,True,,,http://www.airtattoo.com/,,0,0,,
19033,The Sasquatch Gang,The Sasquatch Gang,"Young fantasy and science fiction aficionado Gavin Gore and his friends stumble onto some huge footprints in the woods. A local cop, reporter, and a renowned Sasquatch authority investigate, while two of Gavin's dim-witted neighbors hatch a scheme to profit from the situation.",2006-03-08,88,en,Released,tt0460925,1.1904,5.889,54,False,False,/f7Vnrik2tsozzG1DRfgIBmJvUCx.jpg,/xTaj3tVozMfcCrrndYVPic91bWr.jpg,http://www.thesasquatchgang.com/,An epic tale of nerds and turds.,0,9458,,
13172,The Promotion,The Promotion,Two assistant managers of a corporate grocery store vie for a coveted promotion.,2008-06-06,86,en,Released,tt0803057,1.6816,5.298,265,False,False,/eceGYZLpbyq9Fhqqlj3zGzbqp0i.jpg,/79CbsN6xOoTRJtclYVhBNrMBWeY.jpg,,Two guys. One job. No rules.,0,0,,
80062,Rider in Blue,Ryttare i blått,"When private eye John Hillman is on assignment in London his wife Kajsa visits the Army's riding school at Strömsholm, Sweden. She gets involved in the strange murder of the Blue Rider. Unknown to everyone at Strömsholm.",1959-10-16,110,sv,Released,tt0053233,0.7683,6.063,8,False,False,/bW2DiEO30Lq44KrHC7nn2SMv9f6.jpg,/sDYqdShb7xoi8X0MD0aFd4sG0je.jpg,,,0,0,766578,Privatdetektiv Hillman
64880,Tum Bin,तुम बिन,"Shekhar, a businessman, accidentally kills his associate Amar, and ridden with guilt, decides to watch over Amar's company and take care of his family and friends. However, he falls in love with Amar's fiancé Piya - who is to marry tycoon Abhi Gyan to save the company",2001-06-25,158,hi,Released,tt0290326,0.7367,7.5,22,False,False,/wZTD1Vha7PyLTw9GlNKx36U7why.jpg,/c394RfugPsgTrKGe5E4DUKT4XhH.jpg,,Love Will Find the Way,0,1486992,,
70923,The Secret of Two Oceans,Тайна двух океанов,"The enemy agents from an unknown nation have secret automated facilities set up in the Atlantic and Pacific oceans for the purposes of sinking ships. The super submarine ""Pioneer"" and it's intrepid crew is dispatched to find the source of these mysterious sinking's...Unknown to the captain, his chief engineer is working for the bad guys, intent on stopping their efforts, at any cost...It seems the real chief had a twin brother who was a circus acrobat who murdered and replaced him.",1957-03-25,146,ru,Released,tt0049828,0.6271,5.444,18,False,False,/zF6DmXadg9rNQFNhyhj3VFe84li.jpg,/vNH7UsAqfM4uRd0ZYTAsxtZSIHp.jpg,,,0,0,,
86097,For the Love of Movies: The Story of American Film Criticism,For the Love of Movies: The Story of American Film Criticism,The story of American film criticism.,2009-03-01,80,en,Released,tt1241707,0.8983,5.7,15,False,False,/fxdvfJN4j65DJe7GMMEtfjmzgiS.jpg,/jEBYzyhlELSCPELI8nfMXQBeule.jpg,,,0,0,,
68981,Temptation of a Monk,誘僧,"Near the beginning of the Tang dynasty, in 7th century China, General Shi Yan-sheng is tricked into leaving the crown prince unguarded. The crown prince is murdered by one of his brothers who then becomes emperor. Shi retreats to a monastery, perhaps to hide, perhaps to plan a coup. When his loyal troops as well as the princess he desires are slain, he seeks refuge in a remote, abandoned monastery where an aged abbot schools him with practical, earthy teachings. The emperor's forces pursue Shi: first a woman, then a general seek to overpower him with lust and might. Over the course of the film, the reds of battle give way to blues of meditation.",1993-10-13,118,zh,Released,tt0108630,0.9921,5.692,13,False,False,/uWFeMROISLfwI0zrHwEqI0EcVFH.jpg,/bG6Kp2DojvG5C4xtcB1vryn8uSQ.jpg,,,0,0,,
24130,In Like Flint,In Like Flint,"Flint is again called out of retirement when his old boss finds that he seems to have missed 3 Minutes while golfing with the President. Flint finds that the President has been replaced by an actor (Flint's line [with a wistful look] is ""An Actor as President?"") Flint finds that a group of women have banded together to take over the world through subliminal brainwashing in beauty salons they own.",1967-03-15,114,en,Released,tt0061810,1.9347,6.11,86,False,False,/fnZyHB7SdfZSlQJmw6PVhzsebIr.jpg,/3Nr0wKsuYKRyyI9Z3Po7GW4RD1g.jpg,,FLINT'S BACK In Action... In Danger... In the Virgin Islands... Where the Bad Guys... Are Girls!,3775000,11000000,167456,Our Man Flint Collection
84975,Lebbis and Jansen overdrive by 2004,Lebbis en Jansen: Jakkeren door 2004,"""To offer a counterbalance to the ever-hardening society make Lebbis and Jansen this year once a very different New Year's Eve ... no hard jokes, no insults, no shouting together, and certainly no links to all these terrible events of 2004. Lebbis Jansen and choose this year for poetry, for the warmth of the fireplace fire, for the touching story and especially to respect. ""And this is absolute nonsense. Bullshit. Bullshit. Blah Blah Blah. A vergaderig of the LPF. A tactical discussion with the county. The setlist Gerard Joling Lebbis and Jansen go to this New Year's Eve DVD over everything that you can go over it. Now even harder! Now even higher! Now even funnier! Now oudejaarser, of course, but also a timeless document of two men in a turbulent time, two stand up comedians respects absolutely nothing and nobody, two well-built men who bear politically correct wristband as a cock ring. Because they can!",2004-12-31,68,nl,Released,,0.0463,,,False,False,/aj74fpdOdvcz3kreVq6tfFWxIQR.jpg,/txYEPsg30SnDeR0sSWY5pjhZTJc.jpg,,,0,0,,
53491,The Clock Watcher,The Clock Watcher,Donald takes a job as a gift wrapper in a department store.,1945-01-26,8,en,Released,tt0037603,0.5229,6.552,29,False,False,/vjbBTgm72VEFCeS7VZbtruu0XG0.jpg,/3asr3lcQJGp7aGN9JRB7Aehjzst.jpg,,,0,0,,
27174,The Redsin Tower,The Redsin Tower,"A teen girl's psychotic ex-boyfriend follows her friends to Redsin Tower, where a night of partying quickly becomes a fight for their very lives.",2006-10-08,87,en,Released,tt0452675,0.4216,4.2,10,False,False,/elCeUyfBrqLNuO682rOCW8iNqjr.jpg,,http://www.toetagpictures.com/site/redsintower.html,Butchery and Carnage will Reign Upon the Holy,0,0,,
47766,Wet Gold,Wet Gold,"Wet Gold is the story of a young woman (Laura), who works as a waitress in a cafe. Laura stumbles across a drunk elderly man (Sampson), who fills her with exciting stories of a boat that went down with millions in gold. Although Laura's boyfriend (Barnes), keeps telling her that Sampson's stories are all false, Sampson makes her believe that they are indeed true. Laura takes Sampson to a library, where she finds an old newspaper article which matches up with the events described to her by him. After becoming a true believer, Laura convinces Barnes, Sampson and a dive shop owner, Keating, to search for the treasure. Together they set off from Key West in the Baker's boat, which Barnes is supposed to be looking after. Keating shows a liking for Laura, and because of this, Barnes begins to feel uncomfortable towards him. After spending some time in the water, their dreams become reality, but the discovery of gold begins to show a change in their personalities...",1984-10-28,91,en,Released,tt0088390,1.2693,5.786,7,False,False,/uBX0wLAkLmRJOruayI75trmbv4s.jpg,,,Gold lured them to the deep. Greed and jealousy led them to terror.,0,0,,
10450,The Silence of the Hams,Il silenzio dei prosciutti,"Rookie FBI agent Jo Dee Foster has been assigned to work on the case of the Psycho Killer, a psycho killer who has psycho-killed over 120 people. But to learn more about his target, he's forced to meet Dr. Animal Cannibal Pizza, a famous doctor turned cannibal who ate pizzas with human body parts. Meanwhile, Jo's girlfriend, Jane Wine, has just stolen $400,000 in cash from her money-hungry boss, Mr. Laurel, so she and Jo can be happy, but gets lost in a horrible storm and stops at the Cemetery Motel, where the owner, Antonio Motel, is dominated by his insane mother.",1994-03-11,81,en,Released,tt0111190,1.8208,4.884,207,False,False,/s4mxntM3FM7joVGz1LECSGfvYtm.jpg,/qjW4nssdUBPCoIxGHofSG3g3nfT.jpg,,"Stark, raving comedy.",3000000,0,,
14128,Cinderella II: Dreams Come True,Cinderella II: Dreams Come True,"As a newly crowned princess, Cinderella quickly learns that life at the Palace - and her royal responsibilities - are more challenging than she had imagined. In three heartwarming tales, Cinderella calls on her animal friends and her Fairy Godmother to help as she brings her own grace and charm to her regal role and discovers that being true to yourself is the best way to make your dreams come true.",2002-02-23,74,en,Released,tt0291082,7.6955,6.12,1527,False,False,/kEDbtKhZsqPo7ypCzoz3fkq73Pc.jpg,/w7H4II0nbwMLAWJjtC6fQ3EwHEm.jpg,http://movies.disney.com/cinderella-2-dreams-come-true,The magic didn't end at midnight.,5000000,0,55419,Cinderella Collection
46859,Tarzan Mama Mia,Tarzan Mama Mia,"Eleven-year old Rikke lives alone with her father, whose only interest in life seems to be the soccer matches which appear on his television. Not surprisingly, Rikke is somewhat bored. She enters a contest put on by a cereal company which has as its grand prize a horse. Since she lives in the city in a second floor apartment, it never occurred to her that she might win, but win she does. The horse (""Mama-Mia"") duly appears, and she and the members of her slum neighborhood come together to cope with the situation in a delightful way.",1989-09-22,85,da,Released,tt0098443,0.2574,6.25,10,False,False,/gz0YoNy5plwUAqcIzoUsc1HWmXw.jpg,/8S9nmWTE8iw5ICdAzxNOGebGevv.jpg,,,0,0,,
80478,Words of Love,Palabras de amor,"John leaves for Barcelona in search of Cristina, who two years ago went to the city. On arrival he is hosted in a cousin's house and there he meets Monica that falls madly in love with him. When he finally finds Cristina, things do not happen as he expected, the time and the city have changed her and she is not sure to continue the relationship. Meanwhile, Monica tries unsuccessfully to call the attention of John.",1969-06-09,82,es,Released,tt0063408,0.7029,4.333,3,False,False,/50uUwtwTD6WEDX6i9UQjZYDxBEJ.jpg,,,,0,0,,
34788,The Front Line,La prima linea,"United by an uncompromising struggle as members of the infamous 1970s far-left terrorist group Prima Linea, fugitive couple Sergio and Susanna have become increasingly alienated from the real world. Their luck runs out when Susanna is captured and thrown in jail. Putting his life on the line, Sergio embarks on a radical plan...  Loosely based on the memoir by Prima Linea's 'commander' Sergio Segio.",2009-11-20,100,it,Released,tt1347442,0.8413,5.9,35,False,False,/dJlHXDLQ0XVLkXctKqgIecnjs2x.jpg,/pZOxtUDj9ezcrKzTSRsA4rEPpqH.jpg,,,0,0,,
58412,Tiger Cage II,洗黑錢,"An ex-cop and divorce lawyer team up with a gangster to clear their names after getting involved in a dirty money scheme led by a vicious money launderer, who plans to expand his business and wipe out anyone who stands in his way.",1990-08-11,96,cn,Released,tt0100967,3.3328,7.051,39,False,False,/7DKQvMAiYBHBRVNtgc3qAxoAe6l.jpg,/3T23wNGVoj9aVrs5Usj839STgzZ.jpg,,,0,818645,204930,Tiger Cage Collection
50648,Energy Crossroads,Energy Crossroads,"Most experts agree that global peak oil production, when demand exceeds supply, will occur within the next 15 years and will drastically change the very fabric of our industrialized world. As fossil fuels power every facet of the American economy, how can we avoid an energy crisis and a possible collapse of our economy?",2007-11-05,55,en,Released,tt1480192,0.0214,,,False,False,,,http://www.energyxroads.com/,"As our global population and its appetite for energy rise drastically, resource depletion and global warming have become the most pressing issues facing humanity today.",0,0,,
45528,Naoko,奈緒子,"Naoko meets Yusuke while staying on an island for medical treatment. Yusuke's graceful athletic figure captivates her eyes and she falls in love with him. But their relationship is soon broken after Yusuke's father dies while trying to save Naoko from drowning. The memory of Yusuke leads Naoko to the track, and six years later, they meet each other again at a Marathon competition. Naoko decides to become a manager to help Yusuke, a gifted runner, and they embark on training together to heal their sorrows from the past.",2008-09-18,120,ja,Released,tt1177161,1.3149,5.6,5,False,False,/pV4OTWVasnC0zcEGMAaozBKwCW9.jpg,/xI0s2cgsJO1QlnwUj20iEOumrR7.jpg,http://www.amuse-s-e.co.jp/naoko/,Running for you,0,0,,
47796,Mamma Roma,Mamma Roma,"After years spent working as a prostitute in her Italian village, middle-aged Mamma Roma has saved enough money to buy herself a fruit stand so that she can have a respectable middle-class life and reestablish contact with the 16-year-old son she abandoned when he was an infant. But her former pimp threatens to expose her sordid past, and her troubled son seems destined to fall into a life of crime and violence.",1962-09-22,110,it,Released,tt0056215,1.5978,7.875,436,False,False,/uVMv0t9JhisONjI2kMoTpcWL4oo.jpg,/4OqoSolfhNesDAfv2zluIDVXiPR.jpg,,,0,0,,
87929,Trafic,Trafic,"While on his way for a business meeting, Tudor is having an unexpected 30 minutes break, because of the impossible traffic. He’s got enough time to have a coffee, to talk a little about his beloved little girl and to take a picture.",2004-05-20,15,ro,Released,tt0409396,0.2161,6.65,10,False,False,/jW60kCEIfBn75l9AprRSHbYEIbs.jpg,,,,0,0,,
56521,Palombella rossa,Palombella rossa,"Michele is a Communist MP who loses his memory in a car crash—although nobody seems to notice. Over the course of a water polo match ahead of election day, he begins to remember his past life, revealing the picture of a man whose personal and political identity crisis mirrors the one of Italian communism.",1989-09-15,89,it,Released,tt0098055,1.6094,7.155,278,False,False,/kk8Xv0j7m3CGrSRPoIEitxtEP3N.jpg,/57mx95upTi0lEB9VTN53tsWakfE.jpg,,,0,0,,
52645,Manmadhan Ambu,மன்மதன் அம்பு,"Madhan is convinced that Ambu is unfaithful and refuses to pay detective Mannar when he reports otherwise. Wanting to make money to help a friend, Mannar cooks up stories about Ambu's infidelity.",2010-12-23,168,ta,Released,tt1806959,0.323,5.4,16,False,False,/qK752uiBVcMNzj97335SvVIUdus.jpg,/8GPrrsAwGK6tIT74L8RZvagQbEh.jpg,,,7800000,0,,
19508,Garfield's Pet Force,Garfield's Pet Force,"Nothing in the world can make Garfield get involved in anything besides eating, until the muscular super cat Garzooka comes crashing into Cartoon World from the Comic Book universe with terrifying news. Garfield summons up the willpower to join his superhero Garzooka in a fight to save their worlds.",2009-09-11,77,en,Released,tt1389762,1.251,5.473,110,False,False,/ylbBsF1WKI0RrxfX89QFqrBPYKu.jpg,/50P73nEoHAc6LJpGl4l43hey6RD.jpg,,Let the Fur Fly!,0,11445294,373918,Garfield Direct-to-Video Features Collection
70502,Foo Fighters LIVE on Sydney Harbour,Foo Fighters LIVE on Sydney Harbour,"In an Australian first, fans will be treated to a live performance of songs from the rock powerhouse's highly anticipated new album, Wasting Light, ahead of its release on April 8. Not only that, it will be the first time that their new material is televised and broadcast.",2011-04-02,92,en,Released,,0.0143,,,False,True,,,,,0,0,,
84356,½ Revolution,½ Revolution,"January 2011 – downtown Cairo – a close-knit group of activist friends struggle to stay alive and stick together as waves of protests escalate around them in their neighborhood near Tahrir Square during the first chaotic days of the Egyptian revolution. Armed with cameras and focused determination, directors Omar Shargawi and Karim El Hakim take to the streets to capture historic events out of view of the world’s media. What emerges is an astonishing cry for unity. As the violence and uncertainty build, Karim and his young family’s apartment becomes ground zero. Friends and neighbors flock together, fighting to survive the counterpunches thrown by police and the armed gangs of thugs swarming the streets below their balcony.",2011-12-07,72,ar,Released,tt2133383,0.1125,7.0,2,False,False,,,,,0,0,,
25170,The Blackout,The Blackout,"It's Christmas Eve, the city goes dark, and the few remaining tenants of The Ravenwood find themselves trapped in their building. And they are not alone.",2009-12-24,80,en,Released,tt1489946,0.2697,3.8,28,False,False,/kZHXqZVpdVnboyPgrS51xfJap8h.jpg,/s6by8Un1Apft533U0tN7HdegP5M.jpg,,When the lights go out....the feeding begins,0,0,,
14973,The Colt,The Colt,"During the heat of battle in the midst of the Civil War, a beguilingly innocent colt is born to Union Jim Rabb's beloved mare. Refusing the orders to shoot it, lest it prove a hindrance, Rabb keeps the colt as a consolation in these desperate times-a symbol of hope that leads the men of the First Cavalry on a journey of self-discovery and newfound brotherhood.",2005-02-06,83,en,Released,tt0416654,0.8079,5.818,11,False,False,/20KiYhkbXGsP5lb1EMGXt8ST178.jpg,/lCEknnNbaVA28AAfKBdIFgydvEW.jpg,,A story of innocence born to the men of the Union First Cavalry.,0,0,,
31498,The Mummy's Hand,The Mummy's Hand,"A couple of young, out-of-work archaeologists in Egypt discover evidence of the burial place of the ancient Egyptian princess Ananka. After receiving funding from an eccentric magician and his beautiful daughter, they set out into the desert only to be terrorized by a sinister high priest and the living mummy Kharis who are the guardians of Ananka’s tomb.",1940-09-20,67,en,Released,tt0032818,0.9503,5.743,101,False,False,/jSSdvLkGXy4oICnSo5Cnz12B6Ae.jpg,/epPy2TZgvU2LJWnOp45ePsHVM9g.jpg,,The tomb of a thousand terrors!,84000,0,221544,The Mummy (Universal) Collection
26374,The Map Reader,The Map Reader,"Small-town New Zealand comedy-drama about Michael (Jordan Selwyn) - a 16-year-old whose passion for maps helps him escape his ordinary life and enjoy a state of isolation from those around him. But there are three women he can’t shut out – his single mother Amelia, a blind 20-year-old called Mary and Alison , a friend whose ‘grace betrays darker secrets’ apparently.",2008-10-18,90,en,Released,tt1003014,0.1615,5.3,3,False,False,/hbuLhh87KOV7NTqhRcB3IRtEOjJ.jpg,/cqrJBnGr37BkhtO4WbbZtZ1jYak.jpg,http://www.themapreader.com/,,0,0,,
45894,"Philby, Burgess and Maclean","Philby, Burgess and Maclean","Recruited by the Russians during their days at Cambridge, three young Englishmen rise to become high-ranked MI5 agents until their exposure in 1949.",1977-05-31,90,en,Released,tt0076541,0.7548,5.438,8,False,False,/eGStdNhX0GjDE5JeqUZvHePmCf3.jpg,,,,0,0,,
97632,American Warships,American Warships,"When an alien force wages war on Earth, only the crew of the USS Iowa - the last American battleship, stands in their way.",2012-05-15,90,en,Released,tt2175927,1.1949,3.629,66,False,False,/2um206PiWGGckB6mXcXDNOlcO7b.jpg,/AXcfJ15igJ5UKQQM9fmsBrqHxA.jpg,,,0,1000000,,
27252,Erasure: Live at the Royal Albert Hall,Erasure: Live at the Royal Albert Hall,"Erasure's stunning live performance at London's Royal Albert Hall, featuring classic songs and recent hits from their 2007 album ""Light At The End of the World"". Includes never before seen footage of Andy and Vin.",2007-09-25,90,en,Released,,0.048,,,False,False,/dRcdSrHSrM5Qhow0IUcrxodokKM.jpg,,,,0,0,,
51190,Run Sister Run!,Sisko tahtoisin jäädä,"Emilia is a teenager and a good girl, who never forgets her homework or her little sister, Elsa. Siiri is just one year older than Emilia but not at all like her. When Emilia and Siiri become friends, Emilia's life changes. Siiri encourages her to take a leap, shake the rules and leave princess dreams behind. These two will have fun together, but not only good times",2010-08-13,112,fi,Released,tt1380201,0.3208,5.318,22,False,False,/mlAQCSqGR7Xrqeu5zwlWGNvqYWm.jpg,/5UyXPNEtoR0CMJUN8AGoE7DQoi2.jpg,,,1552334,0,,
61423,KJB: The Book That Changed the World,KJB: The Book That Changed the World,"Actor John Rhys-Davies narrates this illuminating look at the King James Bible -- the most widely sold version of the most important book in Christianity. It effectively changed the way the English-speaking world would interpret Holy scripture. This program's highlights include elaborate live-action reenactments of how the version came to be, along with on-location footage of important biblical landmarks.",2011-12-16,59,en,Released,tt1866265,0.5798,10.0,1,False,False,/zQ0UeeAEdaKHgLCarEL4VR2qeMQ.jpg,,https://www.bbc.co.uk/programmes/b0186j1y,,0,0,,
32522,Oh! My God 2,구세주 2,"As heir to Korea’s biggest taxi company, playboy Im Jung Hwan spends money like water. Life is great for Jung Hwan until his mother takes away his money. She orders him to start driving a taxi. Jung Hwan, has never worked a day in his life. When Jung Hwan’s first passenger, Eun Ji, runs off without paying, it marks the beginning of a romance between the poor girl and the heir.",2009-02-26,95,ko,Released,tt1894471,0.5984,7.2,4,False,False,/gqWiwzFr276xdmkcl97ZOWMFvU7.jpg,/nIhjxjJwD2W0xBuMdJIjvlsRpcA.jpg,,,0,0,,
86255,Nerd Boy,Nerd Boy,"DeDe is an emotional wreck after her boyfriend, Stix gives her the boot. Once the word gets out that DeDe is single, all available men, including the neighborhood nerd line up for a chance to date her.",2008-03-11,82,en,Released,tt1227382,0.1293,,,False,False,/eqZqxAUu8BGxoyuLvbmBvZn0ONj.jpg,/1cq6bKEpv0M0UUsEcyqaLhGkddF.jpg,,He thought he was somebody special... she didn't!,0,0,,
63987,Finding Lenny,Finding Lenny,"""Everything happens for a reason"" - on his 50th birthday, Lenny Vincent is fired from his job as a sports writer for a daily newspaper, his wife of 19 years leaves him for a much younger man and he and his best friend Dave are caught in a gang heist at a restaurant. He ends up being hi-jacked by the gang and dumped in a rural village. Here he befriends the local chief and embarks on the adventure of a lifetime; helping to reunite the chief's warring sons, fighting a money grabbing property company from turning the chief's land into a golf course, coaching the village soccer team and ultimately.. finding himself!",2009-01-01,90,en,Released,tt1388419,0.356,2.8,3,False,False,/vfgGe7X6EyODIPBk7VWAHyfSpca.jpg,,http://www.findinglenny.co.za/,Everything happens for a reason,1280000,0,,
42570,By the Sword,By the Sword,"An elderly man named Max comes to the famous fencing coach Villar and asks to take him on as a coach. But the coach does not like his weapon technique, and he only takes Max as a cleaner.",1991-10-07,91,en,Released,tt0101524,1.1731,6.0,31,False,False,/s9fTMN9qPJgKXM0xDVa0RX2cvrw.jpg,/dTGo4p4ZX5ghhyyAmbaYEYNwVPN.jpg,,They come from everywhere to challenge their fate...,0,0,,
62967,The Lady and the Reaper,The Lady and the Reaper,"A sweet old lady is living alone in her farm, waiting for the arrival of death to meet her beloved husband again. One night, while sleeping, her life fades out and she is invited to cross death's door. Bue when she is about to do so, the old lady wakes up inside a hospital's ward, as an arrogant doctor has taken her back to life and he will fight hard against death to recover the old lady's life at any cost.",2009-10-01,8,xx,Released,tt1523317,0.5418,6.9,79,False,False,/lBSeKa7RR4Ry48JvRVwi3Dc9KKh.jpg,/qHzl4xCgDUXibxZV08PmoRLynXM.jpg,,,700000,0,,
61015,"UltraMarathon Man: 50 Marathons, 50 States, 50 Days","UltraMarathon Man: 50 Marathons, 50 States, 50 Days","Dean Karnazes also known as the UltraMarathon Man has inspired thousands of runners. This is the epilogue to Karnazes' 50 day expedition. Dean Karnazes completed 50 Marathons in 50 States in 50 Consecutive Days. ""Sure its about running, but mostly it's about life.""",2008-07-31,109,en,Released,tt1043753,0.0725,5.7,3,False,False,/9Fhf6V0JPHdNSBx3a9sMSCUsfye.jpg,/ddG5yft9YiAHPuxNbyjESvrTZSX.jpg,,,0,0,,
53373,Split Estate,Split Estate,"This compelling Emmy Award winning documentary shows the dirty side of hydraulic fracturing and natural gas, an energy source the industry touts as a clean alternative to fossil fuels.",2009-08-07,74,en,Released,tt1362500,0.2647,,,False,False,/uFCsxBf6VQTA3kL0iVRsqrqPYAU.jpg,/vWY4Ejhg48z7B403S5NwuWiboDq.jpg,http://www.splitestate.com,,0,0,,
58555,Au bistro du coin,Au bistro du coin,"In a spirit of solidarity, the inhabitants of a neighborhood get together and decide to put on a show for the benefit of a homeless person.",2011-03-16,,fr,Released,tt1753535,0.5214,3.6,16,False,False,/lkHqQej5C31bfWucuH3GT8hN4Bp.jpg,/yskgJmrAbW6e0fc1yR6B6AQxUCa.jpg,,,0,0,,
9967,Uncommon Valor,Uncommon Valor,A group of Vietnam War veterans re-unite to rescue one of their own left behind and taken prisoner by the Vietnamese.,1983-12-16,105,en,Released,tt0086508,5.3307,6.268,218,False,False,/yvLbOKORyVgpgkbKsai5Hbu1YTX.jpg,/9f59numwLjCBxGpYDspN8OtO4tM.jpg,,Seven men with one thing in common...,11000000,30503151,,
2254,Entlassen auf Bewährung,Entlassen auf Bewährung,"After causing a deadly hit-and-run motorcycle accident, Conny Schenk spends two years in prison, where he is able to complete a printing apprenticeship and is released early for good behavior. While he is still on probation, money is stolen at the company where he works and everyone is quick to suspect Conny. Can he overcome his past mistakes and start fresh, or will the mistrust of his colleagues and friends become a self-fulfilling prophecy?",1965-06-17,90,de,Released,tt0233654,0.3862,7.75,2,False,False,/zXFENUf171NppnS6jZCyxbVYOAt.jpg,,,,0,0,,
65956,I See You,आई सी यू,"Dr Shivani Dutt living and working in a hospital in London, notices some of her colleagues delving in organ trafficking. Before she can expose them she is involved in an accident, leaving her on a life support machine.",2006-12-29,122,hi,Released,tt0857381,1.0636,5.8,11,False,False,/z4ReGLUPzh4QiIsbX7K0A4PMOQ.jpg,/z03RTABBen6de998co1GVjFv8wn.jpg,,,0,0,,
27593,"Scotland, PA","Scotland, PA","In a modernized retelling of ""MacBeth"" set in 1970s suburban Pennsylvania, Joe McBeth, an unambitious hamburger stand employee, is driven to success by his scheming wife.",2001-03-15,104,en,Released,tt0265713,2.6096,6.032,38,False,False,/phyNpVgqHmxn9tTXbljeyodTeVH.jpg,/8hP5RfdAY3souyceN0VsOQOOYdt.jpg,,Greasy Spoon. Bloody Murder.,0,0,,
64836,Exporting Raymond,Exporting Raymond,"A documentary on Phil Rosenthal's experiences during the making of ""Voroniny,"" the Russian-language version of ""Everybody Loves Raymond"".",2011-04-29,86,en,Released,tt1356763,0.4875,6.811,37,False,False,/9Y6DG9HiwWDhDpAFMyTzwEjgWsO.jpg,/jhoXSOgbqpgErGdYq2kWhbfkDFW.jpg,http://www.exportingraymond-movie.com/,A REAL comedy,0,0,,
56599,The Man Without a Map,燃えつきた地図,"A private detective is hired to find a missing man by his wife. While his search is unsuccessful, the detective's own life begins to resemble the man for whom he is searching.",1968-06-01,118,ja,Released,tt0203695,1.6473,6.632,19,False,False,/2IuragDDzBq7Zin4RfEwmYEw5fO.jpg,/qkTOao2zohiyoLT1JSeC4TTaVBb.jpg,,,0,0,,
27258,Home Movie,Home Movie,"Reverend David Poe and his psychiatrist wife trade hectic New York life for an idyllic rural farmhouse; the perfect place for 10 year old twins Jack & Emily to run, play and imagine. Documenting this lifestyle change, David decides to film every holiday and special family event. To the Poe's horror their home movies reveal an increasing malice and evil within their children.",2008-10-23,77,en,Released,tt1267319,0.6046,5.0,102,False,False,/iy3c2eeEW714ZJ8t0NtsS1wZTiK.jpg,/jTCg5QJGahmKpqD6i7wnFGtystc.jpg,,Some memories are best forgotten.,0,0,,
99937,The Iron Triangle,The Iron Triangle,"Based on the diary of an unknown Viet Cong soldier, this film provides a sympathetic look at a Viet Cong soldier who protected a captured American soldier whom he believed did not kill him when the American had the opportunity. Written by John Sacksteder",1989-01-24,91,en,Released,tt0097593,0.9351,5.636,11,False,False,/2BWYeZNX6EG3Xlr1zA522P3KoeM.jpg,/x4vCamVmorefRIP3L4FRo97L8Ym.jpg,,,0,0,,
81295,The Christmas Visitor,The Christmas Visitor,"T'was the night before Christmas and all through the house not a creature was stirring, not even a mouse.",1959-12-24,7,en,Released,tt0251022,0.265,6.0,7,False,False,/8wpapqK0ecJmeouWWS8QPIdcmEj.jpg,/8Rdg7biqLayXCrbkHtYAq4tClC7.jpg,,,0,0,,
5152,"Schulz & Schulz IV: Neue Welten, alte Lasten","Schulz & Schulz IV: Neue Welten, alte Lasten",Wolfgang from Hamburg wants his twin brother Walter to become a politician in Stralsund.,1992-12-27,90,en,Released,tt0108054,0.6131,10.0,1,False,False,,,,,0,0,636936,Schulz & Schulz Filmreihe
26125,The Defender,The Defender,"The global war on terror rages on. When a government official goes missing, Lance, a man with an impressive record of service to his country, finds himself protecting the man who embodies everything he has dedicated his life to fight against.",2004-12-20,92,en,Released,tt0402127,2.0451,4.754,35,False,False,/8DL4r94XsOTpO9UyVWXQ7LFWc8.jpg,/sGYr5Rj2VSJmrgBvwtfYMTaVGdl.jpg,,,6000000,0,,
61052,The Night We Called It a Day,The Night We Called It a Day,"Based on the true events surrounding Frank Sinatra's tour of Australia. When Sinatra calls a local reporter a ""two-bit hooker"", every union in the country black-bans the star until he issues an apology.",2003-08-14,97,en,Released,tt0320159,1.2971,5.125,16,False,False,/iB9Qq9UpI1osTbtk4nz85jiTf5V.jpg,/pap30A1I4MFcgEx1io9f71jfl2a.jpg,,This nobody is about to catch a big somebody.,0,0,,
34939,Yes - Songs From Tsongas - 35th Anniversary Concert,Yes - Songs From Tsongas - 35th Anniversary Concert,"Songs from Tsongas is a live video and album by the English rock band Yes, released on DVD in 2005 and CD and Blu-ray in 2014 by Image Entertainment. It was recorded at the Tsongas Arena in Lowell, Massachusetts on 15 May 2004 during the band's 2004 tour in celebration of their 35th anniversary. It is the band's last live album to feature original singer Jon Anderson.",2005-01-01,178,en,Released,tt1006959,0.1252,7.7,9,False,True,/sqVXPPOEMNJdvwpDE1Igi2M8AiG.jpg,/3mj22w5FYo9EFt72pVrYqAEqrFF.jpg,,,0,0,,
16150,Darkon,Darkon,"Darkon is an award-winning feature-length documentary film that follows the real-life adventures of the Darkon Wargaming Club in Baltimore, Maryland, a group of fantasy live-action role-playing (LARP) gamers.",2006-09-12,93,en,Released,tt0462246,0.3891,6.711,19,False,False,/kXyS0tsKssgECta1HeQCqIho1QH.jpg,/6D9gANOlNNefLsRjddXcPgP38UZ.jpg,,,0,0,,
95959,The Touchables,The Touchables,"British rock star with a love-'em-and-leave-'em reputation. The tables are turned when four cute young girls kidnap the singer. After several days of sex and degradation, the poor fellow is rescued by his friends.",1968-11-16,97,en,Released,tt0063709,0.7958,3.833,6,False,False,/4kMMUJOHUYyU3VuK6E38rfOpDLz.jpg,/ovqtSBjHwEkH6VOk4DIu1GYWFU4.jpg,,Love in the fifth dimension,0,0,,
94443,Love You More,Love You More,Orson struggles with the guilt and regret attached to his ex-girlfriend and a terrible tragedy.,2012-01-02,105,en,Released,tt2261799,0.0555,,,False,False,,,,,0,0,,
9374,Death Becomes Her,Death Becomes Her,"Madeline is married to Ernest, who was once her arch-rival Helen's fiancé. After recovering from a mental breakdown, Helen vows to kill Madeline and steal back Ernest. Unfortunately for everyone, the introduction of a magic potion causes things to be a great deal more complicated than a mere murder plot.",1992-07-30,104,en,Released,tt0104070,6.8176,6.776,2944,False,False,/kkWxyyyWFK5KNk9WVwQuGEC9H9H.jpg,/vDFhaKEMKPIUePtQH2nOwSHfgPy.jpg,,In one small bottle... The fountain of youth. The secret of eternal life. The power of an ancient potion. Sometimes it works... sometimes it doesn't.,55000000,149000000,,
46761,Sitcom,Sitcom,"The adventures of an upper-class suburban family abruptly confronted with the younger brother's discovery of his homosexuality, the elder sister's suicide attempt and sadomasochist tendencies, and the intrusion of a very free-spirited maid and her husband. And it all started with the arrival in the family of an innocent looking rat.",1998-05-27,80,fr,Released,tt0157044,1.3043,6.414,133,False,False,/2rbWkcmHertfXMWUmn54px5DSjI.jpg,/20eu7LBcBnQg6hmQLfp6jXd22go.jpg,,Family is fun. But there are limits...,0,0,,
73103,Dante's Inferno,Dante's Inferno,"A darkly comedic travelogue of the underworld - set against an all-too-familiar urban backdrop of used car lots, gated communities, strip malls, and the U.S. Capitol. And populated with a contemporary cast of reprobates, including famous - and infamous - politicians, presidents, popes, pimps. And the Prince of Darkness himself.",2007-01-18,88,en,Released,tt0479008,1.208,6.389,27,False,False,/cdwHFqp7Ix8vY6UI35VVFjCPRPM.jpg,/xV6SvtnKM49ooURx0qiKdjA2QXC.jpg,,,0,0,,
3065,Mystery Science Theater 3000: The Movie,Mystery Science Theater 3000: The Movie,"In the not-too-distant future, the evil Dr. Forrester forces a temp named Mike into a series of experiments, where he's forced to watch cheesy movies so the mad scientist can monitor his mind. However, as Mike can't control where the movies begin or end, he'll try to keep his sanity with the help of his robot friends.",1996-04-19,73,en,Released,tt0117128,1.2207,6.533,228,False,False,/tlakU3uwNiUgd7aOlb2RoAsGTnY.jpg,/hXD4z5xykt9G7SLXstUB96RFflh.jpg,http://www.mst3k.com/,Every year Hollywood makes hundreds of movies. This is one of them!,5000000,1007306,,
5720,Motorpsycho!,Motorpsycho!,A vengeful veterinarian and a grieving widow join forces to track down violent bikers after they commit heinous acts against their loved ones.,1965-08-01,75,en,Released,tt0059474,1.8269,5.973,55,False,False,/heY0wmKY4Qg6GtaCiWJ40HkIh69.jpg,/soS9qQtL79YmRRJAg0NvgesPaGF.jpg,,Bike riding HOODLUMS FLAT-OUT on their MURDER cycles...,38000,0,,
54663,Starting Over,Starting Over,"After divorcing his ambitious singer wife, a middle-aged man begins a new relationship with a teacher.",1979-10-05,105,en,Released,tt0079948,1.7507,6.396,67,False,False,/kvhfunLx3iL3VM0rjmFLV2dcEyd.jpg,/2Jing29wJlbPYjf1pCH5X3Dd3t5.jpg,,"Phil Potter would like to straighten out his life...one way, or the other.",10000000,35649012,,
28730,Live from Baghdad,Live from Baghdad,A group of CNN reporters venture to the Iraqi capital to cover the Gulf War.,2002-12-07,108,en,Released,tt0319758,1.8725,6.722,54,False,False,/dN5KeWVYJBqNJtscttaqHvLWmtZ.jpg,/gbVjmYtMZLIiq22SWtW7heRBPE4.jpg,,No story is worth dying for. But this was the story of a lifetime.,0,0,,
32488,Days of Wine and Roses,Days of Wine and Roses,"An alcoholic falls in love with and gets married to a young woman, whom he systematically addicts to booze so they can share his ""passion"" together.",1963-02-04,117,en,Released,tt0055895,1.8316,7.502,210,False,False,/cRVl1BR3x3P2NqUv61eveJNJ0ip.jpg,/1L6or9sR7oW4BkYx18NZOwapLkD.jpg,,"From the days of wine and roses, finally comes a night like this.",0,0,,
91538,Tuck Everlasting,Tuck Everlasting,"In turn-of-the-20th-century upstate New York, Winnie Foster, a 12-year-old girl, discovers a family living in the woods near her family's home who never ages thanks to a magical spring they drink from and she is entrusted to keep their secret and becomes involved in their lives.",1981-06-05,110,en,Released,tt0081664,0.2632,8.0,10,False,False,/q08vAvU8JXTBsnMXGPPjf9StzfI.jpg,,,,0,0,,
88309,The Purple Taxi,Un taxi mauve,"With his mauve taxi, the old philosopher Dr. Seamus Scully runs around the small green roads of the south of Ireland, becoming confident of his patients, while trying to help them find their way.",1977-05-25,120,fr,Released,tt0076851,1.0486,5.793,29,False,False,/aRGqBF7uetVfuu4tGYMaFOhpdER.jpg,/oDzYYy79AnwqOnoeMpd2yrXO3y9.jpg,,,0,0,,
11907,Nobody Loves Me,Keiner liebt mich,"On the brink of her 30th birthday, Fanny feels the door to marital happiness closing on her. She is obsessed with death and even visits evening classes on dying, so it seems fitting that she encounters a skeleton in the malfunctioning elevator of her apartment building. The skeleton is her neighbour Orfeo, a Black, gay, self-declared psychic, who convinces her that she is about to meet ""him"". But is it really Lothar, the new yuppie apartment manager ...?",1994-11-07,104,de,Released,tt0110251,0.7088,6.264,36,False,False,/vBDJPkoTOKT9F1zx0y9tT7G62vF.jpg,/63BX5ZE1SgT2EIzu2WWiva1jQtH.jpg,,,0,0,,
89535,Night Visitor,Night Visitor,"A teenager insists he saw a satanist kill the call girl next door, and tries to prove it.",1989-05-12,93,en,Released,tt0100254,1.3707,4.444,27,False,False,/xi7yGnDksIf0Kiu8xfqCITJLU93.jpg,/cqEPFVHOyue5XRrzRILuNCVkYwM.jpg,,Demons. Hookers. Ritual killings. Billy has a very vivid imagination. But what is real and what isn't? Only Billy and his teacher know.,0,0,,
12623,Suspect,Suspect,"When a Supreme Court judge commits suicide and his secretary is found murdered, all fingers point to Carl Anderson, a homeless veteran who's deaf and mute. But when public defender Kathleen Riley is assigned to his case, she begins to believe that Anderson may actually be innocent. Juror Eddie Sanger, a Washington lobbyist, agrees, and together the pair begins their own investigation of events.",1987-10-23,121,en,Released,tt0094082,2.859,6.589,247,False,False,/hL79lrrMgRZO21otWbTTiljufeU.jpg,/b2vMEdoIYcySuE5a5y1xe643zAI.jpg,,She's a lawyer who broke two laws of her profession... Never get involved with a juror and don't look for clues in dangerous places.,0,18782400,,
16015,Worlds Apart,To verdener,"17-year-old Sara leads a sheltered existence with her family, members of Jehovah’s Witnesses, when she meets the outsider Teis and falls in love. Sara, herself a believer, now faces an important turning point in her life as she is forced to choose between religion and love.",2008-02-22,116,da,Released,tt1065318,0.9181,6.2,46,False,False,/5NQ98gYGwQjoh9eJe2lmmWVxobP.jpg,/etRDWNFJhNVDXYhpYPXUke3kX64.jpg,,,0,0,,
85047,"London, Paris, New York","London, Paris, New York","London Paris New York is a film that captures the angst of the twenties, the most dramatic period of one's life - when you have to find a career, you have your first significant relationship and most importantly form your identity in this world. This is story about Lalitha, a middle class south Indian girl from Chembur (an eastern suburb in Mumbai) who is on her way to New York to study politics with full scholarship, and Nikhil, a Punjabi, rich kid from Bandra (a posh western suburb of Mumbai) who is going to study Film Making in London on 100% dad's money. They decide to hangout together one evening in London and find that they are completely drawn to each other even as their future lies on separate continents.  The film follows their personal journey and their love story as they meet in London, Paris and New York for a night each over eight years. The film is in three chapters and each chapter is shot in a manner that mirrors the mental state of Nikhil and Lalitha.",2012-03-02,100,hi,Released,tt2064849,0.4034,5.2,6,False,False,/n5wd8rEmSxlZpvfsu7vVblBHtdJ.jpg,/qSksLjM5nAPWu6qTx2j0RQAqWCj.jpg,,3 days... Infinite moments...,2640000,0,,
29801,Fists of Iron,Fists of Iron,"When Dale Hartwell's best friend gets killed, he swears revenge on the bloodthirsty promoter and fighter who did it.",1995-01-01,94,en,Released,tt0113075,0.4264,4.406,16,False,False,/fIqArEQYyPE0XAPlamClsYRuntW.jpg,,,Survival is the ultimate weapon,0,0,,
11873,The Color of Money,The Color of Money,"Former pool hustler ""Fast Eddie"" Felson decides he wants to return to the game by taking a pupil. He meets talented but green Vincent Lauria and proposes a partnership. As they tour pool halls, Eddie teaches Vincent the tricks of scamming, but he eventually grows frustrated with Vincent's showboat antics, leading to an argument and a falling-out. Eddie takes up playing again and soon crosses paths with Vincent as an opponent.",1986-10-17,119,en,Released,tt0090863,4.075,6.852,1509,False,False,/dVdnHmdQu3JtLAAksjTmTEF76gD.jpg,/hhCp6ZLDjS5wUHkGg7k3VGvH3Xm.jpg,,The Hustler isn't what he used to be. But he has the next best thing. A kid who is.,13800000,52293982,387219,The Hustler Collection
61196,Reflections of Evil,Reflections of Evil,"Julie, a teen who died from a PCP overdose in the early '70s, searches from beyond the grave for her younger brother Bob, who now in the '90s is an obese watch seller suffering with sucrose intolerance.",2002-03-22,138,en,Released,tt0350044,1.0744,6.688,16,False,False,/cf9twDmKQgxU7jkeSrkmD5KtcsJ.jpg,/x4sJOw6I9Kyvxhte1zdRCjGTlOn.jpg,,Terror Beyond Imagination,0,0,,
16643,Life or Something Like It,Life or Something Like It,"A reporter Lanie Kerrigan interviews a psychic homeless man for a fluff piece about a football game's score. Instead he tells her that her life has no meaning and is going to end in just a few days, which sparks her to action, trying to change the pattern of her life...",2002-04-24,103,en,Released,tt0282687,2.6706,5.68,619,False,False,/b9lUSfCjv8jjNRSsmk65HEV1Pv3.jpg,/AwkaTlvHAc5qQksrXg982CWMkYJ.jpg,,Destiny is what you make of it.,40000000,16872671,,
37725,It's a Boy Girl Thing,It's a Boy Girl Thing,"A visit to a natural history museum proves catastrophic for two high school rivals, an overachiever and a jock, when an ancient Aztec statue casts a spell that causes them to switch bodies and see exactly what it's like to walk in the other's shoes.",2006-07-15,95,en,Released,tt0482527,3.0044,6.513,1095,False,False,/uA4ZJdlILmIGSqBjfM4mkWvtcTt.jpg,/ieTEC1HsZ69FVR6hcjdrdq3Ale5.jpg,,They've turned into the things they hated most... each other.,15500000,7385434,,
92287,One Is a Lonely Number,One Is a Lonely Number,"A young woman has difficulty understanding why her husband walks out on her. Alone for the first time, she finds life difficult to cope with and for a time lives with the hope that her husband will come back to her.",1972-06-19,97,en,Released,tt0069044,0.7842,5.125,8,False,False,/ueQYfEpYNwVe7SWhmB9OpbCBRyb.jpg,/8FOsYfImo4sAuStG8rXoZ9RnKl7.jpg,,"""When your husband walks out, there are three things you gotta do... get a job, get a lawyer, and get a man.""",0,0,,
65910,Visus - Expedition Arche Noah,Visus - Expedition Arche Noah,,2011-05-28,,de,Released,tt1822363,0.4923,6.5,10,False,False,/lArrg0Ab8fo0Lg2E5GIbdTHG8ry.jpg,,,,0,0,,
45920,Ollie Klublershturf vs. the Nazis,Ollie Klublershturf vs. the Nazis,"An off-the-wall comedy set around the dinner table. What at first glance seems like an awkward 'meet the parents' situation for Dade Klublershturf quickly turns into a game of cat and mouse between Nazis, his boy genius younger brother, Ollie, and a time machine (disguised as an Atari joy stick) the Nazis are trying to capture from him.",2010-09-14,10,en,Released,tt1522220,0.664,6.9,14,False,False,/rwddRZOmykkxknyY5sVtv77sz8x.jpg,/tsy2hFiffYUXNOE5tGZK4skW7fo.jpg,,,0,0,,
15513,Kissing a Fool,Kissing a Fool,"An egotistical television personality enlists the assistance of his best friend in putting the fidelity of his fiancé to the test in this amiable comedy of the sexes. Told in flashback, the film takes a familiar love-triangle scenario and gives it a bitter twist. With a bride who seems too good for either suitor, the film is sustained by one question - who will she choose?",1998-02-27,93,en,Released,tt0120723,1.4505,5.532,75,False,False,/aOHkDefwdH9YxGqeZDEbo9CcGzq.jpg,/waNupov4rdxPP0oLcf2EC75DMRL.jpg,,May the best man win.,0,0,,
43523,I Married an Angel,I Married an Angel,A count who ignores an infatuated secretary thinks he has met his match when an angel from Heaven shows up.,1942-07-09,84,en,Released,tt0034882,0.9457,6.0,4,False,False,/7lVNZuub0rQfUdPjjmXTV3Lzxqw.jpg,/nVOl2gERkAArtnEZdqBsDgg5t27.jpg,,America's Favorite Sweethearts in their final pairing!,1492000,1236000,,
74798,Who's That Soldier?,Copak je to za vojáka...,"In the Czech film comedy from 1988, you can see for yourself that the war was not easy, but otherwise it was great fun. Sergeant Kouba serving with the paratroopers has a soft spot for women. His superior does not like him. However, during a military exercise on the way to the barracks, Kouba shows his true character when he saves the life of a little boy, convicts a thief and finds a lifelong partner in the commander's sister.",1988-07-01,85,cs,Released,tt0092784,0.3965,6.563,16,False,False,/tYo6YQCyJ06vZzTv9lUDhzefnL7.jpg,/ezJHxdsAja1L225cuLyc0bmyW2H.jpg,,an adventure comedy about the birth of a marriage,0,0,,
24126,Warlock: The Armageddon,Warlock: The Armageddon,"Every six hundred years, a great evil has the opportunity to escape and unleash Armageddon. A group of five stones has the power to either free the evil, or banish it for another six hundred years. An order of Druids battles with a Warlock determined to unleash his father upon the world.",1993-05-01,98,en,Released,tt0108517,1.8029,5.293,188,False,False,/qpRtxbnLb0qFP93db5vwDDXvWz2.jpg,/meOtdGhHZIOCmCdBqVe1AzTG7M2.jpg,,When he comes... All hell breaks loose.,3000000,3902679,87536,Warlock Collection
87439,The Cure: Live In Paris 2008,The Cure: Live In Paris 2008,The Cure - Live In Paris,2008-03-12,90,en,Released,,0.176,,,False,True,/s82LcQKKPNS0OYi8LySnVVHBJzg.jpg,,,The Cure,0,0,,
62405,Don Donald,Don Donald,"Donald is courting Daisy (called Donna, here in her first appearance) Duck in Mexico. He arrives on a burro, which doesn't get along at all well with her; she convinces him to buy a car. They head through the desert, but the car breaks down, and throws Donald out, then takes off on its own with Daisy trapped inside the rumble seat. The car hits a rock, throwing Daisy into a mud puddle, to Donald's excessive amusement. Daisy pulls a unicycle from her purse, and rides off.",1937-01-09,8,en,Released,tt0028796,0.8011,6.219,57,False,False,/ipZj0bN6yqtIIWCIhhYNTpb1JFs.jpg,/8xFUnNO1FDbstbeBGWieInVYGSo.jpg,,The first official Donald Duck cartoon,0,0,,
31263,Boggy Creek II: And the Legend Continues,Boggy Creek II: And the Legend Continues,"Having heard tales of Bigfoot wreaking havoc in the swamps of Louisiana, a zoology professor sets out to investigate these strange occurrences for himself, aided by a ragtag team. Hitting the road in their camper, the group encounter person after person who relay their strange and often frightening encounters with the beast, while the creature itself remains elusive...",1984-02-13,92,en,Released,tt0088772,0.574,2.72,41,False,False,/55tjsHfdIk0BtgxemqzKaBHa3xK.jpg,/sf69g3g2ul9fWQ5kDrknJ5rrV7G.jpg,,The Legend Too Monstrous To Die… Surfaces Again,0,0,983933,Boggy Creek Collection
70251,Linie 3: 25 års jubilæumsshow,Linie 3: 25 års jubilæumsshow,"Linie 3 celebrates its silver anniversary. In 1979, Anders Bircow, Thomas Eje, and Preben Kristensen made their debut as the group LINIE 3, and the trio is now celebrating its 25th anniversary with the release of the critically acclaimed 25th Anniversary Show. The last 25 years have brought the three gentlemen into contact with TV, film, cartoons, solo shows, and theater performances, all of which have provided plenty of inspiration for the LINE 3 collaboration. Regardless of their individual endeavors, the trio has always come together in their musical playground and entertained all of Denmark with their polished and elegant shows.",2004-11-15,,da,Released,tt0425197,0.2976,8.333,3,False,False,/yDXeMQ3Td41XRVZ2hOpGWI2C4gC.jpg,,,,0,0,235554,Linie 3 (Samling)
49910,Step on It,Vollgas,"Evi, a young single mother, works as a seasonal waitress in a winter sports village. She is young and wants to live on the edge and get all the enjoyment she can out of life. When she drinks, Evi feels completely herself, free and inhibited. But her excesses reveal themselves to be the ticking of a time bomb.",2002-03-15,96,de,Released,tt0309049,0.3737,5.286,7,False,False,/p6GRBBZQjdHdZyiILGgC0CaMbpl.jpg,,,,0,0,,
96077,The Kunoichi: Ninja Girl,女忍 KUNOICHI,"In 16th century feudal Japan the war between the Iga clan and the Kouga clan continues unabated. Typically for such violent disputes it is the women who suffer the most – in this case lowly castrated Kouga clan ninjas are kidnapping woman from their rivals’ lands and transporting them back to their own, with the intent to use them as concubines. Unfortunately for a trio of inept Kouga ninjas, one of the women they’ve kidnapped is Kisaragi (Rina Takeda), a skilled ninja with a long standing vendetta since her mother was kidnapped when she was just a baby.",2011-03-19,65,ja,Released,tt1836020,0.775,5.2,12,False,False,/qQyBX04OoRPqG1sAc1USP9Fr5ii.jpg,,,,0,0,,
40597,PVC-1,PVC-1,"Ofelia, an innocent rural woman, fights against time for her life after a group of common criminals place a bomb collar on her to extort her husband for an insignificant sum of money.",2008-11-14,85,es,Released,tt1031951,0.1711,6.314,35,False,False,/m3bWGtqFbT9m02leUiOTl6miqCp.jpg,/eDtcUIezqGpIQ9ziASXV5wlaISo.jpg,,Life in one shot,0,0,,
63808,Casper de Vries: Mondig,Casper de Vries: Mondig,Casper de Vries is back with another One Man Show,2007-01-01,,en,Released,,0.0493,9.5,1,False,False,,,,,0,0,,
11442,Halloween: Resurrection,Halloween: Resurrection,Reality programmers at DangerTainment select a group of thrill-seeking teenagers to spend one night in the childhood home of serial killer Michael Myers. Their planned live broadcast turns deadly when Michael decides to crash the party.,2002-07-01,89,en,Released,tt0220506,3.9342,4.615,1395,False,False,/1mlKwbNzJCGzqe4i0ZEJtUUL290.jpg,/jnSB3v76tGte9lzHS1XLGu75oaT.jpg,,Evil finds its way home.,13000000,37664958,91361,Halloween Collection
72762,Jack and the Beanstalk,Jack and the Beanstalk,"A delightful retelling of the classic fairytale by Hanna-Barbera, using live action and animation.",1967-02-26,52,en,Released,tt0061830,1.1031,7.095,21,False,False,/1O1hgNW43iYY8N0pOcqKeMc9fJz.jpg,/1ej3ibXSPQIrO1iysO037k5ryfu.jpg,,,0,0,,
39164,House of the Long Shadows,House of the Long Shadows,"An American writer goes to a remote Welsh manor on a $20,000 bet that he can write a classic novel like 'Wuthering Heights' in 24 hours. However, upon his arrival he discovers that the apparently empty manor has several rather odd inhabitants.",1983-06-17,100,en,Released,tt0085693,1.3765,6.402,120,False,False,/21ZGFNeqOSeDNhbQCuCpUupqy1U.jpg,/2f0Dg1w4QY59NnuAEZ8cGRRANzr.jpg,,Room for every nightmare… A nightmare in every room.,7500000,0,,
11940,Sinbad and the Eye of the Tiger,Sinbad and the Eye of the Tiger,"Princess Farah refuses to marry Sinbad until Prince Kassim, her brother, is able to give his consent. However, the Prince's wicked stepmother, Queen Zenobia, has changed Kassim into a baboon in order to have her own son crowned as caliph. Sinbad, his crew, the Princess and the transformed Prince travel to a distant land, fighting every obstacle Zenobia places in their path, to seek the advice of a legendary wise man who can possibly tell how to end the spell.",1977-05-25,113,en,Released,tt0076716,2.2363,6.564,218,False,False,/kMP5bg26ac1FmNCamOC5WZece6N.jpg,/bJpDvcc2um0g2EA1vr8XlXHgkFk.jpg,,Sinbad! The greatest of all adventurers in his biggest adventure of all!,3500000,16000000,321063,Sinbad Collection
24580,The Quatermass Xperiment,The Quatermass Xperiment,"The first manned spacecraft, fired from an English launchpad, is first lost from radar, then roars back to Earth and crashes in a farmer's field, and is found to contain only one of the three men who took off in it; and he is unable to talk but appears to be undergoing a torturous physical and mental metamorphosis.",1955-09-26,82,en,Released,tt0049646,1.4439,6.553,225,False,False,/lm6cQiUjJ0AUUqESI9WWM7veIbp.jpg,/hEK998lceNeL6kSkQzHfmuH1Ld.jpg,,You Can't Escape It!,0,0,123726,Quatermass (Hammer) Collection
40983,Beware! The Blob,Beware! The Blob,"A technician brings a frozen specimen of the original Blob back from the North Pole. When his wife accidentally defrosts the thing, it terrorizes the populace-- the local hippies, cops, drunks and bowlers must all face the Blob!",1972-06-21,87,en,Released,tt0068271,1.1118,4.597,77,False,False,/sqFXrV2zFiIedby3wWz1F7I0WFT.jpg,/a6bimMtvcFqsOzgELjbgiywrmNx.jpg,,It's loose again eating everyone!,150000,90833,422193,The Blob Collection
85483,Something Evil,Something Evil,"A young couple moves into a farmhouse in rural Pennsylvania. What they don't know is that there is an unseen presence in the house, and that it wants to take possession of the wife.",1972-01-21,73,en,Released,tt0069298,1.1133,5.441,59,False,False,/ztVrElyzawZPKx0gLURx54s3IHK.jpg,/2og6dqoazyVl30uofnQ62yTiJvj.jpg,,,0,0,,
81131,Madhu,மது,"When Madhu proposes to a pious Mercy, she refuses. However, Madhu continues to follow Mercy and reaches her hometown. Things go wrong when Mercy's bold friend Esther comes to the village.",2006-05-12,138,ta,Released,tt4483434,0.1592,,,False,False,/cOdBKhtCZ7U7wHMUVFmaqaRQpI.jpg,/fCFYUf2D9aThOymx0HW6oBFarD8.jpg,,,0,0,,
53380,Divine Trash,Divine Trash,"The life and times of Baltimore film maker and midnight movie pioneer, John Waters.",2000-03-31,97,en,Released,tt0150338,1.0595,7.243,37,False,False,/uaPcuUP9QxyKRtdGtE6IlG4JLqp.jpg,/hVv9yoyYCPt3f6D1U3GbJqqP9iN.jpg,,,0,39842,,
77434,What's Cooking?,What's Cooking?,Four families of different ethnicities prepare for a potentially explosive Thanksgiving dinner.,2000-01-20,110,en,Released,tt0197096,1.4453,5.655,29,False,False,/1kK3fktULJ4FpXoeruTY7n34Hq0.jpg,/f7BKz0EkxYudtUeyb0uyJ1BkaKW.jpg,,"Thanksgiving. A celebration of food, tradition and relative insanity.",0,0,,
10401,The Girl on the Bridge,La Fille sur le pont,"It's night on a Paris bridge. A girl leans over Seine River with tears in her eyes and a violent yearning to drown her sorrows. Out of nowhere someone takes an interest in her. He is Gabor, a knife thrower who needs a human target for his show. The girl, Adele, has never been lucky and nowhere else to go. So she follows him. They travel along the northern bank of the Mediterranean to perform.",1999-03-31,90,fr,Released,tt0144201,1.174,7.031,225,False,False,/t5hKllCsmpWWA7XpxBXPjx0Gfct.jpg,/jlxwZ7XHK17U4sZUxmDP8iHThC8.jpg,,,0,0,,
54008,Sugar Hill,Sugar Hill,"When a nightclub owner is murdered by gangsters after refusing to sell his business to the mob boss, his grieving fiancé enlists the help of a voodoo priestess to avenge his death.",1974-02-01,91,en,Released,tt0072225,0.9981,5.733,58,False,False,/rEQwADsvIOe43xpMywWSFSKSBWg.jpg,/mcKpcvRMR5APotccfZ44sdMkuxP.jpg,,Meet Sugar Hill and her zombie hitmen... The mafia has never met anything like them!,0,0,,
47356,Omicron,Omicron,An alien takes over the body of a factory worker in order to learn about Earth so his race can take it over.,1963-09-01,102,it,Released,tt0191326,0.8439,6.441,17,False,False,/1emHHnheQtd1vqAIui2tCtBpmKU.jpg,/21Y8Mckb1Tcud1EUbaj1EyPmuCR.jpg,,,0,0,,
78177,Lianna,Lianna,"Lianna's life is a succession of domestic errands and boring faculty parties, however her heaviest cross to bear is dealing with her waning marriage to Dick. In order to find intellectual stimulus, Lianna takes a college extension child-psychology course taught by Ruth. When Lianna catches Dick having an affair with a young coed, she finds comfort and eventually true love in the arms of Ruth. However, this comes with a price as everything in her life is turned upside down.",1983-01-19,113,en,Released,tt0085838,1.2931,6.357,35,False,False,/dcuMnWatb4AscTRfolGr1v1xH9n.jpg,/62Dqdu58KG7mBDWpkdnVirUnuQp.jpg,,"A sensual, tender, and provocative love story",300000,1530839,,
76335,Lui Fong Vocal Concert 2007,Lui Fong Vocal Concert 2007,,2007-03-07,,zh,Released,,0.2839,8.0,1,False,False,/qFxgS64sd2XWtdPVQxyDohlYpl7.jpg,/1W7n27801h5yJNv7N9ZRF0xizYU.jpg,,,0,0,,
43303,Nora Roberts' Tribute,Nora Roberts' Tribute,"A former child star buys her grandmother's house to rescue it from ruin but her hope for serenity is soon eclipsed by haunting dreams of her famous grandmother, who died of a supposed overdose in the house more than 30 years ago.",2009-04-11,88,en,Released,tt1343115,0.8881,5.7,31,False,False,/g5od91BiXm2AyS1EzSnRfiNSQYl.jpg,/rqWVnmGufBEyi9XeZMRZBjc3jsz.jpg,,,0,0,,
98500,Doing Time for Patsy Cline,Doing Time for Patsy Cline,"Following a passion for country music, Ralph leaves his father’s sheep farm in a remote Australian town, armed with a guitar and a plane ticket to Nashville, Tennessee. He hopes to hitchhike to Sydney Airport where his take-off into a successful country/western singing career will hopefully begin. However, fate and his naivety find him hitchhiking with a psychotic drug thief named Boyd, and Boyd's mesmerising girlfriend, Patsy. The plot then splits into a series of parallels, flash forwards and flashbacks. One depicts Ralph’s imprisonment after being framed for drug trafficking. The other follows the dramatic ascent of his career to hype status and the pairing between the dynamic Patsy and himself.",1997-09-25,95,en,Released,tt0119002,0.8211,6.333,6,False,False,/qbO7wFUPchM9JUsYwFjVbkvdg38.jpg,/egDNqOVpHoUq2tkaSxn3uv5TCAQ.jpg,http://www.doingtimeforpatsycline.com/,,0,0,,
42047,That's Dancing!,That's Dancing!,"A documentary film about dancing on the screen, from its origins after the invention of the movie camera, over the movie musical from the late 20s, 30s, 40s, 50s, and 60s, up to the break dance and music videos from the 80s.",1985-01-18,105,en,Released,tt0090152,1.3336,7.075,20,False,False,/8K23BnOyDaFInwD5RzP1uwF4iyQ.jpg,/nG7VQMQzmKPITXzGGsYSZhshFoT.jpg,,,0,0,,
34928,Ballot Box Bunny,Ballot Box Bunny,"When Yosemite Sam campaigns on a platform including rabbit genocide, Bugs Bunny runs against him.",1951-10-06,8,en,Released,tt0043315,0.5692,6.938,32,False,False,/zF5pkFssju85zyENE72TRT8sHQx.jpg,/hEDuIBDkHjdH4nsvVQnmJ05uQsj.jpg,,,0,0,,
80390,The Inner Room,The Inner Room,"While visiting a cabin with her husband, Julianne becomes disturbed with horrific visions which question her sanity.",2011-08-04,82,en,Released,tt1715352,0.0847,3.0,4,False,False,/9IxvGbw9lwFiK5Y65yojiBZnTAN.jpg,,,,0,0,,
43037,Kidnapped,Kidnapped,"Kidnapped and cheated out of his inheritance, young David Balfour falls in with a Jacobite adventurer, Alan Breck Stewart. Falsely accused of murder, they must flee across the Highlands, evading the redcoats.",1960-02-24,97,en,Released,tt0053994,1.2025,6.603,29,False,False,/5aMT9Mkkqx1q9JhDmAX5ydcSTrK.jpg,/lpNuYbQ7QoTE0VZdscYp428Xj16.jpg,,,0,0,,
65156,The North Avenue Irregulars,The North Avenue Irregulars,"When crooks set up operations in a traditional town, a minister and a group of church ladies are willing to do anything, no matter how wacky, to get them out.",1979-02-09,100,en,Released,tt0079639,1.1525,6.471,17,False,False,/gyEaTIil42yWyLoYVKzWJWzDN9J.jpg,/dM2uSHXsoMhyITX3mXuJRehWxLG.jpg,,The FBI couldn't do it... the CIA couldn't do it... so they sent for... Hill's Angels.,0,0,,
20556,Let It Be,Let It Be,"A documentary chronicling the Beatles' rehearsal sessions in January 1969 for their proposed ""back to basics"" album, ""Get Back,"" later re-envisioned and released as ""Let It Be.""",1970-02-13,81,en,Released,tt0065976,1.6346,7.554,168,False,False,/rYvoOo6h48xhDGIIaiP8XyEeVVQ.jpg,/bo551V4mYJM4cg1md1jdNkylcEP.jpg,https://www.disneyplus.com/movies/the-beatles-let-it-be/71Oc25GCtPny,An intimate bioscopic experience with The Beatles.,0,0,,
12720,Suicide Club,自殺サークル,"When the bizarre mass suicide of 54 high school girls throwing themselves in front of a subway train appears to instigate a string of suicides around the country, Detective Kuroda strives to find the answer, which isn't as simple as he had hoped.",2001-10-29,99,ja,Released,tt0312843,2.8229,6.448,552,False,False,/oMjWlKHzR9cwhf3oCUy9j57o67O.jpg,/pK8jgMF9o5SBq7grQzVnpeqib7Y.jpg,,"Well then, goodbye everybody.",250000,0,721280,Suicide Club Collection
91690,The Snows of Kilimanjaro,Les Neiges du Kilimandjaro,"A union pensioner and his wife are robbed, but find that merely getting the assailants brought to justice is not enough for their consciences.",2011-11-16,107,fr,Released,tt1852006,0.9388,6.7,130,False,False,/nCqihL2CZ9eNlP8vM5s0ldoNMk1.jpg,/uLEbGYrppRmiyhCC1ltoSGCv9kC.jpg,http://diaphana.fr/film/les-neiges-du-kilimandjaro,,0,4909485,,
97749,Gasbags,Gasbags,"It's war time London and the Crazy Gang (Flanagan &amp; Allen, Nervo &amp; Knox, Naughton &amp; Gold) are doing their bit for the war effort by running a fish and chip stall using their platoon's barrage balloon for advertising. Their Sgt Major is not happy about this and orders them to take the balloon down, but a freak heavy wind accidentally carries the gang away to Nazi Germany. They are captured and placed in a detention camp where they meet an elderly prisoner named Jerry, who possess a map  for the location of a secret weapon which will win the war! Fortunately Teddy Knox's impersonation of Hitler lands him the spot of pretending to be the Fuhrer at a gala dinner and the gang are allowed out of the camp. However the Nazis have other ideas for their substitute leader.",1941-02-01,77,en,Released,tt0032511,0.6698,6.063,8,False,False,/2ZYT7hb5fqWLTColPQ1WHObe5to.jpg,/uV34MGJfwGY8dfKAVuSBkwpnZqF.jpg,,,0,0,,
17193,"My Daughter, My Angel","Ma fille, mon ange","Nathalie Dagenais is a 19 year old girl studying to be a lawyer. New to the city of Montreal, she will soon discover the world of porn. One day, her father (Michel Côté) comes across her picture on the Internet and wants to find her and before she makes what he thinks is a mistake. The story goes from past to present, when a police officer investigates the death of Max, a man who Nathalie knew.",2007-02-16,85,fr,Released,tt0456521,1.1606,5.864,22,False,False,/qJvlhFcK6JQaid25t1s2FC4GI0z.jpg,/ffnsTjTgJs43oUcCxjtZdJ7rDio.jpg,,,0,0,,
98190,Ban the Sadist Videos! Part 2,Ban the Sadist Videos! Part 2,An investigation of UK video censorship after the video recordings act was introduced.,2006-03-01,46,en,Released,tt0962751,0.2604,6.5,16,False,False,/1kYXIjZXjfyCTQkSpScsgmOOGzB.jpg,/gDoFfDiC9HXBGcU2RlKoi4DeulF.jpg,,,0,0,832824,Ban the Sadist Videos! Collection
29672,Five Loose Women,Five Loose Women,"Five inmates break out of a remote minimum security prison for women. Four are hardened convicts, the fifth was wrongfully convicted. As the authorities chase them down, the cons terrorize or kill anyone who gets in their way.",1974-07-13,96,en,Released,tt0124565,1.0584,4.7,20,False,False,/tiY3lwjgIx7Cl84ub0CZP81wmUA.jpg,/1Y6WhNQOyQ3V49hjxesKGUpLKJT.jpg,,Their Virgin Skin Violated in a Hell-Hole of Lost Souls!,0,0,,
2898,As Good as It Gets,As Good as It Gets,"A misanthropic author, a single mother and waitress, and a gay artist form an unlikely friendship after the artist is assaulted in a robbery.",1997-12-19,139,en,Released,tt0119822,6.4358,7.4,4097,False,False,/xXxuJPNUDZ0vjsAXca0O5p3leVB.jpg,/x7y8ezKtU1vRInk0dmbvDoKgJ8u.jpg,,A comedy from the heart that goes for the throat.,50000000,314178011,,
30129,Faster,Faster,"Faster is an electrifying tribute to the white-knuckle world of MotoGP™ — the fastest sport on two wheels — where the world’s top riders go wheel to wheel at over 200mph and crash at over 100mph. Narrated by Ewan McGregor, Faster chases two seasons’ worth of the world championship, featuring revealing interviews with riders, mechanics, doctors, commentators and fans. If you want high octane, adrenaline fuelled thrills, Faster will take you on a nerve shredding journey through the most exciting sport on the planet!",2003-05-15,103,en,Released,tt0368721,0.8598,7.661,28,False,False,/puHBmn28Cxx53q2GBNSx06GafYH.jpg,/acjOlbsTISQNPbgqtlLjsc8nSvQ.jpg,,Two wheels. 200MPH. Every man for himself.,0,0,1077609,Faster Collection
74099,Blue Flame,Blue Flame,"Fleming, a futuristic cop, saw his daughter kidnapped by Flame and Rain, two aliens that were born out of his own dreams. Much later, the two aliens are kept in cryosleep; but Flemming's daughter is not dead, just a prisoner inside Flame's mind.",1993-12-01,88,en,Released,tt0106440,0.8284,7.5,2,False,False,/6OMnAypYhfyBZFtK58Qf7dfEBiM.jpg,,,A vigilante cop is on the trail of two alien life forms hiding out in his mind.,0,0,,
77386,Wen Nuan De You Shang,溫暖的憂傷,,2011-03-13,82,zh,Released,,0.2539,,,False,False,/gbJDERdoEIX3NHnUC9pjbvKg2FL.jpg,,http://web.pts.org.tw/php/mealc/life/index.php?XPAGE=VIEW&XMAENO=2095,,0,0,,
44286,Between the Boys,Between the Boys,"Voyeuristically exploring a relationship between two young men, which falls into the gray area between the sexual experimentation of adolescence and the world of adult emotions, Between the Boys glimpses into one of the few remaining taboos of current times.",2004-01-01,4,en,Released,tt0421722,0.1979,5.417,12,False,False,/6rtJE2RmVjBjLjkdl7c0Tk4Zy3x.jpg,/29gY7PjoGbNaAfWKleRq8F0Ig8q.jpg,,,0,0,,
42914,Three on a Match,Three on a Match,"Although Vivian Revere is seemingly the most successful of a trio of reunited schoolmates, she throws it away by descending into a life of debauchery and drugs.",1932-10-29,63,en,Released,tt0023590,1.1163,6.239,71,False,False,/rgx6zwUzi4jZyXaB0Hg8dKx47Qp.jpg,/gg5NpGAkrg7Mk0cCN4oIGYt9hJl.jpg,,Three wise girls who barred no holds and bit in the clinches.,444000,0,,
63323,The Day Before Disclosure,The Day Before Disclosure,"Our modern civilization is likely to be confronted with the biggest paradigm shift in the perception of reality ever, and through our productions we wish to bring insight from the forefront of this development.",2010-12-01,105,en,Released,tt1807036,0.1874,7.4,9,False,False,/nHfBpmBlqQ6uonoDe9xsuoptjdU.jpg,/2dlKCYwza5FcKzRQVZH6ck3cIzk.jpg,http://www.thedaybeforedisclosure.com/,The greatest story in human history,0,0,,
17644,Barney's Great Adventure,Barney's Great Adventure,"Mom and dad dump son Cody, daughter Abby, her best friend Marcella and a baby on the farm with Grandpa and Grandma. Purple dinosaur Barney soon appears to entertain the kids, and when a large colorful egg deposited on a farm by a shooting star is accidentally carted off, Barney and the kids start their chase for it.",1998-04-03,76,en,Released,tt0120598,1.6036,5.033,60,False,False,/tSadXiI88soRyS4mcSr7PsKWaqN.jpg,/vxoZ4jHd9B5f8OiSWhlZyOlfdnN.jpg,,An Adventure as Big as your Imagination.,0,0,,
55356,Esther: It's Tough Being a Woman,Esther: It's Tough Being a Woman,"Beth Moore helps a leader facilitate this women's Bible study experience and contains all that is needed to conduct the 9 weeks of small group time. Join Beth in a very personal examination of the Old Testament story of Esther as she peels back the layers of history and shows how very contemporary and applicable the story is to our lives today. If you've ever felt inadequate, threatened, or pushed into situations that seemed overpowering, this is the Bible study for you. Just as it was tough being a woman in Esther's day, it's tough today. This portion of God's Word contains treasures to aid us in our hurried, harried, and pressured lives.",,,en,Released,,0.0311,,,False,False,,,,Beth Moore Teachings,0,0,,
42693,Enter Laughing,Enter Laughing,"A machinist's apprentice in Depression-era New York, David dreams of becoming the new Ronald Colman. Defying the wishes of his parents, David lands a nonpaying job in a seedy theatrical production directed by broken-down ham Marlowe.",1967-02-25,112,en,Released,tt0061626,1.3557,4.444,9,False,False,/7YdI1eCfG8N8xqvGhyezjODGGc9.jpg,/1RswTD6goW0jL29u1tb1RA03GxP.jpg,,The picture that brings you the hilarious answer to WHY BOYS LEAVE HOME!,0,0,,
13755,A Town Without Christmas,A Town Without Christmas,"In the small town of Seacliff, Wash., a child's letter to Santa Claus captures the nation's attention. When the little boy, Chris, writes that he wishes to leave this world so he will no longer be a burden to his divorcing parents, a race begins to find him before he harms himself.",2001-12-16,91,en,Released,tt0290321,0.6822,5.912,17,False,False,/mOfTdPm3rGaxAQlqd9qi750sKYG.jpg,/dvI904AGncV689EbEQoHfGWXUXE.jpg,,,0,0,1156455,A Town Without Christmas Collection
57344,How Wonderful to Die Assassinated,Quanto È Bello Lu Murire Acciso,"How Sweet it is to Die Murdered (Quanto è bello lu murire acciso) is an Italian historical film written and directed by Ennio Lorenzini and released in 1975. The original title of the film is that of a popular song reworked by Roberto De Simone, who is considered the precursor of the Neapolitan folk revival of the 1970s. The film depicts the failed expedition organized by Carlo Pisacane in 1857 to provoke an uprising in the Kingdom of the Two Sicilies.",1975-12-12,85,it,Released,tt0196882,0.2809,7.25,4,False,False,/nCnProiUAx5Nj8IkSzX44wvgokS.jpg,/AnOuMuGFs6O2cFYK1x3gS05DeT9.jpg,,,0,0,,
46662,The Girl on the Bridge,The Girl on the Bridge,A young woman's suicide attempt is stopped by an old man passing by. The two fall in love -- but the relationship between the young girl and old man is threatened when a blackmailer from her past shows up.,1951-12-01,76,en,Released,tt0043588,0.532,6.333,12,False,False,/2HHyq8fLPif6voStnlxj9c9xUri.jpg,/y45B38YAMY3TUDP6aLIsHjGeHcW.jpg,,She's Man-Bait and Murder!,0,0,,
33913,Tomorrow at Dawn,Demain dès l'aube,"Mathieu, a piano virtuoso, goes home to help his brother Paul to take care of their sick mother. Paul is into reenacting old battles, dressing up and getting into character, even dueling if necessary. Mathieu gets involved in this world and play becomes real.",2009-08-12,94,fr,Released,tt1291548,0.7289,6.1,11,False,False,/7WQg4TqzIc2fmevKYnrTopKXPs2.jpg,/tdUjITgY5kXpt4lv1URRcuT9R6Q.jpg,,,0,0,,
19962,Mike Bassett: England Manager,Mike Bassett: England Manager,"After England's football (soccer) manager has a heart attack, Mike Bassett is hired as the new manager and promptly announces the team will win the World Cup.",2001-09-28,89,en,Released,tt0282744,1.3919,7.007,71,False,False,/vfbWbgkF5jFOqytHIVnq2eH3Gy5.jpg,/kXxPWmd9oFUlPEEGRdBi9pg5yW9.jpg,,,0,0,,
97716,Scaramouche,Scaramouche,"A law student becomes an outlaw French revolutionary when he decides to avenge the unjust killing of his friend. To get close to the aristocrat who has killed his friend, the student adopts the identity of Scaramouche the clown.",1923-09-15,124,en,Released,tt0014440,1.1169,7.219,16,False,False,/lnJoBk1axXEcUYlfHnf3YD7h6Ok.jpg,/isoh2DvewcOtD1sdA3HM9Br9qaZ.jpg,,,0,0,,
96001,Hard Labor,Trabalhar Cansa,"After her husband loses his job, Helena opens her own grocery store. Soon, increasingly strange events begin to plague her store, making her question her sanity.",2011-09-30,99,pt,Released,tt1686328,0.2107,6.3,45,False,False,/eQLb7Q649Y369cBV7WrC7pr7dtS.jpg,/wHXe0ahrRHRphjYbkRLlj9W8cFj.jpg,,,0,0,,
24936,The Deep End,The Deep End,"With her husband Jack perpetually away at work, Margaret Hall raises her children virtually alone. Her teenage son is testing the waters of the adult world, and early one morning she wakes to find the dead body of his gay lover on the beach of their rural lakeside home. What would you do? What is rational and what do you do to protect your child? How far do you go and when do you stop?",2001-01-21,101,en,Released,tt0250323,1.7097,6.17,156,False,False,/sWRTQpTb65Itp4bdNas3W4a1QHy.jpg,/970o9Snv0Nttpr15DaZVZYYr2LH.jpg,,How far would you go to protect your family?,3000000,10031529,,
91605,Future Shock,Future Shock,"A psychiatrist uses virtual reality to probe the minds of three unsuspecting patients, unleashing horrific psychic forces in the process.",1994-01-19,98,en,Released,tt0106983,1.358,4.0,16,False,False,/68bOLmnL0tTSZ8drtfRBffK9E1o.jpg,,,Beyond virtual reality open your mind to a new dimension in terror.,0,0,,
25764,Dasepo Naughty Girls,다세포 소녀,"High School, flaunting sexuality is the norm. But teenage angst still reigns supreme among the school's outcasts, including the only virgin.",2006-08-10,103,ko,Released,tt0473028,1.4023,5.083,30,False,False,/gEHD3FR7HTcbVdfsGAjaMbcTi6Z.jpg,/oRO0cxJy9zx6HjtxS65L4l24g4U.jpg,,,0,0,,
61671,Boy Crush,Boy Crush,"Seven short films in which gay youths and young men negotiate society, sometimes successfully, sometimes not. In several, teen boys come out, perhaps first to a close friend - how will the friends react? For some youths, coming out risks violence. In two films, love is thwarted - by mother, in one, and by immigration, in another.  The collection includes ""Summer"" (Great Britain), ""Night Swimming"" (USA), ""Running Without Sound"" (USA), ""Out Now"" (Germany), ""Œdipe N+1"" (France), ""Hitchcocked"" (USA), and ""The Bridge"" (Australia).",2007-12-04,104,en,Released,tt1112652,0.6737,5.0,7,False,False,/ejb3iJLA7mWsBP3jjR2JeFAVO1B.jpg,,,,0,0,,
58403,Cream Horn,Cornetti alla crema,Mariana and Domenico are on the run from her jealous boyfriend who just happens to be an over-jealous professional football player.,1981-09-11,93,it,Released,tt0082203,0.9425,5.687,67,False,False,/mmAqvmgeRmOuKEgSvynaJmk2mkf.jpg,/yx9OwqHFyhbPkKKxQbrkYIe7E0f.jpg,,,0,0,,
80079,Tibetan Dog,チベット犬物語 ～金色のドージェ～,"After his mother dies, Jiantan has to leave Xi'an to live with his father on the Tibetan steppe, where he meets a golden dog that helps him cope with the new challenges ahead.",2011-07-15,95,ja,Released,tt2411128,1.3432,6.412,17,False,False,/DIlI874KB9MhK3Jr3UC4wEhwsq.jpg,/4qJ6LWN7xSL3gI1wfu3FmcbwnTl.jpg,http://www.madhouse.co.jp/tibetan-dog/,,0,0,,
32580,WWE Royal Rumble 1998,WWE Royal Rumble 1998,"Thirty Superstars compete in the annual Royal Rumble Match with the winner advancing to WrestleMania XIV for a chance at the WWE Championship. The Rock defends the WWE Intercontinental Championship against Ken Shamrock. Shawn Michaels and The Undertaker battle in a Casket Match with the WWE Championship up for grabs. Plus, The Road Warriors, Goldust, and more!",1998-01-18,167,en,Released,tt0234629,1.3088,6.457,23,False,True,/1iVdUoane1lOF61K0XA11T01wMe.jpg,/nKmgsrrGtapkL1t4oPQpg9vrLtZ.jpg,http://www.wwe.com/shows/royalrumble/history/1998,Pain! Just A 4 Letter Word.,0,0,,
53392,His New Profession,His New Profession,Charlie takes care of a man in a wheelchair.,1914-08-31,12,en,Released,tt0004101,0.5453,5.8,62,False,False,/qqSU0nf3xztvGIZKWjWa3nTr7Y9.jpg,/uA0MooMUOFaNmQMEXBCwAwlIQHK.jpg,,,0,0,,
81159,Vairam,വൈരം,"Sivarajan fights for justice when he loses his daughter, Vairamani, who is raped and killed by Thalikkulam Josekutty, an evil man from a powerful family.",2009-09-20,129,ml,Released,tt1450764,0.3157,3.7,3,False,False,/iiyZA2HlpfCRWyU8ldNuydvQ7h8.jpg,,,Fight for Justice,0,0,,
72383,Exiles In Lotusland,Le méchant trip,"This feature documentary tells the story of 2 teens who head out west in search of self. Like a quarter of Vancouver’s itinerant youth population, Mélo and Ti-criss made the trip from Quebec, hopeful for a better life. Still minors, the pair seeks escape and adventure, perhaps the meaning of life. From east to west, from the streets to a hotel, with a welcome interlude in the country, they seek their place in society.",2005-12-03,70,fr,Released,tt0784994,0.0071,4.0,2,False,False,,,,,400000,0,,
55276,Super Why Peter Rabbit and Other Fairytale Adventures,Super Why Peter Rabbit and Other Fairytale Adventures,"The Super Readers help each other solve problems by searching for answers in classic fairy tales. Diving into the pages of the stories, the friends change certain events and apply the lessons they've learned to their real-life dilemmas. Geared toward kids ages 3 to 6, this collection of episodes from the animated series finds the Super Readers exploring ""Peter Rabbit,"" ""Tom Thumb,"" ""Goldilocks and the Three Bears"" and ""Rapunzel.""",2010-03-16,100,en,Released,,0.0261,,,False,False,,,,,0,0,,
70214,The Night Watch,The Night Watch,"Four Londoners are inseparably linked by their wartime experiences. In a time when the barriers of sexuality and social convention have been broken down, they enjoy a freedom never experienced before.",2011-04-04,90,en,Released,tt1789074,1.2864,5.8,42,False,False,/ioEzgZFFZZGnrhI2rsIy7R0a4WI.jpg,/ggWV74vWCNjyBaa4dd8SBPMnxzp.jpg,https://www.bbc.co.uk/programmes/b012mb0r,Love and liberation in wartime,0,0,,
34023,The Incredible Torture Show,The Incredible Torture Show,"Sardu, master of the Theatre of the Macabre, and his assistant Ralphus run a show in which, under the guise of 'magic', they torture and murder people in front of their audience. But what the punters see as a trick is actually real.",1976-11-03,85,en,Released,tt0077247,1.2815,4.871,128,False,False,/sRFWfces1Aa2yPRzDt4NVuYrysQ.jpg,/1BNv6MqZw5wFoblckm4fydIbmoR.jpg,http://www.troma.com/films/bloodsucking-freaks/,"Join The Fun! Human Dart Boards! ""Home Style Brain Surgery"" Dental Hijinks!",0,0,,
10237,The Honeymoon Killers,The Honeymoon Killers,"Martha Beck, an obese nurse who is desperately lonely, joins a ""correspondence club"" and finds a romantic pen pal in Ray Fernandez. Martha falls hard for Ray, and is intent on sticking with him even when she discovers he's a con man who seduces lonely single women, kills them and then takes their money. She poses as Ray's sister and joins Ray on a wild killing spree, fueled by her lingering concern that Ray will leave her for one of his marks.",1970-02-04,108,en,Released,tt0064437,1.0793,6.512,126,False,False,/3n69M2qBFMWEYAOOQdvxYAaaDLM.jpg,/egrxDU6GM8Dv5u5e8Nm2Wlq7k2E.jpg,,Love is a bitch...Called Martha.,0,0,,
74724,Free Energy - The Race to Zero Point,Free Energy - The Race to Zero Point,"In this award-winning, feature length, two-hour broadcast-quality Documentary you will learn about the latest developments in the field of Free and Zero Point Energy from Tesla to Dennis Lee. Hosted by Bill Jenkins, formerly of ABC Radio, this comprehensive documentary features physicists and inventors who are challenging orthodox science to bring this non-polluting technology forward despite ridicule and suppression. See actual working prototypes that defy classical physics including phenomenal experiments in anti-gravity and the transmutation of metals.",1997-06-01,110,en,Released,,0.1312,6.0,1,False,False,/twcrxX89lXGbnDwLHILoJ8HjUYV.jpg,/2Q5eDEkngOP1jNBAP8ILikEG5Ez.jpg,http://www.lightworksav.com,,0,0,,
96162,Chitchor,Chitchor,Geeta ends up with two suitors after her father goes to bring home a prospective groom and mistakenly picks up the wrong man.,1976-01-01,105,hi,Released,tt0157460,1.0177,7.0,3,False,False,/knjv0IUp6x2zAY66ZrgYoDJyZjP.jpg,/6pqddC25MaOyW2p7wswUXddbdWH.jpg,,,0,0,,
47110,Strictly Non-Graphic,Αυστηρώς Κατάλληλο,"Two young Greek filmmakers in need of funding for their film titled ""The End of Passion"" end up seeking the financial aid of an almost forgotten old-time porn-king producer. He agrees to help them while concealing his own secret plan.",2008-10-23,110,el,Released,tt1309409,1.0915,5.3,16,False,False,/4QRjeYAwge7apWocbxsJYjfkVE3.jpg,/7QteV3RzbeieiGYQzalHFhrypVc.jpg,,,0,0,,
39934,Longtime Companion,Longtime Companion,"During the summer of 1981, a group of friends in New York are completely unprepared for the onslaught of AIDS. What starts as a rumor about a mysterious ""gay cancer"" soon turns into a major crisis as, one by one, some of the friends begin to fall ill, leaving the others to panic about who will be next. As death takes its toll, the lives of these friends are forever redefined by an unconditional display of love, hope and courage.",1989-10-11,99,en,Released,tt0100049,1.7723,6.722,74,False,False,/lHIGo1VI71DQgDbbm6XWBjaPxCz.jpg,/aiyrszCc3vxLDRjAPw7KodZzCKj.jpg,,…a motion picture for everyone,0,4609953,,
73624,The Man from the Future,O Homem do Futuro,"Zero is a brilliant scientist. However, 20 years ago, he was publicly humiliated when he lost Helena, the love of his life. One day, an accidental experience with one of his inventions causes him to travel back in time to 1991. Having taken the opportunity to change history, Zero returns to own time to find totally changed.",2011-09-02,106,pt,Released,tt2027178,1.1531,7.221,387,False,False,/cWfdBMbe3SodE14h3VptXy6sQZm.jpg,/hel4RhpqHWamrfCueE7TZMEWJ5c.jpg,,Nothing will be like before.,0,5799606,,
42622,Finian's Rainbow,Finian's Rainbow,"An Irishman and his daughter arrive in the American South with a stolen pot of gold, hoping to make their fortune. Pursued by a leprechaun desperate to recover his treasure, they become entangled in a battle over land, love, and prejudice in Rainbow Valley—where the gold’s magic turns wishes, and lives, upside down.",1968-10-09,145,en,Released,tt0062974,1.0931,5.896,48,False,False,/7vPJBLw9GL0FlJXXTgZqWnwMzK9.jpg,/tRyPuhThCFVWaE4JkPOBdFl5a5s.jpg,,Let yourself glow.,3500000,11600000,,
20989,18 Fingers of Death!,18 Fingers of Death!,"The ""buzz"" in Hollywood is that, ""18 FINGERS OF DEATH!"" will kick the butt out of the low budget martial arts movies genre and knocks us down to the ground laughing! This funny ""sockumentart"" of the world of Chop sockey, kung fooey, ninja poo poo, karate kidding croutching tiger stuff takes you on the journey of making martial arts movies at it's lowest.",2006-04-11,87,en,Released,tt0397853,1.3056,3.615,13,False,False,/74ltBV3qG6KfXT3xIVMfQqrD9kF.jpg,/iXy38xADuBDIbJCRSuXfofr5Hch.jpg,,,0,0,,
69150,Chrome and Hot Leather,Chrome and Hot Leather,A Green Beret returns home from the Vietnam war to find that a gang of murderous bikers has killed his fiancee. He calls on several of his Green Beret buddies to come and help him take revenge on the gang.,1971-09-29,91,en,Released,tt0066915,0.8312,5.625,8,False,False,/p8mepQGzb6AxNUqHSba8M7bAfCP.jpg,/l6e5RvPCaC7qOh7tGfV4l7sj2Mh.jpg,,Don't muck around with a Green Beret's Mama! He'll take his chopper and ram it down your throat!,0,0,,
74413,Frank Zappa: Does Humor Belong in Music?,Frank Zappa: Does Humor Belong in Music?,"Frank Zappa and his band in a digitally recorded live performance at ""The Pier"" in New York, NY on August 26, 1984.",1985-08-26,57,en,Released,tt0089035,0.4263,8.083,6,False,False,/d8WiX7iLInFpp1IjrsBKRrvfEl5.jpg,/uxe3QBwCxrxPQW3EWzXr16KvweY.jpg,,,0,0,,
53404,Love Crime,Crime d'amour,"In the sterile setting of a powerful multinational, a ruthless corporate executive and her ambitious protégée bare their claws in a vicious battle for supremacy.",2010-08-09,104,fr,Released,tt1459012,0.8233,6.2,123,False,False,/cYjUy4YMZqbSUlrpxrijVh1lrhO.jpg,/AhzQpeJgFwLvyq0WuN51yxT4WbR.jpg,,Ambition. Manipulation. Revenge.,0,0,,
43630,The Helix... Loaded,The Helix... Loaded,"When ""The One"" dies, Orpheum must find the ""Other One.""",2005-03-25,97,en,Released,tt0401462,0.7349,4.083,6,False,False,/yG81A3umqQ5Z4la0uA642A506s5.jpg,/lD18BoqSGfdvIGNq4jlPZYQnEDj.jpg,,,0,0,,
82784,The Unknown Policeman,El gendarme desconocido,"A gang of thieves has jeopardized the city and even the police, whose chief urges their forces to captured the band within 48 hours. Meanwhile, band members meet in a cafe run by a widow and her daughter and her suitor, Cantinflas, who maintains a scuffle with the robbers running all at the station. Since then, Cantinflas become a member of the police force for special missions.",1941-10-22,108,es,Released,tt0161609,0.6446,7.819,69,False,False,/uqv69ruL7APgVQizjD2bsQRRinO.jpg,/jTpWtwrSj0GaJV9ZIKBfhW2mPBr.jpg,,,0,0,1370872,Cantinflas Collection
18169,About Last Night...,About Last Night...,"A man and woman meet and try to have a romantic affair, despite their personal problems and the interference of their disapproving friends.",1986-07-02,113,en,Released,tt0090583,2.4253,6.024,233,False,False,/9KqG5OFi3NLJYBbsDSA8pZ3dln.jpg,/8UqukRNZFNfJZE9WnG2J0IDy2Yi.jpg,,Making love was easy...being in love difficult.,8500000,38702310,,
11894,Curly Sue,Curly Sue,"Bill is a penniless drifter who scams strangers out of just enough money to feed himself and his partner in crime, an orphan girl known as Curly Sue. Bill and Curly Sue target Grey, a yuppie lawyer, but their con takes an unexpected turn when the successful woman begins to like the ramshackle duo. But there's one problem—Grey's jealous, conniving boyfriend, Walker.",1991-10-25,101,en,Released,tt0101635,3.0914,6.39,568,False,False,/cndkzlP5frVWxng5HLd4JvA2g2y.jpg,/q0pAwUqY52QXdvQx1S8j530lPFZ.jpg,,A funny story about a family... And the little girl who started it.,0,33691313,,
36739,School Daze,School Daze,Fraternity and sorority members clash with other students at a historically black college during homecoming weekend.,1988-02-12,121,en,Released,tt0096054,2.1382,5.699,113,False,False,/vnfjKHcmah7ReMxLNF18JMXFgSZ.jpg,/kNjnEqsEHNy58m9FgPevxm4wnkk.jpg,,A new comedy with music.,0,0,,
90076,Death Journey,Death Journey,"Fearful that their star witness might be murdered, two attorneys hire a protector to bring him from Los Angeles to New York. Jesse Crowder (Fred Williamson) is a no-nonsense tough guy. He buddies up with the witness, an accountant, and they hit the road. Outwitting their foes means taking all manner of conveyance, including automobile, train, and airplane.",1976-05-01,78,en,Released,tt0137458,0.7589,5.2,10,False,False,/iA04JJOESitrxrEYeu8Aml4hvdk.jpg,/585yIaymmWxfUSHfTl42CfYIpmC.jpg,,Fred Williamson is Jesse Crowder ... One mean cat!,0,0,,
6477,Alvin and the Chipmunks,Alvin and the Chipmunks,"A struggling songwriter named Dave Seville finds success when he comes across a trio of singing chipmunks: mischievous leader Alvin, brainy Simon, and chubby, impressionable Theodore.",2007-12-13,92,en,Released,tt0952640,7.8317,5.834,4717,False,False,/3s3WvpKPXXeKAPketDDqiQTi20S.jpg,/lKkkogTlIQT8o83GFQZZ3CA9MzB.jpg,http://www.chipmunks.com/,The Original Entourage,60000000,361366633,167613,Alvin and the Chipmunks Collection
22602,Randy Rides Alone,Randy Rides Alone,"Bandits lead by Matt the Mute enter a bar and kill multiple people. Randy Bowers comes to town and is framed by Matt the Mute, who is working with the sheriff (who doesn't know Matt is really a criminal). Randy escapes with the help of the niece of the dead owner of the bar. Bowers ends up running from the sheriff, and ends up in the cave in which the bandits have their hide-out…",1934-06-05,53,en,Released,tt0025699,0.8203,5.029,34,False,False,/7hlA9T78zEwGBNJcVN4RmM6HYPJ.jpg,/mux6L0txdy6hSahKPp6UGrVa3In.jpg,,Fearless--- He Rode the Danger Trail!,0,0,,
35072,Atragon,海底軍艦,"The legendary empire of the lost continent of Mu reappears to threaten the world with domination. While countries unite to resist, an isolated World War II Captain has created the greatest warship ever seen, and possibly the surface world's only defense.",1963-12-22,96,ja,Released,tt0057215,2.1827,6.586,58,False,False,/u5fD2mfsovtW1Pn2Umtl2G3280w.jpg,/2bXp4GTcvU1mCQbq9lXRUiDdTcZ.jpg,,The dreaded undersea kingdom challenges the surface! The emergency dispatch of the all-purpose atomic battleship!,0,0,,
46547,Down to the Dirt,Down to the Dirt,"Thirty-year-old Keith Kavanagh (Joel Thomas Hynes) ekes his way through life in a small town. A hard-drinking hooligan, he keeps his ragged collection of poetry a closely guarded secret... as secret as his regret for the shattered relationship with his father. When Keith meets the darkly exotic Natasha (Mylène Savoie), his life is changed forever.",2008-10-24,117,en,Released,tt1069226,0.5703,4.2,4,False,False,/37KJzlXFJb0Fki40eam3OlNDwWI.jpg,/zxE4KOKatMJNcc4IVyh4IQfqe8s.jpg,http://www.downtothedirt.com/,,0,0,,
70346,Filmhits for børn 2,Filmhits for børn 2,"´""Filmhits for børn 2"" er til børn fra 6 år – en perlerække af film i alle genrer: små finurlige tegnefilm, korte fiktionsfilm og inspirerende dokumentarfilm. Fortællinger om børn for børn. Historier fortalt i levende billeder, der rammer børn i øje, øre, hjerne og hjerte. Film for de helt små, der er enkle og trygge og film for de lidt større, der udfordrer og giver stof til eftertanke. ""Filmhits for børn 2"" indeholder følgende film: •""Lauges kat"" •""Desmonds æbletræ"" •""Bror, min bror"" •""Fanny Farveløs"" •""Huler"" •""Ska' vi være kærester?""",,99,en,Released,,0.0218,,,False,False,,,,,0,0,,
32613,Horror Express,Pánico en el Transiberiano,Mysterious and unearthly deaths start to occur while Professor Saxton is transporting the frozen remains of a primitive humanoid creature he found in Manchuria back to Europe.,1972-09-30,87,en,Released,tt0068713,1.6496,6.313,329,False,False,/o79dacG17LtfsAhjiVxgUhsJAbb.jpg,/ok4zZ7MCpYS6PaT2ijUrb7Ankc5.jpg,,A nightmare of terror travelling aboard the Horror Express!,300000,0,,
3076,Frankenstein Meets the Wolf Man,Frankenstein Meets the Wolf Man,"Grave robbers open the grave of the wolf man and awaken him. He doesn't like the idea of being immortal and killing people when the moon is full so tries to find Dr. Frankenstein, in the hopes that the doctor can cure him. Dr. Frankenstein has died; however, his monster is found.",1943-03-12,74,en,Released,tt0035899,2.5604,6.197,221,False,False,/eitxewmvmZXY7qoKpiVhdaFmwMz.jpg,/ykbk7an62qpgHxwEz16XXKNvXRd.jpg,,A Death Fight... Between Two Beasts!,1200000,0,259027,The Wolf Man Collection
3787,Buck Rogers,Buck Rogers,"Edited version of the 1939 Universal serial ""Buck Rogers.""  A 20th Century pilot named Buck Rogers and his young friend Buddy Wade awake from 500 years in suspended animation to find that the world has been taken over by the outlaw army of Killer Kane.",1977-01-01,90,en,Released,tt0075792,0.9069,5.8,5,False,False,/oW1DwS8n3VNQvijpmZCaJQcBRQg.jpg,/bu82EWbXazupL68iQqQPefODJds.jpg,,Star Wars owes it all to,0,0,,
48316,Celebrity Mix,Celebrity Mix,"These eight short films range from hysterically funny to wickedly suspenseful, and feature some of Hollywood's biggest names. Includes short films Laud Weiner, House Hunting, Curiosity, Dysenchanted, Dependable People, Media Whore, Walking Dreams, Mr. Dramatic.",2005-01-17,97,en,Released,,1.108,,,False,True,,,,,0,0,,
49162,Alice Upside Down,Alice Upside Down,"Still mourning the death of her mother a few years back, Alice McKinley finds her life seriously disrupted when her father Ben buys a store and moves her and her older brother Lester to a new town.",2007-10-06,91,en,Released,tt0882742,0.7299,5.67,60,False,False,/QNYxepooPEhC3CpGYVPXZzIMtG.jpg,/5vMfZbXbIb7xYg85ao93KYgreZl.jpg,,,0,0,,
67892,Bonnie & Clyde vs. Dracula,Bonnie & Clyde vs. Dracula,"After a heist goes wrong, outlaw couple Bonnie and Clyde crash a mansion inhabited by the recently revived Dracula.",2008-06-01,90,en,Released,tt1117379,0.3264,3.3,18,False,False,/msaiKLVuQ1rM0HEBm6fU97FZaEP.jpg,/7K1SocI0yK7dxtD9PAupi3U1cRs.jpg,http://www.bcvdmovie.com,"When gangsters meet vampires, there's bloody hell to pay...",0,0,,
80925,Bindaas,బిందాస్,"Bindaas (Telugu: బిందాస్) is a 2010 Telugu action film directed by Veeru Potla. The film stars Manoj Manchu and Sheena Shahabadi in the lead roles. Music of the film was launched on 9 November 2009. The movie released on February 5, 2010. On March 27, 2010 it had completed 50 Days in cinema halls. It is reported to have made over INR14 crores worldwide. It was dubbed and released in Malayalam as Happy 2 Happy.",2010-02-05,138,te,Released,tt1582478,0.4717,6.0,3,False,False,/zxVC4D7KM3MhgOfPH79HorJh0yx.jpg,/b96zyEx2TV6gClmaObp9Vout5to.jpg,,,0,0,,
5959,Vier Stunden von Elbe 1,Vier Stunden von Elbe 1,"Four hours by boat from the lightship Elbe 1 is the southern entrance and lock of the Kiel Canal. There, in Brunsbüttelkoog, is a seamen's home run by Klara Andresen. This is the main setting of the movie. In the sailors' wives' home, the wives of sailors wait for their return. Klara Andresen not only looks after the concerns of the waiting sailors' wives, but also her brother-in-law Gustav Andresen . Gustav has gone to sea as a ship's cook and now wants to get married. That's why he has placed a marriage announcement and is waiting for the reactions.",1968-03-07,105,de,Released,tt0147668,0.3647,8.333,3,False,False,/he1wyhiLu9tS4v85OVPj1Xgq1qh.jpg,,,,0,0,914674,Vier Stunden von Elbe 1
49106,The Dawns Here Are Quiet,...А зори здесь тихие,"In a remote village in Karelia, Sergeant Vaskov commands an anti-aircraft unit that protects a rail depot. While his men are transferred to the front line, he is reprimanded for their unruly behavior. He retorts that he wants replacements that aren't drunks or womanizers. In response, he is assigned a unit made up entirely of young women, fresh from training.",1972-11-04,,ru,Released,tt0068161,1.1286,7.06,151,False,False,/q3jXq6rahRFqNwvbOWUUN1iPL8v.jpg,/unPih308kkKcRrV4VvPF4GCFill.jpg,,,0,0,,
30353,Meat Weed America,Meat Weed America,"When Meatweed Manor is attacked by the terrorist Bin Smokin', Lord Meatweed must rally the troops and some horny nuns against the evil Jihottie terrorists.",2007-12-01,87,en,Released,tt1119623,0.1056,1.2,4,False,False,/gX3fPR5ZD8jrtBgq0kxl4AaU1fE.jpg,,,,0,0,,
41611,Jeopardy,Jeopardy,A woman is kidnapped when she goes to get help for her husband who is trapped on a beach with the tide coming in to surely drown him.,1953-03-30,69,en,Released,tt0045932,1.8771,6.714,42,False,False,/8eXPMsrLsTK2AcFSwbCoWWIeeRB.jpg,/myvNbmklXMyINevJqRBc2i9laeh.jpg,,She did it... because her fear was greater than her shame!,0,0,,
1266,Street Kings,Street Kings,"Tom Ludlow is a disillusioned L.A. Police Officer, rarely playing by the rules and haunted by the death of his wife. When evidence implicates him in the execution of a fellow officer, he is forced to go up against the cop culture he's been a part of his entire career, ultimately leading him to question the loyalties of everyone around him.",2008-04-10,109,en,Released,tt0421073,4.5559,6.6,1663,False,False,/iTO7sBfVTr7LUqiFtGeFW7g2Ncf.jpg,/tNUM567Hrv925Z3vWXdJUjQE6Ho.jpg,,Their city. Their rules. No prisoners.,20000000,66476363,124881,Street Kings Collection
16227,Dark Passage,Dark Passage,A man convicted of murdering his wife escapes from prison and works with a woman to try and prove his innocence.,1947-09-05,106,en,Released,tt0039302,2.0897,7.292,349,False,False,/dvwmiD6qQ05gojrFQRaFbdhbNDF.jpg,/nFCXzdeJbJiYZF6rvSQnkkHAL7G.jpg,,In danger as violent as their love!!!,1678000,3430000,,
37866,The Polar Bear King,Kvitebjørn Kong Valemon,"After his father is killed, Prince Valemon ascends the throne, only to be turned into a polar bear by a bitter witch who wants to be his queen.",1991-06-20,88,no,Released,tt0102247,0.8817,5.771,24,False,False,/gONhmAnzWQaN97ydsRHCH7mIKUO.jpg,/lpqtITDfg32kpEZHs1naFFIzrJU.jpg,,An Enchanting Beauty. A Princely Beast. An Epic Tale.,0,0,,
84616,Lucky Seven,7小福,Seven child martial arts experts  try to return a stolen diamond to its rightful owner.,1986-06-28,74,cn,Released,tt0066020,0.6853,7.143,7,False,False,/6aMKvS32xevfBiam0iBiYfbreUu.jpg,/cMHP5Ai2BSeAC2CmxmISbaXtvjM.jpg,,,0,0,,
56154,Young Tom Edison,Young Tom Edison,"Inventor Thomas Edison's boyhood is chronicled and shows him as a lad whose early inventions and scientific experiments usually end up causing disastrous results. As a result, the towns folk all think Tom is crazy, and creating a strained relationship between Tom and his father. Tom's only solace is his understanding mother who believes he's headed to do great things.",1940-03-15,86,en,Released,tt0033289,0.8561,5.909,11,False,False,/b5SpgdQkz5QpoiGVUHSc5eoa7hG.jpg,/mTbdsq8Z2ETmBI9rvskK19gCQpf.jpg,,"This is a story of triumph.. the triumph of an American boy, who had courage, imagination and faith.",0,0,1353888,Edison Collection
57706,Samurai Wolf,牙狼之介,"This is the story of a vagrant samurai – the solitary, savage and scrupulous Kiba – who arrives at a village to defend a beautiful, blind woman against a sinister plot. Her assailants then send against him another samurai, named Sana, who is without scruples. The fight between them will become personal, for the honor and love of the blind woman.",1966-11-19,75,ja,Released,tt0199680,1.4046,7.086,35,False,False,/m3HxlJLKNR1RUtTdWjoDXp2sRUu.jpg,/zBZxtz3WiNDMn2PwAyNk2aGRLND.jpg,,,74,0,598375,Samurai Wolf Collection
57349,Broder Daniel Forever,Broder Daniel Forever,"A film about iconic Swedish indie pop band Broder Daniel as they reunite during the summer 2008 before their last ever performance as a group. A concert held in honor of guitarist Anders who committed suicide earlier this year. It is a performance, and a portrait and a last goodbye from a band with more unconditional willpower than any other.",2009-07-03,55,sv,Released,tt1459029,0.0885,5.6,7,False,False,/bCsPYWBJxAHV7iF1LHx9RJqcfrM.jpg,/iK5Wm9cKfVuOXu2NRO0GBFJlhED.jpg,,,0,0,,
72244,Voodoo Academy,Voodoo Academy,"Young Christopher has just enrolled at the prestigious Carmichael Bible College, managed by the somewhat unusual Mrs. Bouvier. After some unexplained disappearances, Christopher does some exploring and discovers that Mrs. Bouvier and the Reverend Carmichael have some very unwholesome intentions for the young men of their school. Will Christopher graduate with his body and soul intact?",2000-08-01,92,en,Released,tt0232908,1.2112,3.767,15,False,False,/eRoekNANqdlX8H36iUJFTY25n9F.jpg,/4BnudNiFo1gnCH6BEAsULNqJbEh.jpg,,,55000,0,,
72817,The Seagull,Чайка,The arrival of a famous writer brings disarray to the lives of an aspiring playwright and a young actress.,2005-06-06,118,ru,Released,,0.6728,,,False,False,/AnWdZUXMA2t5YZ28LsuHYmbhq0W.jpg,,,,0,0,,
53930,"Think Global, Act Rural",Solutions locales pour un désordre global,,2010-04-07,113,fr,Released,tt1600731,0.1982,6.9,17,False,False,/2zo5jagp4pGyJz8N1jTKb2KmOFH.jpg,,,,0,0,,
51245,Inseparable,形影不离,"A troubled engineer faces pressure at work and problems at home with his moody wife. American expat Chuck, rescues him from the brink of despair and becomes an unlikely mentor.",2012-05-04,97,en,Released,tt1032763,1.8238,6.078,45,False,False,/pEh8Dz0bNnwULHXbZPhD84vtaM2.jpg,/arg5WXuhRFg2eDU0UIdPJsTnZTF.jpg,http://www.colordance.com/movies/inseparable?locale=en,Unleash your inner hero,0,0,,
28713,Access Denied,Access Denied,"A beautiful computer programmer is framed by her fraudulent lover and sent to prison. When she gets out she agrees to cooperate with a scheme of a fellow-inmate to defraud a bank, in order to have enough money to escape from her (by then) ex-lover.",1996-04-01,95,en,Released,tt0115458,0.8675,5.5,2,False,False,/uVJ7cdUr3BtN0cbHl2s1xJJP0Xo.jpg,,,PROGRAMMED FOR REVENGE... SEX WAS HER WEAPON...,0,0,,
13633,Bad Boys,Bad Boys,Mick O'Brien is a young Chicago street thug torn between a life of petty crime and the love of his girlfriend. But when the heist of a local drug dealer goes tragically wrong Mick is sentenced to a brutal juvenile prison where violence is a rite of passage and respect is measured in vengeance.,1983-03-25,123,en,Released,tt0085210,3.8496,6.985,299,False,False,/5nHZ3wflOifKJMUcTCw0isKhmCv.jpg,/yIpaahwOBk4uVUBNcHkoZdcXPCK.jpg,,There's only one person left who believes Mick O'Brien can make it... Mick O'Brien.,0,9190819,,
61197,Space Zombie Bingo,Space Zombie Bingo!!!,The U.S. Military along with the general population are trying to rid the country of alien zombie invaders.,1993-01-24,75,en,Released,tt0314713,0.2445,4.1,10,False,False,/8mA7GnBJFPEuhdXPsNYH2aiMemS.jpg,/2KivWksQUvwaExQXMmvSH1eHYI9.jpg,http://www.troma.com,Life's a beach - even in space!,1,0,,
16641,Cirque du Soleil: Journey of Man,Cirque du Soleil: Journey of Man,"A child is born. We see underwater swimmers representing this. He is young, in a jungle setting, with two fanciful ""instincts"" guiding him as swooping bird-like acrobats initially menace, then delight. As an adolescent, he enters a desert, where a man spins a large cube of metal tubing. He leaves his instinct-guides behind, and enters a garden where two statues dance in a pond. As he watches their sensual acrobatics of love, he becomes a man. He is offered wealth (represented by a golden hat) by a devil figure. In a richly decorated room, a scruffy troupe of a dozen acrobats and a little girl reawaken the old man's youthful nature and love.",2000-05-05,39,en,Released,tt0213749,0.6489,7.097,31,False,False,/h2kFMJNhC9q1gL8YESKqW3yIouF.jpg,/6K6IrshUyD61GWrdwjtR0rUr4bs.jpg,https://cirquedusoleiljourney.com,,0,0,,
44244,Camp Rock 2: The Final Jam,Camp Rock 2: The Final Jam,"Mitchie can't wait to go back to Camp Rock and spend the summer making new music with her friends and superstar Shane Gray. But the slick new camp across the lake, Camp Star, has drummed up some serious competition – featuring newcomers Luke and Dana. In a sensational battle of the bands, with Camp Rock's future at stake, will Camp Star's flashy production and over-the-top antics win out, or will Camp Rockers prove that music, teamwork, and spirit are what truly matter?",2010-09-17,104,en,Released,tt1252380,2.5715,6.345,1567,False,False,/8RSdWqC259zR72Jjo6ANAM4ndhM.jpg,/tGgDjve3sY6me6JtefocFycCgyD.jpg,http://tv.disney.go.com/disneychannel/originalmovies/camprock2/,It's all about the music.,0,0,148055,Camp Rock Collection
69196,Brian's Brain: The Birth of Brian,Brian's Brain: The Birth of Brian,This short animation details Brian's birth and the travails of his early life without the top of his head.,1993-01-01,5,en,Released,,0.1318,,,False,False,,,,,0,0,,
71322,Platon,Платон,"Platon is completely at home in Moscow life. Successful, charming, and busy, he knows everyone in Moscow, and Moscow knows him. He makes money based on basic instincts. Contacts, connections, money, girls—he had it all. And everything was perfect until he met Lyubov.",2008-11-20,90,ru,Released,tt1202532,0.4934,4.5,20,False,False,/cqSdkPmsO1s4JYTlls96VLZgcWV.jpg,/kULyXHoZ3sF1gUmVtVCcTeSj4MN.jpg,,,2500000,5129300,,
79010,Britney Spears Live - The Femme Fatale Tour,Britney Spears Live - The Femme Fatale Tour,"Sexy. Slammin'. Outrageous. Hurl all the adjectives you want, but one word says it all: Britney. (Ms. Spears if you're nasty.) The Grammy-winning pop diva storms the stage with a fierce mix of fan-favorite hits and hot new tracks from her latest album, Femme Fatale, in this concert special taped before a sold-out crowd in Toronto. Whether you're in the market for bodacious dance moves, killer costume changes or that make-you-melt Louisiana drawl, Britney's bringing 'em all - bigger and better than ever.",2011-11-12,86,en,Released,tt2022347,0.8347,7.0,32,False,False,/1j5c7GwzS3YUwxq5fNCSgNSu3P2.jpg,/h0LvkqzLOk4B05ILhDI1BsOkboa.jpg,http://www.britneyspears.com,The Femme Fatale Tour,0,0,,
18779,Death on Demand,Death on Demand,"A college student convinces three couples to spend Halloween night in the house where a man murdered his family, then committed suicide.",2008-01-01,90,en,Released,tt0902274,0.3477,2.8,5,False,False,/k7FBcdbwtt6WRKmo7txo2Jvk3o8.jpg,/jlhPgZUfCgYFWLYJW0UWenC5eLt.jpg,http://www.evil-twins.net/,,0,0,,
78958,Vaanchinathan,Vaanchinathan,"Vaanchinathan, a straightforward policeman, is not allergic to exploiting the loopholes in the law to eliminate the criminals who have thus far not been punished by the judiciary.",2001-01-14,,ta,Released,tt15145976,0.3191,4.7,3,False,False,/e87AYobsbiEJvjGOnBQP8HVaiPf.jpg,,,,0,0,,
92752,Between Truth and Lies,Between Truth and Lies,"Looks like Dr. Claire Parker has a prescription for danger! This psychiatrist gets in way over her head when an obsessive psychopath comes after her and her teenage daughter. Dr. Parker will do whatever it takes to protect her child, but her best might not be good enough in this twisted psychological thrill ride.",2006-03-12,88,en,Released,tt0494274,0.5544,7.5,2,False,False,/miOqwj13JpNO4s9qOuUcx2rz6Rp.jpg,/6eQRaWhtZsdBGeDS7wimrA62OoU.jpg,,,0,0,,
47332,A Rather English Marriage,A Rather English Marriage,"A squadron leader and a retired milkman decide to bury their differences and move in together after they are both widowed on the very same night. They become a companionable if odd couple, until their unlikely friendship is threatened by the arrival of an alluring woman with a hidden agenda.",1998-12-30,104,en,Released,tt0164841,1.0585,5.5,13,False,False,/an5DlZwIDAmCmTF2RLqqralbdKB.jpg,,,,0,0,,
26202,The Stone Killer,The Stone Killer,A Los Angeles detective is sent to New York where he must solve a case involving an old Sicilian Mafia family feud.,1973-08-08,95,en,Released,tt0070736,1.6249,6.159,91,False,False,/4q5gLjMEfV0JV10KK59Lfp2kuX.jpg,/rzex8cHg1uDmlHy2AkDUs7IUbhA.jpg,,This Cop Plays Dirty!,0,0,,
70805,Sunday,Sunday,"Mistaking a homeless man for a famous director, a British actress seeks career help from him.",1997-05-01,91,en,Released,tt0120244,1.3903,5.0,12,False,False,/B3f0ZquyRdOrFyDHiF14L1SxZS.jpg,/b4A77oG27OGuquP73k2jM71VdTf.jpg,,,450,288,,
61983,El fantasma y doña Juanita,El fantasma y doña Juanita,"Fearing that her niece Rosita will abandon her true love and enter into a marriage of convenience, doña Juanita tells her the story of when, many years ago, she fell in love with an accountant who worked in a circus.",1945-03-31,65,es,Released,tt0036815,0.8734,4.2,5,False,False,/a9kqsXNKZiYkmWg51Ckp0pUKF8v.jpg,,https://videomercury.com/catalogue/film/?idpelicula=13611,,0,0,,
94134,The Man from Toronto,The Man from Toronto,"According to the terms of a will two strangers must marry.  Leila (Jessie Matthews) is an English widow, and Fergus (Ian Hunter) is a Canadian bachelor. Both are bequeathed a fortune, but there is a condition to receive it; the two must marry within a year. To aid matters, Leila disguises herself as Fergus' maid, and the two begin to fall in love. However, when Fergus discovers the truth, he is less than pleased by the deception.",1933-01-01,77,en,Released,tt0024298,0.7641,5.0,3,False,False,/hPYZ1UsyUFqOxvBRF2zfRNAGcwT.jpg,/7Eweh3bH2YBxvgK6LsjHXK8igwq.jpg,,"A joyously exciting romance, with a ""catch"" to it!",0,0,,
50177,Foreign Intrigue,Foreign Intrigue,"Millionaire Victor Danemore, living on the French Riviera, dies suddenly of a heart attack. His secretary, Dave Bishop, wants to know more about his employer's life. Surprisingly, not even his young wife knows anything about her husband's background or how he earned his fortune. Clues lead Bishop to Vienna and Stockholm, where he learns that Danemore was blackmailing people who cooperated with the Nazis during World War II.",1956-06-28,95,en,Released,tt0049224,1.3161,5.731,26,False,False,/cfRRV0paefuhmwiaBjnYpFStyYw.jpg,/gftEEZC5F76XBUBB8uOxqZJn14K.jpg,,Robert Mitchum is the hunted... Europe is the hunting ground!,0,0,,
57791,Micano,ميكانو,"Khaled Al-Shahawy is an engineer afflicted with a strange form of amnesia. Despite his illness, he nonetheless takes part in a design competition with the aid of a colleague whom he later develops feelings for.",2009-01-27,111,ar,Released,,0.4206,5.6,5,False,False,/kI53YApCRIEhjLGxu2kuLppxqRj.jpg,,,,0,785462,,
43150,Little Miss Marker,Little Miss Marker,"Big Steve Halloway, gambler and proprietor of New York's Horseshoe Cabaret, is in desperate need of money. He arranges for his fellow bookies, especially Sorrowful Jones, to each pay him $1,000 for his racehorse, Dream Prince, to lose. With all bets being placed at the window, Sorrowful encounters a gambler, having lost $500, wanting to place his bet but unable to come up with $20. Instead, he places his little girl, Marthy Jane, as security, or in bookie's terms a ""marker"". ""Marky"", as she comes to be known, winds up under the care of Sorrowful Jones and his lady friend, singer Bangles Carson.",1934-06-01,79,en,Released,tt0025410,1.0023,6.44,25,False,False,/eLt4sYP6fJLkac7ETgy9lL5Kl6J.jpg,/yWLMR2dZMMQLrPgkJaankQZJXNK.jpg,,,0,0,,
83811,The Daydreamer,The Daydreamer,"A young Hans Christian Andersen goes in search of knowledge in the Garden of Paradise in order to make his studies easier. Each time he falls asleep, he experiences in his dreams the different characters he would later write about in fairy tales including The Little Mermaid, Thumbelina, and The Emperor's New Clothes.",1966-06-01,101,en,Released,tt0060283,1.0477,5.083,12,False,False,/k7RiyeB5NccB2NgXtVFJXFiwe6Z.jpg,/v9Ir5A13tY49CE3q5Vfbmor3bwY.jpg,,"Before the Little Mermaid, there was...",0,0,,
30366,Leningrad Cowboys Meet Moses,Leningrad Cowboys Meet Moses,"After years of fame and misfortune in Mexico, the members of the Leningrad Cowboys decide to return to their native village. Their former manager Vladimir, who now calls himself Moses lead them on their way home.",1994-02-17,94,en,Released,tt0107384,0.4638,5.817,52,False,False,/pjozVQnmZKH0gKbPz8A8OIkkzH.jpg,/uUVo2qgILxmxQ8Msd5lIfjzHa5n.jpg,,,0,0,187736,Leningrad Cowboys Collection
77964,That Certain Woman,That Certain Woman,A gangster's widow fights for love despite society's disapproval.,1937-08-30,93,en,Released,tt0029650,1.2245,5.647,17,False,False,/xXYhUmpgwqXbmiykybxmJDA9IkJ.jpg,/sSvtKoV03AR22cOAfCyQgNthSHJ.jpg,,Love Broke Her Heart !,0,0,,
98169,Everyone Stares: The Police Inside Out,Everyone Stares: The Police Inside Out,"Stewart Copeland, drummer for The Police, compiles his Super 8 footage to offer an intimate look at what it was like to be a member of one of the most important rock bands of all time.",2007-03-31,74,en,Released,tt0492968,0.6625,6.75,6,False,False,/fplFilsQ1PKHBe4rZEvec209CpP.jpg,/fjJEA5S6qMprrjKMZXRe6bIVDUP.jpg,,,0,0,,
82057,Nero's Mistress,Mio figlio Nerone,"Nero is on holiday at the seaside. Poppea, Seneca and many other guests are with him. Nero is preparing a great show where he will be the star. When Agrippina, his mother, arrives with her German praetorians and decides Nero has to conquer Britain, she is asking for trouble. Many attempts of murder and poisoning will happen on the eve of his great show.",1956-09-13,88,it,Released,tt0049508,1.2639,5.767,30,False,False,/ef2iofxA3DSrnuyZZvTP9h4Ei5V.jpg,/xliRuIzyMEfufqvTcSeYYugxjnA.jpg,,The Bawdy Decadence of Nero's Rome...!,0,0,,
36489,Bride of the Monster,Bride of the Monster,"Dr. Eric Vornoff, with the help of his mute assistant Lobo, captures twelve men for a grisly experiment; His goal to turn them into supermen using atomic energy. Reporter Janet Lawton, fiancée of the local lieutenant, vows to investigate Vornoff's supposedly haunted house.",1955-05-11,70,en,Released,tt0047898,0.8335,4.392,130,False,False,/mk9uXv3MGHu2FGRAlqatMtGlk0z.jpg,/puQQOAvPiMg7TBr8HwDidtthmz7.jpg,,"More horrifying than ""DRACULA""...""FRANKENSTEIN""",70000,0,,
72874,ECW One Night Stand 2006,ECW One Night Stand 2006,"ECW One Night Stand (2006) was a PPV produced by World Wrestling Entertainment (WWE). It was held on June 11, 2006 at the Hammerstein Ballroom in New York, New York.  The main event was John Cena versus Rob Van Dam for the WWE Championship. The predominant match on the undercard was Rey Mysterio versus Sabu for the World Heavyweight Championship. Another match on the undercard was Edge, Mick Foley, and Lita versus Terry Funk, Tommy Dreamer and Beulah McGillicutty in a Hardcore Intergender match.",2006-06-11,210,en,Released,tt0791299,0.8301,7.7,10,False,True,/simuG3nWfByrSAKPw15Qq3obkT.jpg,/1E54qjeitVtci69sv6phPHTJvnK.jpg,http://www.wwe.com/shows/onenightstand,,0,0,,
22553,At the Circus,At the Circus,"Jeff Wilson, the owner of a small circus, owes his partner Carter $10,000. Before Jeff can pay, Carter's accomplices steal the money so he can take over the circus. Antonio Pirelli and Punchy, who work at the circus, together with lawyer Loophole try to find the thief and get the money back.",1939-10-20,87,en,Released,tt0031060,1.1888,6.396,96,False,False,/dJsDjHYfOemGvVtHTdivU0Tl0YK.jpg,/rpSDfj74SxkFdKP0SUSu3hV7YYs.jpg,,Keep the world laughing!,0,0,,
23159,The Talk of the Town,The Talk of the Town,"Hilarity ensues when a falsely accused fugitive from justice hides at the house of his childhood friend, which she has recently rented to a high-principled law teacher.",1942-08-20,118,en,Released,tt0035417,1.8035,7.319,127,False,False,/naMSxieb5cD1bGCu0rZ7zLJ6mtA.jpg,/imfdOMgteopHr3xslvSMlBPnZ7k.jpg,,Three people who make life more exciting... love more precious... laughter more joyous!,1000000,1100000,,
43388,King Solomon's Mines,King Solomon's Mines,Fortune hunter Allan Quatermain teams up with a resourceful woman to help her find her missing husband lost in the wilds of 1900s Africa while being pursued by hostile tribes and a rival German explorer.,1950-11-09,103,en,Released,tt0042646,2.3277,6.512,128,False,False,/s5T4Da7d3f255YRyaWfhMWfoBKK.jpg,/mZOrVI6HyFLpVVxAj6brA3LDEw.jpg,,Lovers trapped in animal stampede!,2300000,15057465,135508,Quartermain Collection
45118,Erosion,Erosion,"Haunted by a failing relationship, Gabe devises a risqué game for escape. He invites Irene to dinner at a lavish mansion. Unhappily married, Irene finds the temptation irresistible when Gabe invites her on a second date. To her surprise, she meets him at a humble suburban home. Playfully, Gabe admits that he broke into both houses for their trysts. A frightened Irene returns to her husband. Unable to make peace with his past, Gabe escalates his pursuit of Irene, who ultimately surrenders to the thrill of abandoning her life and having sex with Gabe in strangers' homes. House after house they push the limits, defying reality by living stolen lives. But is there really an escape from life? And how far can they go before their past catches up with them?",2005-09-13,100,en,Released,tt0377864,1.1965,3.5,4,False,False,/cWusI62yMfWQxlraOttIrTpZ4DS.jpg,,,,0,0,,
38349,Wilby Wonderful,Wilby Wonderful,"A day-in-the-life dark comedy concerning a group of islanders, their respective secrets, and one man's plan to kill himself quietly.",2004-09-13,99,en,Released,tt0383717,1.305,5.645,38,False,False,/swoPnOcgrVFHbKlOtG9N4n3zNZ0.jpg,/cHmXbVVxgvmND7wYIgxBNLW4sFK.jpg,,Everybody gets a second chance.,0,0,,
49114,$30,$30,A father buys his closeted son a night with a prostitute.,1999-01-01,20,en,Released,tt0212555,0.7941,6.308,13,False,False,/a6KNqcbdnylw7GPIKhKWu7PPIET.jpg,/eNmWipQZKx37wEVNp8jXIpd58gD.jpg,,,0,0,,
51212,I'm Losing My Temper,La moutarde me monte au nez,"Pierre is a clumsy, overly serious math teacher at an all-girls high school. His life is thrown into chaos after encountering a beautiful British actress and the paparazzi that follow her around.",1974-10-09,92,fr,Released,tt0071863,0.9977,6.031,98,False,False,/cOaaMaNXuKp6NpEFdGs6529pUdC.jpg,/a0Rt8J5LfQ64V5WI475bkF9DxL8.jpg,,"Laughter, misunderstandings and passion explode in an effervescent vaudeville.",0,0,,
3293,Pirates of Silicon Valley,Pirates of Silicon Valley,"The story about the men who made the world of technology what it is today, their struggles during college, the founding of their companies, and the ingenious actions they took to build up the global corporate empires of Apple Computer Inc. and Microsoft Corporation.",1999-06-20,97,en,Released,tt0168122,2.693,7.029,596,False,False,/rdAMdi7iFN7EP0zuaPp3mESBOH8.jpg,/vKgsqmYHdNjtyhQIUjXW88IPeI.jpg,http://alt.tnt.tv/movies/tntoriginals/pirates/frame_index.htm,The true story of how Bill Gates and Steve Jobs changed the world.,0,0,,
43856,The Rage of Paris,The Rage of Paris,"Nicole has no job and is several weeks behind with her rent. Her solution to her problems is to try and snare a rich husband. Enlisting the help of her friend Gloria and the maitre'd at a ritzy New York City hotel, the trio plot to have Gloria catch the eye of Bill Duncan, a millionaire staying at the hotel. The plan works and the two quickly become engaged. Nicole's plan may be thwarted by Bill's friend, Jim Trevor, who's met Nicole before and sees through her plot.",1938-06-09,78,en,Released,tt0030652,1.3278,5.85,20,False,False,/lkcecPOr93hqwgjJpFAjY68RWsr.jpg,/jI8CqKSbhN9TlRlgdXulWpf2EhA.jpg,,THAT'S PARIS IN HER EYES!,0,0,,
11337,Stardust Memories,Stardust Memories,"While attending a retrospect of his work, a filmmaker recalls his life and his loves: the inspirations for his films.",1980-09-26,89,en,Released,tt0081554,2.2033,6.929,462,False,False,/y1EHgpL2hMVRcr6tIOy7VGLxaPs.jpg,/phSIp0IbGhPgKyLduTnQ4z2IzsD.jpg,,Woody Allen in his most amusing and witty effort!,10000000,10389003,,
22941,The New Janitor,The New Janitor,"The hero, a janitor played by Chaplin, is fired from work for accidentally knocking his bucket of water out the window and onto his boss the chief banker (Tandy). Meanwhile, one of the junior managers (Dillon) is being threatened with exposure by his bookie for gambling debts unpaid. Thus the manager decides to steal from the company.",1914-09-14,12,en,Released,tt0004395,0.6207,6.2,58,False,False,/uNLLGGrmT3CxzIu30U6GAyzM67x.jpg,/1R5r2M844KLEkJ1RJDFfojJDu7l.jpg,,,0,0,,
73354,Phobia,Phobia,"A psychiatrist involved in a radical new therapy comes under suspicion when his patients are murdered, each according to their individual phobias.",1980-09-09,91,en,Released,tt0081334,1.1828,4.375,24,False,False,/5WgzICL2IIpFbsAPefmcuihcsaR.jpg,/nCevJRQSRjT8cypakUY10VWhzOo.jpg,,What happens when your Psychiatrist goes out of his mind?,0,0,,
56200,DNA vs The Book of Mormon,DNA vs The Book of Mormon,This documentary examines the genetic evidence of the claims of the Book of Mormon. Are the native Americans decedents of the lost tribe of Israel?,2003-03-20,53,en,Released,tt0401360,0.1654,7.0,1,False,False,,,http://www.lhvm.org/dnavs.html,,0,0,,
66699,Alice 5.0,Alice 5.0,,2011-03-28,,de,Released,tt1904834,0.0478,4.2,2,False,False,/d8pEeoMEdG6kEps88siucPfevEu.jpg,/rQe1b0wqWG0Ux3GqpWCGaWoQ32F.jpg,,,0,0,,
11715,If the Father and the Son,Wenn der Vater mit dem Sohne,"After Clown Teddy lost his son, he lost his gift for laughter. He opened a joke shop and lives above the shop. His landlady has had a foster son since birth, and Teddy decides to raise the child, who always believed that Teddy was his father. When the mother suddenly appears five years later and wants her son, Teddy decides to run away with the child and goes back onstage with his son. Will the family catch up with them, or will the mother never get her son back?",1955-08-01,95,de,Released,tt0048802,1.3231,6.556,18,False,False,/A9VYcos5R5kfm2qLoJUlHfZB6gi.jpg,/iJs2HTA10e6Adavdil9AcaERYRM.jpg,,,0,0,,
57909,The Circus Casablanca,Cirkus Casablanca,"Film about a pair of traveling entertainers and con-men and their problems with jobs, money and women. We follow them in a period there it goes downhill with engagements. It's hard for them to realize that entertainers of their kind are about to become extinct.",1981-02-27,93,da,Released,tt0080538,0.2745,7.357,7,False,False,/vdKVIqETTFaaXpSa2pRlYkAj1Rf.jpg,,,,0,0,,
72260,"Apat Dapat, Dapat Apat","Apat Dapat, Dapat Apat","Four women named Res, Gay, Dolly, and Brite who swore to be friends forever, become domestic helpers when they go over to another country. However, Res is beaten to death by her employers, making the other three worry because her husband gave her one condition if she comes with her friends: that she comes home safe, sound and alive. Brite, Gay, and Dolly decide to bring their dead friend Res home.",2007-10-10,98,tl,Released,tt1071213,0.5857,7.0,1,False,False,/nBawWDLzPjY6x09Kw3PP01jyZ4J.jpg,/wH19YM7DPJA6h5d1EJPuBgmHURS.jpg,,Friends 4 Lyf and Death.,0,0,,
57764,C Eriksson solo,C Eriksson solo,C Eriksson Solo is a theater act written and performed by Claes Eriksson. I this play will Claes discover the possibilities of a stage in a funny way.,2007-09-27,,sv,Released,tt2279164,0.0441,5.2,2,False,False,/iEBns0mRipTjvadij2CzhclVnxJ.jpg,/28up8Xt7e6qqA9FCuEd2wkDtnVM.jpg,,,0,0,,
36787,Zooey,Zooey,"Angel and Zooey are not your typical newlyweds. Zooey is a professional prostitute and Angel is a drug dealer. Yet they are not without hopes and dreams, of escaping their life in the streets and starting a new in a fresh painted cottage with picked fence, kid and a dog, in Manitoba, Canada, Life gets in the way however when their best friend gets in trouble with her pimp. They sacrifice everything to save her, including their own dreams.",2006-06-13,91,en,Released,tt0419286,0.321,4.75,8,False,False,,,,"If I've ever done anything bad, it's to myself. That's my choice.",0,0,,
12502,Silkwood,Silkwood,"Like most of the people in her town, Karen Silkwood works at the local nuclear plant producing highly radioactive plutonium. Exposed one day to a lethal dose of radiation, Karen faces the blank walls of corporate indifference and denial. As her illness increases, her protest grows louder and she becomes an obvious danger to the powers that be.",1983-12-14,131,en,Released,tt0086312,2.9019,6.939,347,False,False,/7Piz5R5dB6d7v1OWNaIn9GB4qZg.jpg,/6BQRfw8zkMrBIVDudpVZGyvEJDJ.jpg,,"On November 13, 1974, Karen Silkwood, an employee of a nuclear facility, left to meet with a reporter from the New York Times. She never got there.",10000000,35616970,,
92391,Sket,Sket,"When a young woman is cruelly and indiscriminately attacked by a notorious gang led by the violent Trey, her little 16 year old sister Kayla wants revenge and will stop at nothing to get it, even if it means joining a rival girl gang led by the volatile and damaged man-hating Danielle.",2011-10-28,83,en,Released,tt1658820,0.5376,5.1,32,False,False,/kJ6kIgPbcA6rUM0mduZZu49MYbd.jpg,/l0rHUQ38yZ4bhuUmi9t4MArsOkc.jpg,http://www.sketmovie.com,Man's World. Sister's Hood.,0,0,,
17601,Munde U.K. De,Munde U.K. De,This is the story of two British born Punjabi boys who visit Punjab for the first time and fall in love. They find it very difficult to win over the girls here because of their typical British attitude. It is very interesting to see how they adopt themselves to Punjabi traditions and win over the hearts of everybody. Their interaction with Punjabi youth is very entertaining as humor comes out.....,2009-05-08,149,pa,Released,tt1577854,0.3118,6.2,3,False,False,/tsdg6hoRAKtNxaX6IxL5lXcHeRl.jpg,/kMyWrO8fDfmviPDiEw8Ol4wdVrg.jpg,http://www.mundeukde.com,British by right! Punjabi by heart!,0,0,,
15465,Final Arrangements,Bouquet final,An American funeral director is recruited to a job in Paris.,2008-11-05,101,fr,Released,tt1134801,0.9485,5.5,52,False,False,/6cIiU63VTP0dOTrKvqwDuhPpzET.jpg,/dwZe5YW7jbkHiewUBqAQwDQRyJc.jpg,,,0,0,,
40003,Big Plans!,Store planer,"BIG PLANS follows the petty and irresponsible crook Willy, who has a massive fondness for music. Though he's 38 years of age he will not give up his lifelong dream of becoming a famous musician. When he gets paroled he therefore decides to revive his old band to prove to his eight-year-old son, Mikkel, that he isn't the failure everyone thinks he is.",2005-01-07,91,da,Released,tt0386802,0.722,5.038,13,False,False,/zTIRDsBPN3QuXgE1MBONFPI1dkr.jpg,/lahlFM8IqbmeTZugyXQB7GARLyd.jpg,,,0,0,,
22972,Green Zone,Green Zone,"During the U.S.-led occupation of Baghdad in 2003, Chief Warrant Officer Roy Miller and his team of Army inspectors are dispatched to find weapons of mass destruction believed to be stockpiled in the Iraqi desert. Rocketing from one booby-trapped and treacherous site to the next, the men search for deadly chemical agents but stumble instead upon an elaborate cover-up that threatens to invert the purpose of their mission.",2010-03-11,115,en,Released,tt0947810,4.7571,6.49,2361,False,False,/czFIaeukSxNEccysQeys1PCkuOG.jpg,/3EE9h3xYxIastf5xVLbezH3eGps.jpg,http://www.greenzonemovie.com/,Chief Warrant Officer Roy Miller is done following orders,100000000,94882889,,
49484,Sniffer,Sniffer,"A man wakes on the ceiling of his bedroom and breaks a lamp to alert his wife to his predicament. She puts on her heavy boots, unstraps herself out of her bed and uses a hook on a pole to drag him back down. The next day he goes to his job where he works as a deodorant tester, sniffing the armpits of exercising test subjects. On this day though, he faces an event that will change his life forever.",2006-01-18,10,no,Released,tt0800966,0.4034,6.0,14,False,False,/99VnE60YcBHjgf3I3fVuptmWQJY.jpg,/qBw4wK9SCbLtTYAgLSbLQndOykT.jpg,,,250000,0,,
30902,Bane,Bane,"Held captive in an underground prison by a sadistic sicko who fancies himself a surgeon, 4 women fight for their lives, knowing the exact time they're scheduled to die thanks to a crudely carved set of numbers on each of their bodies. None of them can remember how they got there, but if any of them figure out the secret to their imprisonment, they stand at least some chance of surviving.",2008-01-01,104,en,Released,tt0938284,0.4445,4.8,19,False,False,/kbA0b7yDDcDM0UCUCEVarJ5H0gu.jpg,,,An experiment in human suffering.,0,0,,
23471,Lil' Pimp,Lil' Pimp,"A comedy about a nine-year-old pimp, Lil' Pimp, who hustles his ho's around the neighborhood. Along with his Mom, Pop, pimpin' pals Fruitjuice and Nagchampa, as well as superfine ho's, Yam Basket and Honeysak, and his loveable pet gerbil Weathers, who has Tourette's syndrome, Lil' Pimp generates laughs, magic and brutal honesty.",2005-01-11,80,en,Released,tt0291311,1.4102,4.9,10,False,False,/7dPLofbivKbN7jGYXvcv8Ag11hf.jpg,,,Size Matters!,0,0,,
75175,Turn A Gundam I: Earth Light,劇場版∀ガンダムI 地球光,"Loran Cehack is a spy sent from the moon to scout out Earth, whom they plan to invade. He grows to love Earth as his true home and, after discovering a giant mech from the dark ages, he begins to defend Earth in the war. The year is C.C. 2345. Growing tensions between the Earthrace and Moonrace have spiraled into an all out war. Mankind's only hope for peace lies with a young Moonrace boy named Loran Cehack, and his mysterious Turn-A Gundam, a relic of a dark history which nearly destroyed the Earth centuries ago. As a citizen of the moon, Loran is loyal to the beautiful Queen Dianna Soreil, all the while fighting to keep the technologically superior Moonrace at bay as the pre-industrial Earthrace tries desperately to catch up.",2002-02-09,120,ja,Released,tt4130762,1.2694,5.8,10,False,False,/ghaJ05SzfGFhuPSaYVwcevO5kgr.jpg,/ufB3TfpzNpmkLvPgzdmnOsPFJ10.jpg,,,0,0,215614,Turn A Gundam Collection
41572,The Manor,The Manor,"The Manor, a dark funny version of Akira Kurosawa's "" Rashomon"". During a snowstorm, Patrick Roarke, a manservant, is found dead at the bottom of the main staircase in a gothic English mansion. Inspector Hatcher is sent to investigate the death. When he arrives, he finds a household consisting of five women. When questioned by the inspector, each of the women tells a different story, all of which are illustrated by flashback scenes showing the events as related by that particular person. Everybody seems to protect somebody and the inspector becomes increasingly intoxicated as he tries to untangle the web of lies in his endeavour to find out the truth.",1999-02-11,115,en,Released,tt0182306,1.1081,6.5,8,False,False,/uwUntnju2QXtBczIkjuSeuOg2LH.jpg,/uMqXesqGQa8PfhH7KfXXHwkeMhK.jpg,,,0,0,,
4910,The Man Who Haunted Himself,The Man Who Haunted Himself,"Executive Harold Pelham suffers a serious accident after which he faces the shadow of death. When, against all odds, he miraculously recovers, he discovers that his life does not belong to him anymore.",1970-09-17,88,en,Released,tt0066053,1.6519,6.142,74,False,False,/gItc85LIfLxRWo9foVTPwIgAB2S.jpg,/mVAmATeNx96oNH5lAxe9EbDcjGh.jpg,,Stalked by fear and terror… night and day!,525497,0,,
58601,WWE WrestleMania IX,WWE WrestleMania IX,"WWE WrestleMania IX was the ninth annual WrestleMania.. The event took place at Caesars Palace in Las Vegas, Nevada on April 4, 1993 and was the first WrestleMania event held outdoors.  WrestleMania IX was built around two main storylines. The first was the seemingly unstoppable Yokozuna challenging Bret Hart for the WWF Championship, a right he earned by winning the 1993 Royal Rumble. The other major storyline was the return of Hulk Hogan, who had departed the WWF following WrestleMania VIII but returned to team with Brutus Beefcake against the WWF Tag Team Champions, Money Inc.  Several reviewers have been critical of the event. The most frequent criticism has been related to the match between The Undertaker and Giant Gonzalez, Hulk Hogan's win, and the Roman togas worn by announcers. Both the pay-per-view buyrate and the attendance for the event dropped from the previous year's WrestleMania.",1993-04-04,166,en,Released,tt0252102,0.8271,6.32,25,False,True,/7WqdBZy3T9M1qnnnkwR9UWClmSt.jpg,/15asvOm4fuNpzaPJAsNqIQkG1p1.jpg,http://www.wwe.com/shows/wrestlemania/9,An Event of Epic Proportions,0,0,,
48746,The Christmas Party,Julefrokosten,"When Anders Bo begins his new job as a car salesman, he is given the special task of infiltrating the small competing car shop, Holger's Auto during their annual Christmas party and steal their customer file. As Anders Bo romps through the commotion and antics of the celebration, he realizes that his assignment in fact relates to an old family feud and that the odd and funny characters working there might have more to offer than meets the eye - especially Amalie, the beautiful daughter of the owner, Holger. In the middle of Christmas pudding and Christmas cheer Anders Bo suddenly learns to listen to his heart.",2009-11-13,86,da,Released,tt1365471,0.6957,4.5,17,False,False,/bBGVivV0G1dpPY03sOLrAjCOjFu.jpg,/kYLTMpw4LTrHPF1fSzdE4kIqVT4.jpg,,,3000000,0,,
40541,"Metallica: Live Shit - Binge & Purge, San Diego 1992","Metallica: Live Shit - Binge & Purge, San Diego 1992","Live concert from the ""Wherever We May Roam Tour"" tour. Recorded at the San Diego Sports Arena, San Diego, California, on January 13 and 14, 1992.",1992-01-13,200,en,Released,tt0202456,0.6556,8.563,16,False,True,/alDylCVfCXTQRLqcf0qMnHCARWq.jpg,/1MmSgAgyD6XvqO6FBBoPJFOY4U.jpg,,,0,0,,
36093,Behind the Sun,Abril Despedaçado,"Brazilian badlands, April 1910. Tonho is ordered by his father to avenge the death of his older brother. The young man knows that if he commits this crime, his life will be divided in two: the twenty years he has already lived and the few days he has left to live, before the other family avenges their son's death. He is torn between fulfilling his ancestral duty and rebelling against it, urged by his younger brother Pacu. That's when a tiny travelling circus passes through the vast badlands where Tonho's family lives.",2001-12-12,95,pt,Released,tt0291003,1.3175,7.354,130,False,False,/zkNQBhT8op04I1JYwRqNhjX4quD.jpg,/9fKYqsnqDKvu2vRgTzJMTfPeBoc.jpg,,,0,0,,
42067,1001 Nights,1001 Nights,"Presented in the form of a feverish love dream, 1001 Nights is the first and only installment of the ground-breaking ""Filmharmonic"" project, which presents original compositions created by pairs of A-list film composers and directors.",1998-04-30,23,en,Released,tt0193688,0.5088,6.783,23,False,False,/qLZVrwp60LW6e2kUFExMXTCyzWD.jpg,/1LiAjitqxu6xCaOZ8lQt310uYh6.jpg,,,0,0,,
