review_id,movie_id,author_name,author_username,author_display_name,author_avatar_path,author_rating,content,created_at,updated_at,review_url
5f8236b90284200038102cf1,41289,JPV852,JPV852,,/xNLOqXXVJf9m7WngUMLIMFsjKgh.jpg,4.0,"Not terribly well made, in fact the editing is at times atrociously jarring and the characters not developed all that great, with our main hero, Kai, early on takes on a street thug as a protégé before seeing, shocker, the guy was also an a-hole, beating up innocent civilians. Perplexing decision making. The film does give Bolo Yeung a bit more to do compared with Ironheart and there is one effective scene, in which he outright commits murder, but otherwise the martial arts fights are standard and the story could’ve use some tightening. **1.75/5**",2020-10-10T22:33:29Z,2021-06-23T15:58:45Z,https://www.themoviedb.org/review/5f8236b90284200038102cf1
53092ca4c3a36863b1002852,25563,John Chard,John Chard,,/utEXl2EDiXBK6f41wCLsvprvMg4.jpg,7.5,"Hostesses Arrested In “Clip-Joint” Murder. 

Marked Woman is directed by Lloyd Bacon and written by Robert Rossen and Abem Finkel. It stars Bette Davis, Humphrey Bogart, Lola Lane, Isabel Jewell, Mayo Methot and Eduardo Ciannelli. Music is collectively arranged by Bernhard Kaun, Heinz Roemheld and David Raksin, and cinematography by George Barnes. 

In spite of the film’s disclaimer put out at the pic’s beginning, Marked Woman is an adaptation of the real life case of Lucky Luciano, who the previous year was found guilty of compulsory prostitution after sterling work by U.S. Attorney Thomas E. Dewey. Ciannelli plays Luciano as Johnny Vanning, Bogart plays Dewey as David Graham and Davis is “madame” Cokey Flo Brown as Mary Dwight Strauber. 

Unsurprisingly for the time it was made, Marked Woman is a distinctly sanitised version of events, full of euphemisms and hinted at unlawfulness, with the beatings et al off camera. However, it still packs a punch, both in narrative thrust as the underworld shenanigans are brought to life, and as an acting curio to see the young Davis and Bogart bouncing off each other before their respective stars were about to be ignited with petroleum.  

Interesting aspect of the picture is that it is in essence a gangster movie, with a good guy/bad guy scenario at the core, yet it’s the women who rightly dominate the story. The girls are held up as bastions of hardship and heroism, and it gives the production a riveting edge, as well as some much needed glamour in amongst the sordid machinations. 

Well acted, well told and well interesting. 7.5/10",2014-02-22T23:03:00Z,2024-05-16T15:22:03Z,https://www.themoviedb.org/review/53092ca4c3a36863b1002852
68c93d1a08718ca140219508,50618,deepkino,deepkino,,/ighrBrJuNfBThJQqXzVFqZawpUO.png,,"In his desperate quest to find his girlfriend lost in the war, a young trumpeter from the Brest Fortress orchestra must battle through hell. He actively participates in and survives the horrors of the combat during his search.

When you are watching this film, you are instantly transported to the Belarusian Soviet Socialist Republic in the summer of 1941, thanks to the film's incredibly realistic scenes based on true events. However, it conveys more than just the battle; it shows the profound devastation that remained.",2025-09-16T10:34:02Z,2025-09-16T10:34:02Z,https://www.themoviedb.org/review/68c93d1a08718ca140219508
58f6839ec3a368413b002d17,18550,Dan_Tebasco,Dan_Tebasco,,,7.0,"A remake of of THE DEFIANT ONES (1958) with Sidney Poitier.

Although while the racial aspect of the plot was crucial to the original there is not really much of that in this one, and they added a bunch of JERRY BRUCKHEIMER'esque plotlines and sidecharacters to it. So yeah probably best to watch it as a standalone b-action movie merely inspired by it than a full on remake.

Laurence Fishburne is always worth seeing though and Stephen Baldwin is pretty entertaining in this one, plus smaller roles by Salma Hayek and Will Patton.

It could have had a better and stronger (characterwise) bad guy though he was pretty forgettable.

But all and all fairly entertaining, 6.5/10",2017-04-18T21:22:38Z,2021-06-23T15:57:56Z,https://www.themoviedb.org/review/58f6839ec3a368413b002d17
5d8b383e172d7f00274f1156,11522,John Chard,John Chard,,/utEXl2EDiXBK6f41wCLsvprvMg4.jpg,8.0,"You're ashamed to go out with me.

Andie Walsh (Molly Ringwald) is different to most kids at school. Being solely raised by her unemployed father, Jack (Harry Dean Stanton), and dressing in hand made clothes, she's very much from the wrong side of the tracks. It's tough in school as Andie and her pals are looked down on by the more wealthy students who make up the majority of the student body. With the prom on the horizon, Andie is feeling a little more bluer than normal, but hope comes in the form of Blane McDonough (Andrew McCarthy), a so called rich kid, who in spite of peer pressure asks Andie to the prom. This is something that alienates Andie and Blane from their so called friends.

As it turned out, ""Pretty In Pink"" was another in the line of John Hughes films that really hit the mark with the teenagers of the time. In fact it's fair to say it impacted with almost everyone who had suffered a less than straight forward climb through some angsty teenage years. It's not a perfect piece by any stretch of the imagination, for at times it's twee and at others a little trite, it is nevertheless a finely crafted piece that deals with teen perils and the ugliness of class division. Unfortunately the class divide is something that rarely gets associated with the pic, because focus tends to be drawn to the love story at its heart. Which is a shame, because although audience expectation will undoubtedly be met in that department, Hughes has plotted it nicely to make a valid point. There is also the real notable thread of the single parent here, where the single parent is a man and a man who is unable to break free of the escalating distress caused by the break up of his marriage to Andie's mother. The two best serious scenes in the film both involve the father/daughter axis, where both Ringwald and H.D. Stanton are simply terrific. Comedy relief comes in the form of Andie's best pals, Duckie (Jon Cryer our hero) and Iona (Annie Potts), with both characters neatly inserted into the structure of the piece. While the direction from Howard Deutch is careful and brings about reality based performances from the predominantly youthful cast.

Containing a kicking 1980s soundtrack from the likes of ""New Order"", ""Echo And The Bunnymen"", ""Orchestral Manoeuvres In The Dark"" and ""The Psychedelic Furs"", ""Pretty In Pink"" is a special movie on the CV of John Hughes. It will not be special to all comers, but for many, myself included, it strikes a mighty chord, one that was first heard back in the 1980's and for sure can still be heard today. 8/10",2019-09-25T09:49:50Z,2024-05-16T15:22:25Z,https://www.themoviedb.org/review/5d8b383e172d7f00274f1156
5ef8e7e8cffeed003903c943,11522,JPV852,JPV852,,/xNLOqXXVJf9m7WngUMLIMFsjKgh.jpg,7.0,"Enjoyable enough teen rom-com from writer John Hughes, though, and this only after my first viewing, not a favorite of mine of his. Still, for the most part I liked the core cast and thought it had its moments. However, this is near the bottom of John Hughes' brilliant career in the 1980s. **3.5/5**",2020-06-28T18:56:40Z,2021-06-23T15:58:39Z,https://www.themoviedb.org/review/5ef8e7e8cffeed003903c943
63fb508696e30b007bd14017,11522,CinemaSerf,Geronimo1967,CinemaSerf,/9HcQx0Yfbxy8eqr3ft66X9uWMf0.jpg,6.0,"The opening bars of the Psychedelic Furs' song are probably all that really lingers in the memory from this teenage romance; that and the cracking rendition of ""Try a Little Tenderness"" by the star of the film Jon Cryer's lovelorn ""Duckie"". The thrust of the plot revolves around the eccentric outsider ""Andie"" (Molly Ringwald) and her burgeoning romance with posh boy ""Blane"" (Andrew McCarthy) much to the chagrin of his odious pal ""Steff"" (James Spader). Now the latter man tried it on with her, but was given short shrift and so is now pretty disdainful of her to the rather drippy and spineless ""Blane"". Will they manage to get it all sorted out before prom (where we hear what has to be the 24"" version of OMD's ""If You Leave"" accompanied by some dancing that, well, just doesn't work!)? Cryer steals the film really, and along with the soundtrack of predominately British hits from the 1980s helps to deliver an amiable degree of nostalgia. It's still worth a watch, but it really has lost much of it's lustre now and shows just how little actual acting talent was around at the time - very much style and songs over substance",2023-02-26T12:28:54Z,2023-02-26T12:28:54Z,https://www.themoviedb.org/review/63fb508696e30b007bd14017
67d7db77191868c54ff1c2f0,47026,CinemaSerf,Geronimo1967,CinemaSerf,/9HcQx0Yfbxy8eqr3ft66X9uWMf0.jpg,7.0,"When they realise that their daughter “Mandy” (Mandy Miller) isn’t so responsive to sound, they take her to a physician who tells them that she is profoundly deaf, and will most likely never be able to learn to speak either. Parents “Christine” (Phyllis Calvert) and “Harry” (Terence Morgan) are determined to keep her with their family, so move into his parents large home in a still largely bombed out area of London. Her early years pose less of a problem for her caring family, but as she gets older and begins to become frustrated with her inability to react to the outside world and her playful contemporaries, they decide that perhaps some form of more formal education is required. They’ve heard good things of the slightly maverick “Searle” (Jack Hawkins) who is trying to use sonics to introduce the concepts of sounds to other children, and so they take her there. Never having been away from her parents though, she struggles to adapt - and that puts quite a strain on a marriage that is divided as to how best to proceed. This is one of those films that tugs at the heart strings. It’s not sentimental, nor is it melodramatic - it just illustrates how an ordinary family struggles to deal with the stress of having a child who has to live her life differently amidst a society that is unaware of her disability. Sometimes that puts her at greater risk, or requires a greater patience from those around her. That very relentlessness is captured well here by both Calvert and Morgan, and there’s also a sub-plot between Hawkins and his trustees (Edward Chapman) that demonstrates a clinical reluctance to challenge existing thinking and experiment with new methods. There is also a look taken at just how difficult is is for adults to maintain relationships when constantly frazzled, and at just how toxic gossiping tongues can be when nerves are frayed. Hats also have to come off to the young Miller, who delivers personably here and who elicits sympathy, yes, but also a degree of appreciation of her character’s own courage as she strives to conform without having the faintest idea what it is that she is “missing”. Thoughtful and at times provocative and it still has relevance seventy years later.",2025-03-17T08:21:12Z,2025-03-17T08:24:30Z,https://www.themoviedb.org/review/67d7db77191868c54ff1c2f0
5d1a083630aa31231dc6620e,17131,John Chard,John Chard,,/utEXl2EDiXBK6f41wCLsvprvMg4.jpg,7.0,"Hey, Rusty, Little Rubber Ball is back. I told you he liked the way we bounced him around.

The Glass Key is directed by Stuart Heisler and adapted by Jonathan Latimer from a story written by Dashiell Hammett. It stars Brian Donlevy, Alan Ladd, Veronica Lake, Joseph Calleia, William Bendix & Bonita Granville.

It's re-election time and tough guy politician Paul Madvig (Donlevy) falls for reform candidate Ralph Henry's (Moroni Olsen) daughter, Janet (Lake). Subsequently he throws his weighty support behind Ralph Henry's campaign and irks the underworld gangsters, notably Nick Varna (Calleia). When Ralph's son, Taylor Henry (Richard Denning), is murdered, it opens up a world of corruption, violence, romantic passions and shifty shenanigans. A world that puts Madvig's right hand man, Ed Beaumont (Ladd) firmly in the middle.

Hammett's tale had already been filmed in 1935 with Frank Tuttle in the director's chair and featuring George Raft, Edward Arnold & Claire Dodd as the principal players. Few can argue that, now, knowing how film noir became a force in the 40s, a remake was more than appropriate. Heisler's movie boasts a bigger budget, a better cast and crucially a better screenplay. However, the film in truth has problems, even though it rightly crops up as an example of early film noir on account of the thematics at work, where corruption and wealth blends seedily with sexual ambiguity and amoral deadpanning. 

One of the key reasons for why The Glass Key has proved so popular over the years, is because of some dynamite scenes and that Ladd's character is so wonderfully hard to read. Ticking away is a mystery to be solved in the middle of the plot, which is driven by a mysterious protagonist - with Ladd excellently playing it up. That Ladd and Lake would make four films together is testament to their chemistry, yet although the knowing looks and ease with how they share the same frame is telling here, the film as a whole is actually the weakest of the three film noirs that they made.

Casting aside the flat visuals (oh for an Alton, Ballard or Musuraca) - and that much of the political corruptness is put in the background of the whodunit structure - the film also falls flat due to the cop-out ending. Now it's true that many film noirs, and other devilish off shoots of such, have favoured a more ""hopeful"" ending, and have got away with it to a degree. Yet here it's practically unforgivable, given the tone and all round uneasiness of the previous narrative bents, a tone that's driven by Beaumont's amoral ambiguity lest we forget. 

Why the hard edge ending from the novel is not used I'm not too sure, but ultimately it's the wrong decision. Still, there's enough to enjoy here while it runs. The cast do great work, notably William Bendix as a pathetic hard man dealing out sado-masochistic beatings to poor Edward, and Donlevy who blends his ""Great McGinty"" character with old time mobster traits. While of course solving the whodunit is fun and thankfully no easy task.

It's said that The Glass Key influenced the likes of ""Yojimbo"" and ""The Big Sleep"", which if true? is high praise all told. But as entertaining as the film is, and it is, this really should (and could) have been much better, and its reputation in noir circles to my mind is a little flattering. 7/10",2019-07-01T13:18:46Z,2024-05-16T15:22:22Z,https://www.themoviedb.org/review/5d1a083630aa31231dc6620e
59f28d9a9251412230002662,38157,Gimly,Ruuz,Gimly,/xUObnJSvHrFPsIpoDmb1jiQZLq7.jpg,3.0,"Director Chris Angel needs to remember when he chops body parts off of his characters, to ensure that they don't still have them when the angle changes.

_Final rating:★½: - Boring/disappointing. Avoid where possible._",2017-10-27T01:36:26Z,2021-06-23T15:58:02Z,https://www.themoviedb.org/review/59f28d9a9251412230002662
5bafbc150e0a263a10002be5,9464,Wuchak,Wuchak,,/4KVM1VkqmXLOuwj1jjaSdxbvBDk.jpg,6.0,"Mostly tedious, but Ricci is adorable, “Heart of the Sunrise” is featured and the message is potent

An angry sad sack (Vincent Gallo) is released after five years in prison near Buffalo and proceeds to kidnap a cute girl at a ballet studio (Christina Ricci). She surprisingly agrees to go along with the charade of being his wife to fool his nutty parents. His sole ambition seems to be to kill a field goal kicker for the Bills who let him down five years earlier. Anjelica Huston, Mickey Rourke, Jan-Michael Vincent and Rosanna Arquette have brief roles.

“Buffalo ’66” (1998) is an offbeat indie written & directed by its star, Gallo. I only know him from Coppola’s “Tetro” (2009) where he proved to have an almost Brando-like charisma (I said “almost”). Ricci is one of the highlights here as she’s petite, voluptuous and adorable. Unfortunately, most of the episodes in the story could’ve been cut by one-third or even one-half. As it is, they become tedious, such as the loong segment at the parent’s house. But the final act wins the day with Yes’ “Heart of the Sunrise” placed strategically and a profound moral about the power of uncompromising love to change a piece of sheet.

The film runs 1 hour, 50 minutes and was shot in Buffalo, New York, and surround areas (Gowanda, Lackawanna and Woodlawn).

GRADE: C+/B-",2018-09-29T17:53:25Z,2021-06-23T15:58:12Z,https://www.themoviedb.org/review/5bafbc150e0a263a10002be5
64bb9ed985c0a200c8977c0a,9464,CinemaSerf,Geronimo1967,CinemaSerf,/9HcQx0Yfbxy8eqr3ft66X9uWMf0.jpg,7.0,"""Billy"" (Vincent Gallo) gets let out of prison and promises to bring his new wife to meet his mother. An hasty promise for two reasons. First - well, he hasn't actually got a wife and second - he is desperate to pee. Intent on sorting out the latter problem, he encounters ""Layla"" (Christina Ricci) whom he promptly thinks can solve his other problem, so he frog marches her to her car and hopes that she - by now at gunpoint - will agree to help him out. Risky strategy, that! Can it work out for him? Well what now follows is an entertainingly quirky road movie that sees the two gradually bond whilst we learn about both of their rather complicated pasts. It's not just his mother (Angelica Huston) that he wants to visit; he also has a score to settle with a bookie (Mickey Rourke) but maybe, just maybe, his new companion might adjust his priorities? This is a well paced, intimate movie and there is a good, almost magnetic, dynamic between Gallo and Ricci. The story is lively and engaging offering us an offbeat love story that is, though maybe a touch predictable, based more on two characterful performances rather than cheesy sentiment (of which there is none!) and gooey love scenes as they head for their own kind of redemption. Coffee and doughnuts anyone?",2023-07-22T09:18:17Z,2023-07-22T09:18:17Z,https://www.themoviedb.org/review/64bb9ed985c0a200c8977c0a
5f09185455bc350033236249,26189,Kamurai,Kamurai,Kamurai,/sKeC7qZLAKreuwxH4x6U3mN7Aa8.jpg,6.0,"Decent watch, probably won't watch again, but can recommend, particularly for younger audiences.

It's definitely inspired by Nancy Drew (they drop the name somewhere as a joke), but isn't one itself.

It's a good coming of age / identity story about investigating a mystery: it's somewhat funny, but the premise is that it's stuck up little rich kids (mostly) that have to get a taste of the real world.

Sadly, kids and adults, Lindsey Lohan pretty much carries the movie.  She does a good job but other actors really had a chance to stand out in this and just didn't.

It's not a bad movie, but really, there are other mystery movies, and I'd recommend ""Nancy Drew"" (Emma Roberts) or ""Nancy Drew and the Hidden Staircase"" (Sophia Lillis) over this.",2020-07-11T01:39:32Z,2021-06-23T15:58:40Z,https://www.themoviedb.org/review/5f09185455bc350033236249
580e424a9251416e120016de,30347,Reno,Rangan,Reno,/6ZpVUJzqXMzH35VprEtnX0sNI3.jpg,9.0,"**The best from the first three films.**

The third film in the Jesse Stone series which was based on the third book by Robert B. Parker. The most complete film, for me it is the best from the first three. You will find it a lot different than the previous two, it's filled with a lot of suspense moments till the last minute. I think retaining the same director so far for the series worked so well. It was just a 90 minute film, but feels it runs for very long and that is not in a boring way, but from the development wise, it is a well made film.

In a small town, like what Jesse says who he mostly gives out parking tickets gets a new case to get engaged. This time it is a death of the young teen girl whose body was washed up on the river's edge, but completely unidentifiable. Jesse follows where all the clues lead and after getting the details about the missing children around the town of Paradise, he moves on one step closer to identify the victim as well as to mark the suspect. But then again, the twist and turns brings more interesting aspect of the story and his big city experience comes into effect after his co-worker was badly hurt in a shootout.

In this, it was Mae Whitman as in a guest appearance, but it was too short as she stays for only a couple of minutes. The other one was Stephen Baldwin, whose character adds more flavour like abolishing one film one case kind of mindset in a cop theme. Because in the real police work, they deal multiple cases at a time.

In this, as well in the lead Tom Selleck was awesome. But while his character over obsessed with the case, the film reveals his psychological side of the desperation to bring the justice to the dead girl. Like the girl appearing in his dream and particularly in the station, he hallucinates about her which describes him in a completely different angle for a second. Besides, there's slight sentiments in it and so it also digs on his new romance interest for a school principal, but the Jesse is very clear on what he's seeking after leaving the LA that his job comes first.

> ""This job in Paradise is my last job. I get off the bus here.""

In some case, finding the suspect alone is not valid to prove someones crimes, so what this story's notion is to find the motive which automatically going reveals everything rest behind the crime. I think very smartly written story, I was fascinated by all the development like step by step how a death enquiry takes place. Released in the same year as the previous film, this is another wonderful detective film made for the television.

Solid performances, particularly Davis Viola and Kohl Sudduth who are the regular cast did not fail to deliver in their small screenspace. But I expected the big contribution, and I hope in the following film they would achieve that. So in this you are going to witness the Jesse's job commitment, his personal life was sidelined to a marginal. Particularly his ex-wife never calls which I thought kind of annoying in the first two films to taking over than the usual. Jesse does not drink in this, but can be seen him with a coffee mug in most of the parts.

If you like murder-mysteries, then this is the film to pick, but I suggest to go for the whole series, begin with the first. I have seen only three films, but I think it is worth giving a try. There's only small clichés like how the police department works, but the narration was very good with the full details. The pace was excellent against the strong story and the character developments. Jesse's courage was another highlight. He always takes risks his life, especially dealing the situation when men are armed and pose a serious threat.

Sure, the film will live up to anybody's expectations and also it can be watched by everyone. You probably have seen many cop films, but this is one of those must not miss. I'm happy for this part to focus on the child molestation topic. Like I said in my last review, so far so good and particularly standing up to this film's standard is quite what I'm looking for in the next one. Anyway, it won't too long for another review in the Jesse Stone series.

_9/10_",2016-10-24T17:18:02Z,2024-05-16T15:18:32Z,https://www.themoviedb.org/review/580e424a9251416e120016de
59633f01c3a368253c0d6072,83880,Gimly,Ruuz,Gimly,/xUObnJSvHrFPsIpoDmb1jiQZLq7.jpg,3.0,"See that tank on the front cover? It's a walking tank. That's not a spoiler you literally see that in the opening scene (a flash forward), so why would they not make use of that fact as promotional material? I guess, because, like the entire movie itself, its super dumb.

_Final rating:★½: - Boring/disappointing. Avoid where possible._",2017-07-10T08:46:57Z,2021-06-23T15:57:59Z,https://www.themoviedb.org/review/59633f01c3a368253c0d6072
62353246894ed60046735373,83880,Alex,yoshikagekira1999,Alex,/9Va8sD97fdztN0NSWD99c8lDyvm.jpg,4.0,"Super Shark, a 2011 Sharksploitation movie. It barely started and there's a badass tank mech with legs shooting a shark, kick ass!! But I can tell it's gonna be a doozy because it has a bad 90s style theme song. And of course what is a Sharksploitation movie without the bikinis and the perverts to gawk at them? But we're here for the sharks are we not?

Kat really steals the show in the movie I think. And of course Greg has binoculars and you know what he does with them. I thought the submarine actors did a good job too yaknow for a b movie. This Dynamite Stevens guy is too much I think but he's a plot device to get a bunch of women to twerk so I guess that's why he's in this.

And it's time for the poorly rendered CGI shark!  Mutherfuckin shark just eats everyone in one bite jeez. And why the reporter look like that? I mean she's a very stiff actor too not good at all. And finally the army gets involved in a monster movie! ""The Local Economy depends on it"" ah yes the most important thing for the government has to worry about when a super shark attacks.

HOLY SHIT!! The end fight is definitely the best part the tank fucking kicks the shark!!!! This movie has some rewatchability, especially the end fight.",2022-03-19T01:30:46Z,2022-03-28T19:26:00Z,https://www.themoviedb.org/review/62353246894ed60046735373
537f65560e0a2624c70051bc,52745,John Chard,John Chard,,/utEXl2EDiXBK6f41wCLsvprvMg4.jpg,5.0,"Old women always give me the creeps!

What do you expect from a film called The Leech Woman? It is by definition one of those sci-fi ""B"" movies strung together as a support feature that played whilst theatre patrons were still necking, chatting and eating etc.

Plot follows in the tradition of something like The Wasp Woman (1959), that plays on the theme of a woman striving to stay young as the advent of time catches up with her. Cue bonkers science, where here it involves a trek to the jungles of Africa to unearth the secret of eternal youth. Naturally things get very bent out of shape and pain and misery are sure to follow.

Thematically it has mixed messages, on one hand it dares to say, unappealingly so, that a woman is only viable for love and happiness by being young and beautiful. On the other hand it is possibly having caustic observations on the dangers of vanity? The makers intentions are not clear so really the viewers are left to their own devices on that one.

It's never scary and some of the latex effects work is poor and befitting the minuscule budget. While the first half hour feels awfully padded out. But all things considered it's not a bottom feeder of the genre, and actually would make a nice companion piece with The Wasp Woman. 5/10",2014-05-23T15:12:22Z,2024-05-16T15:22:06Z,https://www.themoviedb.org/review/537f65560e0a2624c70051bc
643ddfefd9403504b2fcc1f4,11596,Andre Gonzales,SoSmooth1982,Andre Gonzales,/ast1oGYDI7Li9daLuOV4UxGiXj.jpg,6.0,"Just an ok movie. Really good storyline though. Wes Craven is making another Freddy movie, but everything that happens in the making of the new movie, is happening in their real lives.",2023-04-18T00:10:23Z,2023-04-18T00:10:23Z,https://www.themoviedb.org/review/643ddfefd9403504b2fcc1f4
54c60fb0c3a3687929009f73,58857,Andres Gomez,tanty,Andres Gomez,,5.0,Much predictable and brutal. Just some action movie in which 13 guys kill by hundreds ...,2015-01-26T09:58:08Z,2021-06-23T15:57:31Z,https://www.themoviedb.org/review/54c60fb0c3a3687929009f73
606983a87f2d4a0029271240,58857,sakmode,sakmode,,,6.0,"Takashi Miike excels at creating true horror from the internal darkness of humanity and this is clearly evident in his brutal depiction of the villain of this movie, Lord Naritsugu. Through this characterization he establishes a strong motivation for us to stick around and witness the epic 45 minute battle at the film's climax in our hope to see Naritsugu brought to justice. Period Japan is depicted in a fashion that appears competent and authentic and the climactic battle is satisfyingly crunchy and visceral. The story is simple and direct and Miike's deft hand spends the first half setting up a truly despicable, hate-able villain and the titular assassins and their heroic leader, Shinzaemon, then the second half delivering a very satisfying come-uppance in a relentless fury of action, blood and mud. Well worth watching if you like this sort of thing!",2021-04-04T09:15:20Z,2021-06-23T15:58:53Z,https://www.themoviedb.org/review/606983a87f2d4a0029271240
6797487fdf4b0191ce2b0051,58857,CinemaSerf,Geronimo1967,CinemaSerf,/9HcQx0Yfbxy8eqr3ft66X9uWMf0.jpg,7.0,"Very much in the spirit of Kurosawa, Takashi Miike has assembled a strong cast to depict some fairly epic struggles for power in the 19th century Japanese shogunate. It's the brother of the Shogun who seems to be the source of the trouble. Having mercilessly murdered a family - against the instructions of his sibling - he has earned the enmity of veteran Samurai ""Shinzaemon"" (Kôji Yakusho) but with a significant political appointment in Edo looming, it would appear he is untouchable. It's the journey ""Naritsugu"" (Gorô Inagaki) must make through the densely forested countryside that might offer an opportunity for revenge, but he has the equally lethal Samurai ""Hanbei"" (Masachika Ichimura) orgainisng his large escort. With but a dozen men and the intrepid under ""Koyata"" (Yûsuke Iseya) to guide them along less trodden paths, this disparate baker's dozen must try to anticipate the path their nemesis will take and then strive to reduce the odds against them. These men are too honourable to resort to underhand guerrilla tactics so each battle must be fought openly and with the pride of their code. The last hour or so of this offers us as compelling a series of combat scenes, mixed with plenty of lithe action and even a little black humour, as you're ever lively to see. The energy and gymnastics on display is compelling to watch, the filth, mud and grime that coats their bodies add authenticity and the low-key soundtrack all build to an action-packed and by no means predictable conclusion. If you can watch on a big screen then this, like most films of this genre, really does come alive and Miike manages to avoid the repetition trap so easy to fall into with films like this. If you've seen and enjoyed the 1963 Kudô version, then this remake won't disappoint you.",2025-01-27T08:49:03Z,2025-01-27T08:49:03Z,https://www.themoviedb.org/review/6797487fdf4b0191ce2b0051
658972d8e295b431255834fc,2926,CinemaSerf,Geronimo1967,CinemaSerf,/9HcQx0Yfbxy8eqr3ft66X9uWMf0.jpg,7.0,"OK, so I never really did understand why Michael York succeeded, but here he makes for quite a decent ""D'Artagnan"". A country bumpkin who arrives in Paris determined to follow in his father's footsteps and join the king's musketeers. His first day is not auspicious, though. He ends up slated to fight three duels with ""Athos"" (Oliver Reed), ""Porthos"" (Frank Finlay) and 'Aramis"" (Richard Chamberlain). Luckily the Cardinal's guard intervene and soon the four are ""one for all...."". ""D'Artagnan"" ends up lodging with the cowardly ""Bonacieux"" (Spike Milligan) and his unlikely bride ""Constance"" (Raquel Welch) who is a dressmaker to the Queen (Geraldine Chaplin) who is treading a dangerous line between her marriage to the King (Jean-Pierre Cassel) and her love of British Prime Minister, the Duke of Buckingham (Simon Ward). None of this is unknown to the shrewd Cardinal Richelieu (Charlton Heston) who uses his two stalwarts ""Rochefort"" (Christopher Lee) and ""Milady"" (Faye Dunaway) to lay a trap that will rid him of not just the Queen, but also discredit the musketeers and leave the king squarely in his pocket! Tongues are firmly in cheeks here as this enjoyable adventure picks up pace from the get-go and with loads of characterful contributions from Milligan, the long-suffering ""Planchet"" (Roy Kinnear) and, personally, the always good value Frank Finlay. There's loads of lighthearted comedy, some pithy dialogue and all-in-all everyone looks like they are having a good time swashing and buckling, manoeuvring, seducing, plotting, swilling copious amounts of wine and... Funnily enough, it's actually Heston who comes across more the Thespian amongst the cast - his being the more earnest role, but Reed and Lee are up for the lark, and I was too. Enjoyable stuff, this!",2023-12-25T12:17:28Z,2023-12-25T12:17:29Z,https://www.themoviedb.org/review/658972d8e295b431255834fc
555192a992514172a5000b88,43259,John Chard,John Chard,,/utEXl2EDiXBK6f41wCLsvprvMg4.jpg,8.0,"The boys sign off with unbridled joy.

Malcolm Smith loves the movies and especially Anita Ekberg. Getting one of his lucky feelings, Malcolm buys a ream of raffle tickets to win a car. Sure enough he wins, but so does gigolo gambler Steve Wiley, who, not unsurprisingly has won by less than honourable means. Refusing to give out two cars, the promotion merely tells the men that they will have to share the car. Much to Steve's annoyance as he has debts to pay. So deviously he agrees to drive with Malcolm to Hollywood, planning to ditch him at the first chance he gets. Only he hadn't figured on Mr. Bascom, Malcolm's Great Dane who's along for the ride, and an encounter with the pretty Terry Roberts. Yep, it's safe to say this is not going to be an ordinary road trip.

With their relationship deeply fractured at this time (this was their last film together), it's something of a surprise to find that Hollywood Or Bust is one of the finest films that Dean Martin (Steve) and Jerry Lewis (Malcolm) made. Everything that made the duo so massively popular is in here, even into the bargain daring to cast a satirical slant to the whiles and trials of Hollywood itself. A lot of the credit has to go to director Frank Tashlin. Tashlin, who was also at the helm for arguably the boys career high point Artists & Models, keeps the whole thing zippy, steering the duo in a direction to which they simply could not fail.

Sure enough the humour is almost juvenile at times, and yes Dean of course croons and tries to bed the girl (a spiky Pat Crowley as Terry), but it's got such a sense of joy to it, the kind of joy that much like Artists & Models, can really lift the blues. Stand out songs from the Sammy Fain and Paul Francis Webster score are ""A Day in the Country"" and ""It Looks Like Love"", whilst it will be tough not to giggle at some of the antics of Mr. Bascom and the irrepressible Lewis, particularly with one particular movie parody. Anita Ekberg comes and joins in the fun later in the piece, just in time for the riotous carnage that you know is around the corner.

If the sight of a Great Dane driving a car is not funny to you? Well chances are you should avoid this film completely. But that would be a shame for it's a delightful film, brisk and cheeky, it's most definitely one that's in desperate need of reappraisal from the grumpy brigade because it's a real blues lifter. 8/10",2015-05-12T05:42:01Z,2024-05-16T15:22:09Z,https://www.themoviedb.org/review/555192a992514172a5000b88
52533f8319c29576090252b1,27936,Andres Gomez,tanty,Andres Gomez,,7.0,"Jeunet is faithful to his style. Nice and kind story, not close to Amelie but entertaining nevertheless.

The cast, in any case, is superb.",2013-10-07T23:10:59Z,2021-06-23T15:57:22Z,https://www.themoviedb.org/review/52533f8319c29576090252b1
68d6f011fe854a57b552fa14,27936,deepkino,deepkino,,/ighrBrJuNfBThJQqXzVFqZawpUO.png,8.0,"True to Jeunet's style, the film is filled with unique humor, a touching but gentle tragedy, and a wonderful atmosphere, making it a marvelous piece that feels like an animated masterpiece created with real people!",2025-09-26T19:57:05Z,2025-09-26T19:57:05Z,https://www.themoviedb.org/review/68d6f011fe854a57b552fa14
5eebae7681da3900344fc76a,11583,Wuchak,Wuchak,,/4KVM1VkqmXLOuwj1jjaSdxbvBDk.jpg,6.0,"_**Robbing a train of a shipment of gold in Victorian England**_

Written/directed by Michael Crichton and released in 1978/79, “The Great Train Robbery” was loosely based on the real-life Great Gold Robbery of 1855 that took place in England. Sean Connery plays the mastermind, Lesley-Anne Down his girlfriend and Donald Sutherland a safecracker with whom they team-up.

I generally don’t like caper films because the protagonists are criminals, but Crichton wisely makes the characters played by Connery and Sutherland likable rapscallions; meanwhile Down is babelicious, in particular in her jaw-dropping first scene. Crichton intentionally made the movie more farcical compared to his novel and I appreciated the wit and low-key humor. I didn’t expect to like this movie, but it won me over.    

The film runs 1 hour, 51 minutes, and was shot primarily in Ireland (Dublin, Bray, Cork & Moate), but also Pinewood Studios, England.

GRADE: B-/B",2020-06-18T18:12:06Z,2021-06-23T15:58:39Z,https://www.themoviedb.org/review/5eebae7681da3900344fc76a
6487d187bf31f2505882e932,11583,JPV852,JPV852,,/xNLOqXXVJf9m7WngUMLIMFsjKgh.jpg,8.0,"Seen this once before many years ago but decided to check out the new Blu-ray from Kino Lorber. A solid heist-thriller though what struck me was these thieves were stealing gold meant for British soldiers, so not exactly stealing from some corporation, and our lead played by Sean Connery had no issue murdering a guy. Even so, still found it entertaining and some suspense-filled scenes, among them a great sequence with Connery on top of a moving train. **3.75/5**",2023-06-13T02:16:39Z,2023-06-13T02:16:39Z,https://www.themoviedb.org/review/6487d187bf31f2505882e932
665c9dfe6be997c07ba0a90d,11583,CinemaSerf,Geronimo1967,CinemaSerf,/9HcQx0Yfbxy8eqr3ft66X9uWMf0.jpg,7.0,"I think it's Jerry Goldsmith's opening theme that gives a clue that we're in for some fun antics on the railways! That's confirmed when Michael Elphick chucks some would-be robber from the speeding carriage down an embankment where he lands at the feet of ""Pierce"" (Sean Connery). This bowler hatted gent wouldn't have been out of place in the Reform Club at the start of ""Around the World in Eighty Days"", so is a natural at another gentleman's club where the manager of a bank is bragging about their impregnable transfer of gold to pay the soldiers of the Crimea. Hardly patriotic, but ""Pierce"" has his eyes on this bullion and so with the help of girlfriend ""Miriam"" (Lesley-Anne Down) and cracksman ""Agar"" (Donald Sutherland) sets about doing the impossible - robbing a ton's worth of gold from a moving train. Each key to the safe is kept separately, so they have to use their guile and wits to find them, copy them, and return them without anyone suspecting! It's this series of escapades that is quite fun to watch whilst shining a light on the double-standards of the Victorian elite. Can they all get away with it? Well this is one of those charismatic ensemble efforts that makes you hope that they do. There's mischief a plenty, some precision thievery and quite impressive acrobatics from the nimble Wayne Sleep along the way too. Hats off to Sutherland though. What was he doing with that cat in the coffin?",2024-06-02T16:29:50Z,2024-06-02T16:29:50Z,https://www.themoviedb.org/review/665c9dfe6be997c07ba0a90d
64a41525d400f3012d44843b,950,Andre Gonzales,SoSmooth1982,Andre Gonzales,/ast1oGYDI7Li9daLuOV4UxGiXj.jpg,8.0,Just as good as the first. Really funny. All of these movies are good. Tough to do.,2023-07-04T12:48:37Z,2023-07-04T12:48:37Z,https://www.themoviedb.org/review/64a41525d400f3012d44843b
6568b28a63536a011b10a9a9,950,CinemaSerf,Geronimo1967,CinemaSerf,/9HcQx0Yfbxy8eqr3ft66X9uWMf0.jpg,6.0,"Now firm friends, mammoth ""Manny"", sloth ""Sid"", sabre-toothed ""Diego"" and mongrelly ""Scrat"" discover that their carefree days amidst the snow and ice are numbered... Things are getting distinctly slushy and they conclude that higher ground is a good bet before they find themselves needing galoshes. Their trek to dryness offers ""Manny"" a long-awaited opportunity when he meets ""Ellie"" - a girl mammoth who takes an instant dislike to him, indeed for some reason she thinks he's a possum! Clearly not the sharpest tusk in the drawer, but off we now go on a cheerful if predictable series of animated adventures with their irritating new buddies ""Crash"" and ""Eddie"" to mix things up and generally get on everyone nerves. Sadly, the latter two also began to get on mine after a while, and the narrative really does struggle to maintain the enjoyably mischievous storytelling of the first film. There are some fun scenes with a flock of vultures while ""Scrat"" and his acrobatic acorn antics still mange to raise a smile but this isn't a franchise that can easily evolve I think. The ""Ice Age"" (2002) film was too stand-alone; this one builds on characters and introduces new ones but unfortunately the underlying story just isn't as good. It's still an easy to watch example of some fine animator's art, and the script contains enough to engage folks of all ages for a decently paced ninety minutes of quite watchable, if maybe not memorable, prehistoric fun.",2023-11-30T16:04:26Z,2023-11-30T16:04:26Z,https://www.themoviedb.org/review/6568b28a63536a011b10a9a9
578d50269251413fa400c575,8656,talisencrw,talisencrw,,,6.0,"I was really disappointed, considering all of the great actors involved and since I love science fiction and the great disaster films of days gone by. I bought the DVD used and got my money's worth--it's a decent watch.

I would recommend watching if you like disaster movies or any of the actors involved, maybe even renting or buying the DVD used or for a really good price new, say for 5 bucks, but anything more would be wasteful or being ripped off.",2016-07-18T21:54:46Z,2021-06-23T15:57:49Z,https://www.themoviedb.org/review/578d50269251413fa400c575
57ecbacc925141356c005e34,8656,Patrick E. Abe,Otokichi786,Patrick E. Abe,,8.0,"A high school Astronomy club discovers a celestial anomaly, their advisor checks it, becomes alarmed at what he finds, and things shift gears. 
Not bad for a movie that made ""E.L.E/Extinction Level Event"" a popular phrase and made the naive public aware of The Danger From Space.

From there, seemingly unrelated events come to the attention of a novice TV reporter, culminating in an Apollo-Soyuz level cooperative near space mission.
The star-studded crew isn't worked very hard, even as the people are divided into two groups by lottery.

Nevertheless, Family is front and center, in many forms, from divided to nuclear to ""baby makes three.""
At least the audience wasn't subjected to a barrage of macho chatter that characterized ""Armageddon,"" but a out-of-this-world reading of ""Moby Dick."" 

Morgan Freeman's ""President Tom Beck"" does his best ""Abraham Lincoln"" in this film, which is one reason I watch this film when it is broadcast, even though I have the DVD. 8/10;)",2016-09-29T06:55:08Z,2021-06-23T15:57:51Z,https://www.themoviedb.org/review/57ecbacc925141356c005e34
64ec2b69c5c1ef00ad3e7709,8656,CinemaSerf,Geronimo1967,CinemaSerf,/9HcQx0Yfbxy8eqr3ft66X9uWMf0.jpg,5.0,"This could have been so very much better had director Mimi Leder focussed on creating either a decent science fiction film or an extinction event family drama, rather than this messy hybrid with too many slushy emotional sub plots. Téa Leoni is a television journalist assigned to investigate the resignation of a senior US Government official (James Cromwell) during which she discovers that a comet discovered a year earlier is on a collision course with Earth. President Morgan Freeman convinces her to hold off on broadcasting the story whilst they finalise their contingency plan - a joint Russo-American space craft called the ""Messiah"" charged with a mission to divert this monstrous chunk of rock from it's path of destruction. Robert Duvall manages to conjure up some sort of gravitas as the navigator of the ship but otherwise a good cast - on paper - including Maximillian Schell, Jon Favreau, a very young Dougray Scott and Vanessa Redgrave as her mother, all really fail to make any, well, impact! The effects are quite good but I'll bet they prayed they only had to shoot the finals scenes once!",2023-08-28T05:06:49Z,2023-08-28T05:06:49Z,https://www.themoviedb.org/review/64ec2b69c5c1ef00ad3e7709
64eb1366c5c1ef00c6528178,10684,CinemaSerf,Geronimo1967,CinemaSerf,/9HcQx0Yfbxy8eqr3ft66X9uWMf0.jpg,6.0,"What makes this film stand out (a little) is the intimate style of photography. The POV camerawork gives us a proximity to the story and characters that we rarely see. Sadly, though, the story itself is a little bit thin. Denzel Washington is tasked with investigating the worthiness of a deceased helicopter pilot during the Gulf war to receive the medal of honor. Assuming it would be a routine ratification, he interviews her crew only to find discrepancies and inconstancies that cast a shadow over the whole procedure. Had this just been a routine wartime tale, then it might have been ok - but the fact that it is based around a real wartime scenario, and married together with that sickly trumpet-based pseudo-military score and an annoyingly ""Semper Fi"" sort of mentality, the whole thing just sinks down into a mire of absurdity and sentimentality. Neither Denzel Washington nor Meg Ryan really have the weight to give this film any bite, oomph - or, for that matter, plausibility. Matt Damon makes some impact but I couldn't quite decide whether that was because he was good, or because it was interesting to see him before stardom set it in - but either way, this is pretty much devoid of action, and the dialogue could have been written by the US Army recruitment office. They all look great in their uniforms, though!",2023-08-27T09:12:06Z,2023-08-27T09:12:06Z,https://www.themoviedb.org/review/64eb1366c5c1ef00c6528178
5327710bc3a368315e0010a5,96631,John Chard,John Chard,,/utEXl2EDiXBK6f41wCLsvprvMg4.jpg,7.0,"Piggy in the middle of film makers trying to make a living.

Piggy is written and directed by Kieron Hawkes. It stars Martin Compston, Josh Herdman, Neil Maskell, Louise Dylan and Paul Anderson. Music is by Bill Ryder-Jones and cinematography by James Friend 

When his brother is killed by thugs, Joe (Compston) is persuaded to mete out vengeance by his brother's friend, Piggy (Anderson).

Piggy, not exactly a great title really, is a good film, it really is. That is if one can skip back nearly 20 years and embrace the idea at its core all over again. We see it a lot these days, good films from the independent side of cinema shot down in flames by critics, both professional and amateur, because there is no originality on show. And even when a new twist is added to a staple genre, it stands no chance of gaining a weighty amount of critical support.

Piggy is far from flawless, I would be surprised if writer and director Kieron Hawkes was on record as saying that is the case. It's a film that will always suffer by comparison to a couple of huge critical darling movies that came out of America and the UK previously. I will not mention them, because that pretty much spoils the core of Piggy, something so many amateur reviewers and message board posters fail to grasp. But I grumpily digress...

Piggy is a violent picture, much like its lead protagonist in fact, but in amongst the blood and bone crunching, there's smart narrative splinters about alienation, fear of society, fear of violence and yes! Fear of finding the dark half of yourself taking over. So nothing new there of course, especially in British cinema during the gritty realism wave that has become something of a forte in my lifetime. But they are there and shows the film to have more to offer than merely being yet another London based stabathon.

Cast are good, with Compston once again proving to be a very under rated actor capable of really tuning into the art of under playing a role with confusion and sincerity of conflicting emotions. Anderson is scary as the title character, if a touch too cartoonish, while Maskell shows no signs of wanting to break free of the hard-man typecasting that now defines his career. Friend's cinematography is sometimes guilty of being too murky, and the ""metallic"" colour lenses favoured on occasions are a mistake since it's not a sci-fi or neo-noir movie.

Yet for all its inherent flaws and rawness, and the fact it owes its very being to other more lauded productions, Piggy should not be discounted as being a viable British slice of grit. The blood hounds are catered for, and those with a bent for the tints of emotionally damaged characters should definitely consider viewing this. It deserves better than its current internet rating and Kieron Hawkes, clearly a work in progress, might just be someone for British film fans to keep an eye on. 7/10",2014-03-17T22:02:51Z,2024-05-16T15:22:03Z,https://www.themoviedb.org/review/5327710bc3a368315e0010a5
66d95491710621638efcc0f1,64214,CinemaSerf,Geronimo1967,CinemaSerf,/9HcQx0Yfbxy8eqr3ft66X9uWMf0.jpg,4.0,"I was actually half expecting Lionel Jeffries to emerge in this truly daft, but oddly enjoyable, sci-fi yarn. His namesake Lang (""Maj. Rhodan"") is tasked with leading a top secret mission to the moon. Upon arrival, his team must try to assist a visiting alien ""Crest"" (John Karlsen) who has leukaemia and his fellow traveller, the rather mean ""Thora"" (Essy Persson). They must get him treated back on Earth whilst avoiding killer robots and an even meaner fifth-column operation designed to eliminate both visitors. The effects are basic and pretty rotten, though still fun to watch; the robots about as menacing as a wet haddock and the dialogue - well that's straight off a corn flake box. It's just about as derivative as any film you will ever watch - it's an amalgam of half a dozen other stories that ensures there's not one scintilla of originality, apart from, perhaps, some new functions on the remote control and a flying jeep! It's way, way too long and the score is synthesised to within an inch of it's life. It is not the worst, but you can see that clearly from here...",2024-09-05T06:49:53Z,2024-09-05T06:49:53Z,https://www.themoviedb.org/review/66d95491710621638efcc0f1
62b7f0fb19690c0061c525a0,44530,CinemaSerf,Geronimo1967,CinemaSerf,/9HcQx0Yfbxy8eqr3ft66X9uWMf0.jpg,6.0,"Tyrone Power makes for quite a stylish hero in this tale of a young boy ""Ben"" (initially played by a young Roddy McDowell) who is dispossessed of his rightful inheritance by his avaricious uncle ""Sir Arthur"" (George Sanders). His childhood just one long grind under his uncle's unkindly boot, he stows away on a ship to the South Seas where, with his shipmate ""Caleb"" (John Carradine) they amass a fortune in pearls before a passing Dutch frigate takes him home again, this time wealthy enough to challenge his previous persecutor and claim his title, estate and his girl - the daughter of his unscrupulous uncle - ""Isobel"" (Frances Farmer). It's a bit sluggish at times, this - but a few fun cameos from Elsa Lanchester and Dudley Digges as the wily ""Benjamin Pratt"" lead us nicely to quite a lively bit of fisticuffs and an ending that is really quite fitting.",2022-06-26T05:39:07Z,2022-06-26T05:39:07Z,https://www.themoviedb.org/review/62b7f0fb19690c0061c525a0
5d7cbaa8eb14fa001224f659,32060,John Chard,John Chard,,/utEXl2EDiXBK6f41wCLsvprvMg4.jpg,7.0,"I have seen the Golden Palace of the Himalayas. Puberty is over! Onward and upward! 

Brighton Beach Memoirs is directed by Gene Saks and adapted to the screen from his own play by Neil Simon. It stars Jonathan Silverman, Blythe Danner, Judith Ivey, Bob Dishy, Stacey Glick, Lisa Waltz and Brian Dillinger. Music is by Michael Small and cinematography by John Bailey.

This is the first of what would become a trilogy of films detailing the adventures and learnings of Neil Simon's life trajectory. His alias in the three productions comes in the guise of Eugene Morris Jerome, here played by Silverman, and by Matthew Broderick in Biloxi Blues (1988) and Corey Parker in Broadway Bound (1992). This is set in 1937 Brooklyn, New York, and finds Eugene, a Polish-Jewish American youngster experiencing sexual awakening in a family home packed to the rafters.

Having never seen a Neil Simon play before I have no frame of reference, either here or with Biloxi Blues, the latter of which is a personal favourite. So taking it on its filmic terms only, it delivers much of the requisite razor sharp humour that was a trait of the hugely talented writer. The young version of Eugene here has sporting dreams as well as that of being a professional writer, his literary bent evident in his vocal discourse with his family and us on the fourth wall. He's the family gofer, a slave to his adoring but firm handed mother, as if battling the on-set of puberty wasn't taxing enough! 

Though primarily humourous in narrative drive, the serious side of family values is always a strong current within. Gambling addiction also features, so to does vivid sibling rivalry later in life, while the dangling thread of Polish family members trying to exit their homeland for a better life in New York strikes a poignant chord. I can't vouch for accents or adherence to natural race standards, but the sense of the period and areas (real location filming of course) is impressive - the cast uniformly tight to the material's various themes.

Obviously not for everyone, but for those not bothered by closeness to the play, and those who love the sort of zingy dialogue found in other Simon film adaptations, then this hits the spot for sure. 8/10",2019-09-14T10:02:16Z,2024-05-16T15:22:25Z,https://www.themoviedb.org/review/5d7cbaa8eb14fa001224f659
5d7e2b66f0647c06629cc69b,27443,John Chard,John Chard,,/utEXl2EDiXBK6f41wCLsvprvMg4.jpg,9.0,"July 4th and the town of Silver Lode is about to be defined.

Silver Lode is directed by Allan Dwan and written by Karen DeWolf. It stars John Payne, Lizabeth Scott, Dan Duryea, Dolores Moran and Emile Meyer. Music is by Louis Forbes and cinematography by John Alton.

Dan Ballard (Payne) is a respected resident of the town Silver Lode, but on his wedding day Marshal Fred McCarty (Duryea) rolls into town looking to arrest him, accusing him of having murdered the Marshal's brother. The townsfolk refuse to accept the charge and stand up for Dan, and Dan loudly protests his innocence, but once suspicious mud is thrown it begins to stick and soon Dan finds himself running out of friends and is therefore forced to prove his innocence.

Two things always pop up when the film Silver Lode is spoken about, one is the similarities to High Noon, the other is the veiled allegory of Senator McCarthy and his witch hunts. These are two things which are hard to ignore, though as a ""British"" lover of Westerns myself, the McCarthy politico aspect doesn't really resonate, but Silver Lode deserves to primarily be known for being the damn fine Western that it is.

Fickle mob rule and knee jerk reactions drive Silver Lode forward, it's a thematic powder keg ignited with some skill by the prolific Dwann. Aided by the supremely talented Alton, Dwann achieves so much mood and tension from a small town set up, this is never dealing in expansive vistas, its primary goal is to suffocate Dan Ballard. Where once was freedom and love, now is a place closing in on him, with the story moving into a noir realm as Dan becomes a man whose past is proving to be inescapable. Then there is fate, another big noir ingredient, which has a big part in proceedings as events conspire to make Dan seem more of a guilty man the harder he tries to prove his innocence!

It's a lean and mean screenplay, devoid of filler and characterisations are colourful. Payne makes for a good put upon hero, his Dan Ballard as written is stoic and tough, and resilience needs to be his middle name. Duryea does another in his great line of weasels, and here he is wonderfully cloaked in suspicion from the off. Tagging behind him are his three equally suspicious cohorts (played by Stuart Whitman, Alan Hale Junior and Harry Carey Junior), while the upstanding town elders (Sheriff, Judge, Reverend) have time to make a mark before the fragile nature of small town justice begins to take a hold - and the clock is ticking down on Dan Ballard's life.

Most impressive is the influence on the story of the lady characters, so often a token interest in the ""B"" Westerns of the 50s. Deftly perched on either side of Ballard, the femmes are key characters in the piece. Rose Evans (Scott) is virtuous, brightly attired in white, she's the town sweetheart who Dan is set to marry, the question is will her loyalty to Dan remain? Dolly (Moran giving the best performance in the film and getting all the best lines) is a slinky saloon gal, in purple frills and with a tongue as sharp as a scorpion's sting, she still carries a torch for the unobtainable Dan.

Alton's colour photography is most appealing but we don't see the best of his work until the finale inside the town church. With clever use of light, shadows and colour enhancements, Alton is able to sum up the whole tone of the story in this segment. As for if the finale is worth the wait? It is, but it's a little mischievous. Certainly it's interesting, a quirk of fate again playing a hand as two men do battle in the church bell tower. Notably there's a religious angle dropped into the narrative, but I'm at a loss as to why that would be the case? Still, it's a very small irritant, for this is a cracker of a Western, a lesson in achieving big things from such small beginnings. 8.5/10",2019-09-15T12:15:34Z,2024-05-16T15:22:25Z,https://www.themoviedb.org/review/5d7e2b66f0647c06629cc69b
66ac23da1e08658b2044b353,9357,r96sk,r96sk,,/mwR7rFHoDcobAx1i61I3skzMW3U.jpg,7.0,"The ending underwhelms slightly, though <em>'One Hour Photo'</em> is still worth a watch.

As great as Robin Williams' comedy is, I like the idea of seeing the guy act more serious - and he certainly did so in this 2002 release! The film starts are very strongly, I really enjoyed the vibe that was building. Williams plays a creepy character very well, while the rest of the cast - namely Connie Nielsen - support ably.

The movie does a drag a tiny bit the longer it goes on, despite only having a run time of around 90 minutes, and the conclusion didn't have as much of an impact as it should've. Still, I definitely got enough out of this one thanks to some good atmosphere building and a competent Williams performance.",2024-08-02T00:10:02Z,2024-08-02T00:10:04Z,https://www.themoviedb.org/review/66ac23da1e08658b2044b353
589c438492514124220038ca,37786,ohlalipop,ohlalipop,,,6.0,"f course we've been anticipating this movie. From the success of the HBO series to the success of the first movie, we can't help but expect more from this movie. It was a big mistake. There should be no expectations. 


The movie all in all was okay. Just okay. It was 2 and a half hours. The clothes were awesome of course. But then sometimes I can't help but think, it's too awesome for the place you're in to be wearing it. My favorite part was the wedding. It was fun and so gay which was awesome. The plane and the hotel was amazing. There were several ""WOWs"" in the theater and I'm sure we're all thinking of the same thing: ""I wish I have a friend like Samantha"" or ""I wish I can also do that for free"". But then after a while, you can't help but  think: this is too much for this movie. It's like not sex and the city anymore. I mean they're not having sex (or they can't because they're in Abu Dabi) and they're not even in the city. The title should've been ""Sex and the City goes to Abu Dabi"" or ""Carrie and the Girls Goes to Middle East"". It doesn't make sense anymore. 


But I don't really mind watching it again. The clothes, the purses and especially the shoes are the only things that I love looking at in this movie.",2017-02-09T10:25:08Z,2021-06-23T15:57:53Z,https://www.themoviedb.org/review/589c438492514124220038ca
5a8d38410e0a267c6b004729,14072,TheTenth,TheTenth,,,,"Surinder (Shah Rukh Khan), a 40+ shy guy, comes to visit his professor. His daughter Taani (Anushka Sharma) is soon to be married, the father presents him as his favourite student, but as a young energetic woman she doesn't even see him. Tragedy strikes as the future husband is killed in a car accident. The father is devastated and sent to the hospital. He asks for Surinder and Taani and makes them promise to get married so that she is taken care of by someone he trusts. Taani comes to live with Surinder but barely speaks a word to him, despite his extreme gentleness and attempts to make her laugh. One day she comes on an advertisement for dance lessons. She asks Surinder to do it. He doesn't care about it at first, then accepts. He sees improvement in her mood, but she doesn't open to him. He then disguises to get into the dance lessons, but the school gets into a dance competition and couples are (randomly?) chosen.

I saw maybe 300 Bollywood movies, most being romantic comedies. This one begins as a drama, then the mood gets lighter as the movie goes on. The characters are very likeable from the start, and the story development is mostly slow to allow to know them better. The scenery is only the small town they live in, so nothing fancy there, only the dance course is somewhat more colored, and improves a bit as the tension grows.

But what makes the movie is the stunning performance of SRK, playing both a shy guy in a strange situation and the bold dancer trying to warm Taani's heart. And Anushka Sharma (in her first role) is totally stunning, she plays this broken young woman in such a moving way, either very sad, a bit angry, lost among other people ...
A special sequence with lots of guests (Kajol, Rani, Bipasha, Lara Dutta ...) brings a happy moment.
Very recommended.",2018-02-21T09:13:37Z,2021-06-23T15:58:05Z,https://www.themoviedb.org/review/5a8d38410e0a267c6b004729
5cc548980e0a263743ec1b58,43494,John Chard,John Chard,,/utEXl2EDiXBK6f41wCLsvprvMg4.jpg,9.0,"You’re driftwood, floating underwater.

The Enchanted Cottage is directed by John Cromwell and adapted to the screen by Herman Mankiewicz and DeWItt Bodeen from the play of the same name by Arthur Wing Pinero. It stars Dorothy McGuire, Robert Young, Herbert Marshall and Mildred Natwick. Music is by Roy Webb and cinematography by Ted Tetzlaff.

Once a play it had been adapted to the silent screen previously in 1924, latterly it would also be adapted to radio plays and remade on the big screen in 2016. Pinero's literate leanings for message fantastical is ripe for transference to the visual form, and thus with a slight itch about moral standpoints, this filmic version is a pure heart warming delight.

Story finds McGuire as a homely house maid type and Young as a disfigured and disabled GI, who meet at the cottage where McGuire works and in spite of their perceived ugliness see only beauty in each other. Could the romantic spirit of the cottage really make them see what others do not?

Lets get over that itch to scratch first and foremost. Without doubt this is morally dubious when McGuire's character is believed to have a self-conscious handicap because she's dowdy? Really? Of course the daft irony is no matter how they dress her - clothes and hair - or how they light her (Tetzlaff does great work in this), McGuire is still beautiful. So you have to forgive this out dated piece of nonsense. That aside though...

The story sells itself, pure of heart in pitching two people on a course of love, all set to a dreamy back drop of the quaint cottage which appears to have a magical glow to it. As the romantic majesty of Webb's musical score floats elegantly over the tale, we are given a story that's fantastical to the point where it could have ended up as a Twilight Zone episode later on down the line - which is definitely meant as a high compliment.

This is escapist beauty, a pic for those who have ever loved, or in search of love, lost love and etc, but mainly for those who don't quite have the hope for human company to lift the spirits, those who feel for whatever reason they don't fit in society. This is wistful magic that's superbly performed by the four principal actors, each guided with skilled hands by Cromwell (The Prisoner of Zenda). Enchanting is in the title and that's exactly what this film is, so get in the right frame of mind and fall under its spell. 9/10",2019-04-28T06:30:48Z,2024-05-16T15:22:21Z,https://www.themoviedb.org/review/5cc548980e0a263743ec1b58
591ca006925141485e00f7bb,55576,John Chard,John Chard,,/utEXl2EDiXBK6f41wCLsvprvMg4.jpg,6.0,"The name is Cable, and this is my home!

Last Stand at Saber River is directed by Dick Lowry and adapted to teleplay by Ronald M. Cohen form the novel of the same name written by Elmore Leonard.It stars Tom Selleck, Suzy Amis, Tracey Needham, Keith Carradine, David Carradine, Haley Joel Osment and Rachel Duncan. Music is scored by David Shire and cinematography by Ric Waite.

""Texas 1865. The war between the States continues to rage. Texas remains deeply committed to the Confederate cause.""

Nicely mounted Oater from the tail end of the Civil War, Last Stand at Saber River does, however, suffer from predictability. Selleck is Paul Cable, who is back from fighting for the Confederates in the war, he finds that his family thought he was dead and his homestead has been claimed by Union men. A feud ensues between Cable and the Kidston family, while Cable and his wife Martha (Amis) struggle to reform their love in a haze of confusion and bitterness. Cue some Western movie staples that file in and out of the plot and a finale that turns on an unlikely character switch around. 

There's something wrong with this valley. The war's over but the killing don't stop.

Characters are nicely drawn, though, with the script allowing some mature conversations and themes to be born out within the plot. The New Mexico locations are nicely photographed by Waite, and the colours are unobtrusive and keep the feel authentic. Selleck manfully carries the film on his tall frame, he looks the part and conveys great acting skills with face and body. Rest of cast are up to a required TV Western standard, with Amis standing out by expertly portraying guts and emotional turmoil without histrionics. 

A good and safe time filler for the Selleck and TV Western watchers, but it really doesn't linger in the memory once the predicted ending has closed. 6/10",2017-05-17T19:09:58Z,2024-05-16T15:22:16Z,https://www.themoviedb.org/review/591ca006925141485e00f7bb
67d7f25085d13921b5015e06,80216,CinemaSerf,Geronimo1967,CinemaSerf,/9HcQx0Yfbxy8eqr3ft66X9uWMf0.jpg,7.0,"With the thrones of Great Britain likely to head into Hanoverian hands following the death of the last Stuart queen, Anne, there is quite a bit of jostling going on at the court of the Elector (Frederick Valk). He decides to marry his son “Louis” (Peter Bull) to the young “Sophie” (Joan Greenwood) and with the assistance of his manipulative wife (Françoise Rosay) hopes to take pole position for this plum of an inheritance. Thing is, the newlyweds don’t really get on and after delivering two children, “Louis” spends most of his time carousing and womanising whilst his wife stays at home, dutifully. Meantime, the manipulatrix “Countess Platen” (Flora Robson) excels at pulling the strings and she takes a shine to visiting Swedish Count “Konigsmark”. She’s used to getting her way and he’s no slouch when it comes to ambition, so initially their alliance delivers well for both, but as he sees more of the disillusioned princess, their relationship begins to burgeon to the chagrin of just about everyone else. Meantime, “Louis” plays games with real lives and when that forces “Konigsmark” to make tough choices, things all start to come to an head as the lovers, the schemers and the ambitious face a reckoning. This is one of my favourite roles from a Robson who was so often typecast into supporting roles, but here manages to get her teeth into a one that is part Catherine the Great and part Nell Gwynn. Granger is in his element as the dashing officer caught up in intrigues of his own making and the combination of Bull, Valk and a Rosay doing her own imperious impersonation of Dame Edith Evans works well at illustrating just why the population at large has little time for these tubby, self-indulgent and entitled individuals who cared only about their own political advancement. It looks great with a sumptuousness to the production design and considerable effort has gone into turning Sir Winston Churchill’s birthplace into a German palace. If you like your costume drama packed with characters and double-dealing, then this might do. I enjoyed it.",2025-03-17T09:58:40Z,2025-03-17T10:01:43Z,https://www.themoviedb.org/review/67d7f25085d13921b5015e06
5c0c79d9c3a368252a099694,957,Wuchak,Wuchak,,/4KVM1VkqmXLOuwj1jjaSdxbvBDk.jpg,7.0,"***Silly satire based on Star Wars***

Released in 1987, Mel Brooks’ “Spaceballs” parodies the Star Wars flicks and includes jokes based on Star Trek, “Lawrence of Arabia,” “Alien” and “Planet of the Apes.”

Some people hate this film, but it works for what it is: a totally goofy spoof.  It’s consistently amusing with several laugh-out-loud bits and memorable lines.

The cast is notable, highlighted by John Candy as Barf, Daphne Zuniga as Princess Vespa, Rick Moranis as Dark Helmet, Brooks as Yogurt, and Joan Rivers’ voice as Dot Matrix. The rest are good too (Bill Pullman as Lone Starr, George Wyner as Colonel Sandurz, etc.).

The film runs 1 hour, 36 minutes.

GRADE: B",2018-12-09T02:11:37Z,2021-06-23T15:58:14Z,https://www.themoviedb.org/review/5c0c79d9c3a368252a099694
5e9668f53cd12c0012bcd6b9,14384,adorablepanic,adorablepanic,,,4.0,"The R-rated cut of SOLDIER BLUE (1970) contains 100 minutes of a G-rated romance, bookended by 15 minutes of graphic, blood-soaked atrocities. Director Ralph Nelson doesn't pull any punches; disfigurement, immolation, decapitation, and impalement (amongst other acts of barbarity) splash across the screen - often in Sam Peckinpah-style slow motion. These opening and closing scenes have power; the problem is the 100 minutes we have to spend with the one-dimensional survivors of the initial Indian assault. Candice Bergen and Peter Strauss are given generic, facile characters to interpret; one is naive, one is worldly (of course); one is prudish, the other permissive (surprise); they gradually develop feelings for one another (if you didn't see that coming...). Donald Pleasance eventually shows up for some much needed variety, but it's not enough. If you're a fan of violent western-style action, you'll enjoy some of this. If you're fond of budding romance pics, then the love story might engage you. Everyone else would probably be better served by watching LITTLE BIG MAN (1970) again.",2020-04-15T01:52:53Z,2021-06-23T15:58:36Z,https://www.themoviedb.org/review/5e9668f53cd12c0012bcd6b9
6647b93eb098d91616b53b35,14384,Wuchak,Wuchak,,/4KVM1VkqmXLOuwj1jjaSdxbvBDk.jpg,7.0,"**_Playful Western Romance sandwiched between two brutal massacres_**

After a paymaster cavalry unit is slaughtered by the Cheyenne in 1877, a surviving soldier and Indian sympathizer team-up to get back to the nearest fort (Peter Strauss and Candice Bergen). The young man struggles with contempt for what he considers a treasonous attitude along with his growing affection for the brash woman. Then he sees the awful truth firsthand.

""Soldier Blue"" (1970) is an entertaining, but odd Western. At heart, it’s a fun romance between a patriotic military man and a profane “free-spirit” who is able to survive the challenges of the American wilderness precisely because she has shed Victorian inanities. This is bookended by a Cheyenne-led massacre on a non-threatening cavalry group and the military massacre of a peaceful Cheyenne camp, filled with women and children. The latter is obviously based on the Sand Creek Massacre of 1864.

I respect that the movie shows how massacres happened on both sides, but it stacks the deck against the Caucasian militants by showing them butchering women & children and not vice versa. 

The opening Indian attack ensures that the viewer's sympathies are with Honus (Strauss, the eponymous ‘Soldier Blue’), so you travel the same journey as him: At first, regarding the Indians as bloodthirsty savages who have no qualms about committing mass murder and abusing corpses if it’ll help them acquire firearms but, ultimately, ending up with the revelation that Honus’ ‘tribe’ can be just as barbaric when fitting, and even more so.

Barbaric attacks applied to both uncivilized First Americans and more civilized New Americans, but more so with the former, which is documented. Since the 1960s-70s there has been an overemphasis on the injustices committed by the US military or militants/settlers and we get a handful of examples: Wounded Knee, Bear River and Sand Creek (the latter being what this is loosely based on). Yet we never hear the other side of what provoked these events, including the atrocities that First Americans committed against New Americans. We never hear of the Dakota ""War"" of 1862 where Santee Sioux went on the warpath murdering between 600-800 settlers, which constituted the largest death toll inflicted upon American civilians by an enemy force until 9/11 (civilians, not soldiers); The Ward Massacre; The Nez Perce uprising, which killed dozens of settlers in Idaho and Wyoming; and the Massacre at Fort Mims. We never hear of the countless innocent settlers (not soldiers) who were murdered by bands of young ""warriors"": While a chief was signing a peace treaty on the tribe's behalf, they were out robbing, raping and murdering.

In short, it's easy to be pro-AmerIndian sitting on the comfort of your sofa, but not so much when you & your loved ones are threatened with gross torture, rape and slaughter in the wilderness.

The Euro-settlers wanted the land and resources while the AmerIndians craved the valuable technology of the New Americans. Both sides used treaties for peaceable relations while still trying to get what they desired when war was too costly. Both opted for combat when deemed necessary.

I should add that the real military leader who ordered the attack on the Sand Creek camp in southeast colorado, John Chivington, wasn’t even an Army officer, but rather a self-appointed head of militia in the Colorado Territory during the Civil War when most capable men were away fighting for the Union in the East (remember, the real Sand Creek Massacre happened during the Civil War, not in 1877). The atrocity Chivington & his men committed at Sand Creek was separate from the US Army and not typical of government policy. In the immediate aftermath, Captain Silas Soule, an officer of the First Colorado Cavalry, condemned it as an unjust and savage massacre executed on a peaceful camp.

I’m part Abenaki and love American Indian culture, but the Leftist whitewashing of Indian atrocities and the corresponding revisionist history is deceitful and unbalanced. ""Soldier Blue"" is guilty of this to a degree, but features enough balance to make it worthwhile (as opposed to the grossly dishonest “Tell Them Willie Boy Is Here” from 9-10 months earlier). It's entertaining and offers equilibrium concerning the Indian Wars even though its sympathies tend to be with the First Americans.

The film runs 1 hour, 52 minutes, and was shot in Chihuahua and Sonora in northwest Mexico.

GRADE: B",2024-05-17T20:08:30Z,2024-05-17T20:08:30Z,https://www.themoviedb.org/review/6647b93eb098d91616b53b35
5af6e59cc3a36812630056be,11880,flabob257,flabob257,,/eJPU10DEFiMLuQTjZ4PKHa1J45i.jpg,,"Come on you guys.  This is great. Werewolf,drama, comedy, etc.",2018-05-12T13:01:16Z,2021-06-23T15:58:08Z,https://www.themoviedb.org/review/5af6e59cc3a36812630056be
6241bfbfd71fb4005be02e25,11880,CinemaSerf,Geronimo1967,CinemaSerf,/9HcQx0Yfbxy8eqr3ft66X9uWMf0.jpg,7.0,"I will admit to being somewhat sceptical when I sat down to watch this, but within about twenty minutes the auditorium was chuckling to the witty banter of Sean Pertwee and his squad of soldiers who find themselves stuck on an exercise in a remote Scottish forest when they'd sooner be in the wardroom sinking a few beers while watching Germany beat England at football. When their fireside banter is ruined by a missile shaped like a dead cow; things start to liven up and what ensues is a race against time for their very survival - there are more dangerous creatures in the forest than red squirrels! Kevin McKidd keeps the troop focussed at they face their foes with grim determination and their black humour prevails pretty much throughout their ordeal. The special effects are a little bit ""Dr. Who"" but Neil Marshall ensures the lighting and sound folks do their level best to keep the suspense going for a long as possible and at no stage does it hang about: it's end to end action with a tinge - a soupçon - of horror as the story builds to an enjoyable denouement! On the big screen again now in late 2020 - not sure why - but if you get chance, and you like your horror unsophisticated and funny, then this is definitely for you.",2022-03-28T14:01:35Z,2022-03-28T14:01:35Z,https://www.themoviedb.org/review/6241bfbfd71fb4005be02e25
678dde62dcb6e839f34307aa,11880,Agustttt,Agustttt,,,9.0,"I've been meaning to watch this movie for a long time, I should of done it sooner. I watched it via Shudder and the start of the film is grainier than the rest of it.

It's a good mix of comedy to lighten the horror aspect of the movie. I wasn't expecting action/horror to be as good as it is in here.",2025-01-20T05:25:54Z,2025-01-20T05:25:54Z,https://www.themoviedb.org/review/678dde62dcb6e839f34307aa
4fbdd8c0760ee34fff000fa0,79660,Sandakelum Senevirathna,Sandakelum,Sandakelum Senevirathna,,10.0,"Let me first tell you that don't go with any expectations just because of the **Kolaveri Di** song.

Amazing performances by **Shruti Hassan** and **Dhanush**. The emotional scenes have been well enacted by **Shurti Hassan** esp in the climax when she cries her heart you.If you follow her journey carefully you will understand her pain.

**Dhanush** as a school kid is not so convincing but in the second half he plays his a game. what a performer. Take a bow. He is unpredictable makes you shift at the edge of seat.

Watch it for amazing storyline, screenplay and outstanding performances of lead cast. Its not a typical masala flick but a film on a topic that hasn't been touched on.",2012-05-24T06:44:16Z,2021-06-23T15:57:15Z,https://www.themoviedb.org/review/4fbdd8c0760ee34fff000fa0
6686bd0e979d80b8591a6e1c,67130,DeanOrtiz,DeanOrtiz,,,,"Pete's lines ""Too late!"", ""HEY YOU, COME BACK HERE--!"", HEY!!!"", and some growls were reused in the 2013 short, Get a Horse!

First color appearance of Pete. First time Donald in modern design.

It is the first time Goofy wears his trademark wardrobe, including his long-sleeved turtleneck shirt, his worn-out pants, and his floppy shoes.",2024-07-04T15:17:34Z,2024-07-04T15:36:31Z,https://www.themoviedb.org/review/6686bd0e979d80b8591a6e1c
5cf026669251416255b99721,27179,John Chard,John Chard,,/utEXl2EDiXBK6f41wCLsvprvMg4.jpg,8.0,"It has to kill us or starve and we've got to kill it or die. 

It's the future, 1973, and the first manned expedition to Mars is marooned. When a rescue team finally reach the stricken ship they find only one survivor - the leader, Col. Edward Carruthers. He claims that an alien life form killed his crew but this is met with scepticism as Carruthers tells the story...

Pretty much forgotten until Ridley Scott's enormously successful Alien in 1979 caused ripples on account of plot similarity, It! The Terror from Beyond Space now rightfully sits with the best of the sci-fi schlockers from the 50s. Sure it's hokey and the old man in the rubber suit issue is hardly the work of cinematic genius, but its beating science heart and the claustrophobic construction more than make up for budgetary restrictions. Set on board a classic V-2 vertical type rocket ship, Edward L. Cahn's film benefits from having Jerome Bixby on pen duties. Bixby's credentials boasts the likes of Star Trek, The Twilight Zone and Fantastic Voyage, so the writing here was in good hands. For sure it's not exactly breaking new ground with the basic plot, but it has a little more to offer than what at first seems.

As for the titular creature itself? Well it proudly displays all of the limitations of its bargain basement budget. Played by Ray ""Crash"" Corrigan, it's a lumbering, grunting piggy type alien that we get to see too much of during the second half of the movie. However, with Kenneth Peach's toned down black & white photography at work, the creature remains a potent character as it stalks its prey around the metallic interiors of the ship. The cast are the usual assemblage of ""B"" movie performers, with Marshall Thompson and Shirley Patterson putting in a good shift. While Grant Whytock in the editing department deserves a mention for keeping the film free of pointless filler.

A taut and creepy little shocker that is a must see for anyone interested in the glorious days of the sci-fi schlocker and creaky creature feature. 8/10",2019-05-30T18:52:22Z,2024-05-16T15:22:23Z,https://www.themoviedb.org/review/5cf026669251416255b99721
5886aeabc3a368371e000748,47971,Frank Ochieng,Frank Ochieng,Frank Ochieng,,,"Words cannot express how incredibly overwrought, insipid, hyperactive and foolishly exaggerated the third entry into the action-packed _XXX_ film franchise is in the nonsensical and numbing operative spectacle **XXX: Return of Xander Cage**. Monosyllabic muscle-bound action star Vin Diesel revisits the rollicking and roguish skin of athletic spy/sports enthusiast Xander Cage in yet another splashy yet sophomoric throbbing thrill-ride that only diehard Diesel fanboys will swallow with unapologetic fervor.

When in doubt Diesel knows where his bread is buttered in terms of his secured box office appeal. The pumped-up performer has initiated the hoopla with a couple of popular action flicks in the past only to leave them briefly before deciding to return front and center. Diesel has done this tactic with the inexplicably desired _The Fast and the Furious_ movie series as well as the aforementioned _XXX_ offerings (actor/singers Tyrese Gibson and Ice Cube inherited the big screen honors in replacing the absent Diesel in these energized ditties respectively). Now Diesel is called into service once again to capitalize on the extreme spy genre while satisfying those thrill-seekers whose thirst for the James Bond and Jason Bourne action-grabbers may be perceived as relentlessly mild as the acrobatic antics of the hip Bald Bold One looks to overshadow his competitors in daunting dumbness.

Bottom line: who the heck was cramming for the ridiculous return of the attention-getting Xander Cage other than the motivated machismo of star/co-producer Diesel strutting his all-too-familiar slick shtick in an empty-minded vanity project that is jumpier than a kangaroo with the hiccups? There is nothing like playing to the convoluted escapism and exploiting the loyal demographics that continue to get a charge out of Diesel’s boisterous brand from the _Fast and Furious_ enterprise that still sizzles for some and fizzles for others. Nevertheless, this espionage eyesore features Diesel’s Cage at his best…and that is not saying much. He is as smooth as ice soothing your ailing tonsils. Check. He is a chick magnet to the highest degree. Check again. He can turn his biceps and brawn into an invaluable weapon for the safety of his country and comrades. Double check and then some. Overall, we get it…Xander Cage is a badass without boundaries and daredevil Diesel and his on-screen cohorts wants to reinforce such titillating tripe. Go figure.

Granted that **XXX: Return of Xander Cage’s** sole purpose is to play into the pulsating popcorn pleasure of its audience while expecting one not to take the excitable escapades too seriously. Still, the tired formula for this particular genre in general (not to mention a Vin Diesel-starring vehicle) feels utterly uninspired and recycled despite the ambitious showcasing of active triggers that include high-wire skiing through the woods, dirt bike surfing, daring skateboarding prowess while clinging to the side of a moving bus and oh yeah…a lot of colorful butt-kicking tactics to boot. The highly stylized lifestyle of the free-wheeling Cage is by-the-numbers hedonism–cause havoc, conquer the lovely ladies hormonal for his suave affections and come off looking cool this side of 70’s knockoff bad motherf&%$# private eye John Shaft in taking care of business. Great spy work if you can conjure it up for indiscriminate action junkies wanting to engage in this souped-up silliness without rhyme or reason.

For those not quite familiar with the Xander Cage “mythology” he was an extreme sports talent that had been recruited by NSA head honcho Augustus Gibbons (Samuel L. Jackson) to utilize his competitive skills and abilities undercover. Now Cage is back in the saddle as he horses around on yet another challenging assignment that finds him butting heads with a trio of baddies in Deepika Padukone’s Serena, Donnie Yen’s Xiang and Tony Jaa’s Talon–a threatening threesome experimenting with dangerously rigging outer space satellites or something to that trivial effect. Of course the crafty Cage–beyond wily and reckless–is often reigned in by the likes of his superiors including Agent Jane Marke (Oscar and Emmy nominated Australian actress Toni Collette needlessly toiling away in this toothless contraption of a spy thriller).

Director D.J. Caruso (2016’s “The Disappointments Room”) merely goes through the motions with this disjointed spy caper that flexes its moronic muscles without offering much else to the preposterous proceedings. The displayed dialogue in a Lucky Charms cereal commercial has more credibility than the words leaving the lips of the featured players in this woefully generic actioner. Diesel, who has shown some promise as an actor in previous critical fare from yesteryear such as 2000’s _Boiler Room_ and 2006’s _Find Me Guilty_ has since played it safe and relied on the frivolous “sure thing” with the repetitive Furious installments and other fluffy movie projects that had diminished his potential in Hollywood beyond the brainless blow-em-up cinema that he finds automatic comfort in churning out as a cinematic safety net.

Although they say that a single “X” usually marks the spot it takes triple X’s to disprove this theory when welcoming back the chaotic coolness that is Diesel’s detached dude in cocky-minded Xander Cage–the sensationalized showboat that should have left his debuted one-dimensional adventurous tendencies back in 2002.

**XXX: Return of Xander Cage** (2017)

(c) **Frank Ochieng** (2017)",2017-01-24T01:32:27Z,2024-05-16T15:19:29Z,https://www.themoviedb.org/review/5886aeabc3a368371e000748
59091c50c3a36835fc001071,47971,DanDare,DanDare,,/gY0Mjm4thleETxdESQPabdn5CB3.jpg,3.0,"Just as Vin Diesel bailed out of the first The Fast and the Furious Sequel, he did the same for the sequel to xXx.

However after some years Diesel is back as extreme sports star turned spy Xander Cage in this daft but slightly entertaining film which has an incomprehensible plot, a smug star and even some dodgy CGI here and there.

The plot is some bad guys want the Pandora Box which can control spy satellites and it is Cage and his team's mission to retrieve it. However we just know everyone around is just treacherous so they should all watch their backs.",2017-05-02T23:54:56Z,2021-06-23T15:57:56Z,https://www.themoviedb.org/review/59091c50c3a36835fc001071
593e693e92514105e202e8ba,47971,Dark Jedi,Dark Jedi,Dark Jedi,,4.0,"I must confess that I did have higher hopes for this movie. I’m not sure what the script writers was up to when writing it but they really seem to have a very low opinion of the audience’s intelligence. Either that or it was written for a very young audience.

There were parts of the movie that was quite fun to watch but on the whole it was pretty much a mess. It is a shame because it had quite a bit of promise. The core of the plot was not too bad although I really wish that Hollywood writers would stay away from plots involving computer gadgetry. Their knowledge in that area simply stinks. Thus the gadget that the entire movie was spun around was simply stupid.

Unfortunately another core plot element was the crooked CIA (or whatever department it was supposed to be) boss that of course had to do some senseless backstabbing just to prolong the movie. Tiresome, overused and boring. I know, I know with fucktards like Comey I guess one could say that it would not be too far from the truth but it is still tiresome, overused and boring.

Since I am on a rant anyway let’s go on to the various stunts and special effects. It is a long time since I watched a movie where the stunts were so obviously and totally overdone and unrealistic. I mean, they were unrealistic to the point where I started to wander if it was a slapstick comedy I was watching.

All of this really dragged down the movie … a lot!

On the good side. I did like many of the wacky characters. It is a shame that many of their wacky moments were less of a comic relief due to the above mentioned silliness but instead felt like the more serious moments in the movie.

Vin Diesel, well I watched this movie because I am a Vin Diesel fan so of course I liked him. He is his usual badass and kick ass self. He is also surrounded by a bunch of badass (and wacky as I mentioned before) characters. I quite liked the ensemble. The guy who seems to collect crashes is rather silly but fun in a strange way. I did like the gun girl a lot.

However, apart from quite a few fun and/or cool scenes the movie as a whole did not cut it. In my opinion it was ruined by a substandard script devoid of any form of intelligence. I would go as far as to say that the writers were incompetent pure and simple. I was almost giving it three stars because there was many parts I liked but in the end … no, there is no way I could justify more than two stars for this mess.

Really a shame. I would have liked to see more xXx movies but after this one I’m not sure anyone will bet money on that.",2017-06-12T10:13:18Z,2024-05-16T15:21:15Z,https://www.themoviedb.org/review/593e693e92514105e202e8ba
59ac9c00c3a3682c0a03819a,47971,Reno,Rangan,Reno,/6ZpVUJzqXMzH35VprEtnX0sNI3.jpg,5.0,"**A new franchise is on making!**

I was very happy when I heard about a sequel is on the development of Vin Diesel's one of the career early films. I was a teenager, and I remember celebrating it in the theatre with my friends. But, like the T2, it was too late for a sequel. Most of other franchises are going for spin-offs in the similar case. Anyway, it was good to see the original character back in the action. Although not liked changing the title logo. The original is evergreen.

Well, the story continued as the same gap between the first and this film. I thought the original concept was like solo action hero kind, but in here, it became a multi-starrer. Like most of the similar themed action film series, it tried to add variety of characters, including clichés like computer hackers and a boss to handle those rogue guys. But there were too many Triple Xes.

The story was okay. It only wanted to make a comeback, like a re- introduction of everything. I liked the diversity in the film characters. The casting was from around the world, picking the best team like Donnie Yen from HK, Tony Jaa from Thailand. But I did not understand why Donnie was speaking in Mandarin, instead of Cantonese.

From all I did not like Deepika. Yes, she's the real Indian beauty, but not a good actor, especially for actions, she's unsuitable. I would have preferred Priyanka in here. They two should have switched the films between this and 'Baywatch'. Jaa, I did think he had in him his witty character display. He was a completely different person in this. The rest of the guys were too not bad at all, particularly that stunt guy was awesome.

When it comes to the action sequences, not some, many were totally impossible. Surely not the really performed stunts they were. Simply a special effects, and it was too much to take on. Because they were not realistically appealing to accept. Those include, non-snow mountain skiing, ocean wave bike surfing, you add it. The good news is, it was okay for watching once, but I'm anticipating the next part to be a game changer in the franchise.

_5/10_",2017-09-04T00:19:12Z,2024-05-16T15:18:36Z,https://www.themoviedb.org/review/59ac9c00c3a3682c0a03819a
5f28c55c869e7500366d487f,11692,Kamurai,Kamurai,Kamurai,/sKeC7qZLAKreuwxH4x6U3mN7Aa8.jpg,6.0,"Good watch, might watch again, and can recommend.

It's a little silly, but it's fine for an action comedy.  The only weird thing, really was setting on Luna.  Having on the its moon instead of on Terra didn't really add a lot to the movie except to facilitate a flimsy backstory and some scenes where people required environmental suits, and that had little payoff.

The benefits of being a sci-fi action comedy is to have laser effects for the blasters, and androids, which are used to various levels of humor.  

Eddie Murphy is great, and he plays well with Rosario Dawson, and if nothing else, you have to admit Randy Quaid is funny: the character would have been much different in someone else's hands.  I'll have to admit I thought it was Terry O'Quinn (""Lost"": John Locke), which made even funnier at the time, but it's a good job done.

Honestly, Eddie Murphy and Rosario Dawson feel a little big for their roles, but the story is good: a former smuggler turns legitimate business owner has to find the mob boss behind the people trying to kill him.

While I do think this is an average movie, it is solid, and I don't think I would go changing a lot to it.  I could see a couple versions of a reboot, but in 2020, they'd probably put it in the MCU.",2020-08-04T02:18:04Z,2021-06-23T15:58:42Z,https://www.themoviedb.org/review/5f28c55c869e7500366d487f
63c1fc1505a533007c7eed6c,53150,GenerationofSwine,GenerationofSwine,,/xYhvrFNntgAowjRsf6mRg9JgITr.jpg,10.0,"Watching it again was mainly a nostalgic thing. I saw it when I was little on HBO in the middle of the night and, it's one of those horrible movies that, if you see it at the right age and in the right era, it becomes something of a classic in your memory.

In this case it was about 9 or 10 in the late '80s, early '90s and after midnight, in the parents basement, on HBO.

It's a horrible movie...but it's a horrible movie that has a lapdog kill and drag away a mailman. It has that great combination of humor and horribleness that appeals to kids at a certain age...well, at least appeals to little boys.

Ad watching it again as an adult, it's even worse than I remember, but the humor holds fast and it still gets a few laughs.",2023-01-14T00:49:25Z,2023-01-14T00:49:25Z,https://www.themoviedb.org/review/63c1fc1505a533007c7eed6c
5f66a6eb1b1f3c0037a70e9a,89185,Kamurai,Kamurai,Kamurai,/sKeC7qZLAKreuwxH4x6U3mN7Aa8.jpg,6.0,"Decent watch, probably won't watch again, and can't recommend.

I'm honestly not a big fan of Debby Ryan, though she definitely can own a role, and I'll even admit she basically carries this movie.  Because I'm not a particular fan of her flavor, it may have affected my view of the movie though.

I'm very into her character of a high school ghost, shadowing as an airwaves vigilante though.  The weirdness of being a ""rebel"" though is the company sponsorship angle.  It allows for mechanical parts of the story, but feels a little antithetical.

The more interesting angle is the witch hunt for Radio Rebel: it takes some interesting turns, but ultimately lands in the predictable results.

It's a good enough watch, it's just nothing special.",2020-09-20T00:48:43Z,2021-06-23T15:58:44Z,https://www.themoviedb.org/review/5f66a6eb1b1f3c0037a70e9a
67f16da6cbd55b661fd97d33,4940,Wuchak,Wuchak,,/4KVM1VkqmXLOuwj1jjaSdxbvBDk.jpg,7.0,"**_Bucolic Western with Clint Walker tangling with a satanic bruin_**

A man & his loved ones (Clint Walker, Martha Hyer, Don Haggerty, etc.) take over an inherited ranch in Wyoming, but are beset by a rogue grizzly, a mogul who wants the land (Keenan Wynn), his troublemaking sons (Ron Ely and Sammy Jackson) and a mysterious man from the past (Leo Gordon).   

 “The Night of the Grizzly” (1966) was reworked from an unused script of Walker’s successful Western series Cheyenne with some fans of that show viewing it as the unofficial epilogue since Clint’s character often spoke of getting a ranch.

The tone is reminiscent of “Shane,” which also featured Ellen Corby and Nancy Kulp, but this is less cinematic, no doubt due to the lesser budget and the fact that it was helmed by Joseph Pevney, known for directing some of the better episodes of Star Trek, like “Arena” and “The City on the Edge of Forever.” This happened to be Pevney’s final theatrical film, although he continued to direct TV movies and shows.

Western fans might be turned off by a cutesy vibe that smacks of Disney-goes-West but, if you can roll with that side element, there’s more than enough for maturer viewers to appreciate, not to mention quite a bit of action, like brawls, gunfights, knife fights and an extremely violent bear. Speaking of the latter, while exaggerated, savage bear attacks did happen in the Old West, such as the three cowboys massacred in 1870 near the San Benito Ranch by Hollister, California (south of the Bay Area). One of them was decapitated (!).

The flick has a welcome warm heart amidst the mayhem and is augmented by Walker’s quality example of manhood. For instance, he says to his beloved: “Angie, there ain’t a man alive that doesn't have trouble. How he handles that trouble is what counts. In every man's life there’s a Cass or a Satan, one kind or another, trying to whip him, beat him down, destroy him. He can't run away from it. He's got to stand strong and fight! Whatever it is, he's got to fight! That’s how God made a man.”

It runs 1 hours, 41 minutes, and was shot in San Bernardino National Forest at Holcomb Valley north of Big Bear Lake, as well as Big Bear Valley, which is east of the lake. Studio stuff was done a Paramount Studios. Jack Elam is also on hand in the cast.

GRADE: B",2025-04-05T17:51:34Z,2025-04-05T17:51:34Z,https://www.themoviedb.org/review/67f16da6cbd55b661fd97d33
69e20c11a4d16b9a78e4680b,4940,CinemaSerf,Geronimo1967,CinemaSerf,/9HcQx0Yfbxy8eqr3ft66X9uWMf0.jpg,6.0,"The aptly named “Big Jim” (Clint Walker) has had enough of marshalling and so takes his family and heads off to Wyoming where he has been left some land. No sooner have they arrived than he discovers that his neighbours ain't so neighbourly. The “Curry” family, who carry quite a bit of weight in the town have their own eyes on his patch, and “Jed” (Keenan Wynn) is making few bones about his desires. Just to add to his woes, there's also an hungry bear on the warpath and it is making short work of the stock. Using the bear as an excuse, “Curry” hires in the bounty hunting “Cass” (Leo Gordon) who has a past with both “Jim” and his wife “Angela” (Martha Hyer) and whom he hopes will rid him of the unwanted gent. Walker does what he always does: punch his way through his action scenes with perfect choreography and just the right amount of mud; Hyer smiles at just the right places, Jack Elam shows up but uncharacteristically low-key and there is also a bit of fun courtesy of shopkeeper “Willy” (Nancy Kulp) whose shop is constantly the location of fisticuffs that must play havoc with her stocktaking. It's really Wynn who takes the plaudits here as at least he adds a little character to this otherwise rather dry story, and - of course - there is also the bear. Now unlike some films of this genre, we do actually have a bear and we see it, too. It's an impressive eight-foot tall creature that also seems impervious to bullets and that after a few encounters I was hoping would manage to survive the variety of traps and trickeries planted amidst it's own environment. Any sense of menace is kept to the very end, but even there the film has a timidity to it that it travels with throughout. It's watchable enough, but Walker just lacks the charisma to lead from the front. ",2026-04-17T10:31:45Z,2026-04-18T12:31:39Z,https://www.themoviedb.org/review/69e20c11a4d16b9a78e4680b
61d51b36497560004227721d,672,WiSpider,WiSpider,,,,Awesome 👍,2022-01-05T04:14:46Z,2022-01-05T15:07:29Z,https://www.themoviedb.org/review/61d51b36497560004227721d
638132fb514c4a008789433e,672,Nathan,TitanGusang,Nathan,/yHGV91jVzmqpFOtRSHF0avBZmPm.jpg,8.0,"_Harry Potter and the Chamber of Secrets_ is a worthy sequel that improves upon the first and expands the lore in a grand way.

The quality in this film is vastly superior to the first in terms of CGI and acting, which is par for the course as the main trio grows into their roles and as actors. It is evident that the CGI team had adequate time before this film's release because for 2002 the effects are spectacular. From Dobby the Elf to the Basilisk in the Chamber of Secrets, this movie nails creature models and creates very believable interactions between the models and the actors.

Despite this film not having the impact in terms of discovering the magical world of Hogwarts for the first time, the story is able to improve upon its predecessor delivering an all-around stronger plot. There is a real sense of mystery surrounding the Chamber of Secrets and the suspense and hysteria it creates around Hogwarts is very intriguing. The stakes and the plot progression feel elevated here, creating a more seamless experience.

Like previously stated, the main casts acting is improved drastically. Each actor is coming into their own and really is getting comfortable with their character. Rupert Grint steals the show with his comedic timing and cowardly presence. Emma Watson is great again but does not carry the entire trio like she had to in the previous film. There are plenty of new additions this time around and all of them were splendid. I particularly liked Dobby and Gilderoy Lockhart.

Harry Potter and the Chamber of Secrets improves upon the first in almost every aspect, and that is all you can ask for a sequel.

**Score:** _79%_ | 
**Verdict:** _Great_",2022-11-25T21:26:19Z,2022-11-25T21:26:19Z,https://www.themoviedb.org/review/638132fb514c4a008789433e
64f42d0e3d43e0011b1c00fd,672,CinemaSerf,Geronimo1967,CinemaSerf,/9HcQx0Yfbxy8eqr3ft66X9uWMf0.jpg,7.0,"This second book in JK Rowling's ""Harry Potter"" series sees our trio of wizarding weans start to develop a much closer relationship with each other; and we begin to realise the challenges young ""Harry"" (Daniel Radcliffe) is to face as he grows up. This is much more sinister than the opener; Alan Rickman's ""Prof. Snape"" starts to come into his own as his evil nemesis v Maggie Smith as his professional proponent and ""Dumbledore"" (Richard Harris) starts to develop more as a character too. I could possibly have done without ""Moaning Myrtle"" but the story is well adapted and moves along quickly, with a little more humour than the original too. Again, the score and effects are hugely complementary to what is simply a cracking fantasy adventure story.",2023-09-03T06:51:58Z,2023-09-03T06:51:58Z,https://www.themoviedb.org/review/64f42d0e3d43e0011b1c00fd
5e791a20c8a2d4001522f2e7,20472,Wuchak,Wuchak,,/4KVM1VkqmXLOuwj1jjaSdxbvBDk.jpg,5.0,"***Fun horror spoof, albeit one-dimensional and underwhelming***

A normal family (Richard Benjamin, Paula Prentiss, et al.) inherits a creepy mansion in Erie, Pennsylvania, but a centuries-old vampire & his bride (Jeffrey Tambor & Nancy Lee Andrews) are also interested in the house. Severn Darden shows up as Van Helsing. Fun shenanigans ensue.       

“Saturday the 14th” (1981) is comedy-horror that _doesn’t_ spoof, “Friday the 13th,”, as the title implies, but rather Dracula flicks, “Jaws,” “The Creature from the Black Lagoon,” “The Birds,” and various other creature features. The movie has a good heart and is amusing in a silly way, but the setting is limited to the mansion and the story’s not compelling enough. The potential of the script needed further milked.   

Nevertheless, Kari Michaelsen as the daughter perks things up on the feminine front. She was 19 during shooting, but looks 15-16. Meanwhile Nancy Lee Andrews as the vampire bride is sharp, but not enough is done with her (she, incidentally, was engaged to Ringo Starr at one point).

The film runs 1 hour, 15 minutes.

GRADE: C",2020-03-23T20:20:48Z,2021-06-23T15:58:35Z,https://www.themoviedb.org/review/5e791a20c8a2d4001522f2e7
5f092ede55bc350035219a58,11132,Kamurai,Kamurai,Kamurai,/sKeC7qZLAKreuwxH4x6U3mN7Aa8.jpg,6.0,"Decent watch, might watch again, and can recommend.

Ultimately this movie is fun: cheap teen girl drama fun, but fun.  Lindsey Lohan has some competent cast to share the load in this, particularly Alison Pill (Scott Pilgrim vs. the World, Cooties), an under rated actress, and Megan Fox (Jennifer's Body) playing the Rachel McAdams (Meangirls) of the movie.

I understand that location shooting can get expensive, but the movie looks over all well produced, and while the premise is rather annoying, the writing looks fairly solid, if character driven:  not a bad thing, but it usually makes for more interesting tidbits as opposed to an epic a plot line, which was....different depending upon what angle you take.

There are good technical things, great character things, and decent story things here: it's not a bad movie, it's just not one I'm going to tell you to go see over so many other titles.",2020-07-11T03:15:42Z,2021-06-23T15:58:40Z,https://www.themoviedb.org/review/5f092ede55bc350035219a58
5fa07e1af04d010036a66541,11132,r96sk,r96sk,,/mwR7rFHoDcobAx1i61I3skzMW3U.jpg,6.0,"I actually quite liked it for the first half, but by time the credits arrived I was very much awaiting the end.

<em>'Confessions of a Teenage Drama Queen'</em> has a few things going in its favour. Lindsay Lohan is very good, she definitely makes her character more interesting than she probably would've been without Lohan. You also have Megan Fox in her first sizeable film role, it's actually kinda odd seeing those two together onscreen for some reason.

Away from them, I enjoyed the editing and cinematography for the most part. I'm not saying it's anything insane or memorable but it's better than I would've predicted. The premise isn't the most clearly defined, at least in terms of its execution; it starts to drag from the midway point. It hits a fair amount of clichés too, though does avoid a few also; Lola (Lohan) doesn't instantly befriend Carla (Fox), for one.

Nothing dreadful, it just got boring as it went on; despite a low run time of 89 minutes. Lohan the star.",2020-11-02T21:46:02Z,2021-06-23T15:58:47Z,https://www.themoviedb.org/review/5fa07e1af04d010036a66541
63ebfba88e870200a98943a1,11285,Filipe Manuel Neto,FilipeManuelNeto,Filipe Manuel Neto,/nidqITf735x9xxHfncXkT9BmOQ7.png,3.0,"**Lazy, laying in the shadow of the original film, doesn't have much merit in itself.**

Daniel Petrie decided to take a film that was successful and acquired a certain affection and make a poor sequel. I think almost everyone knows that a sequel to a good movie is almost never as good as the original movie... it could be a cliché, but the truth is that it is something so common that it has become something to watch. Besides, for studios, it's a good way to make money without considerable effort or a big capital draw.

What this film offers us is, in short, more of the same, but without any charm. The film leans against the shadow of the predecessor's success and peacefully slumbers in the belief that we will like it because we liked the first film. It didn't work for me. The only thing that makes this movie really worthwhile is the fact that it reunites most of its predecessor's cast. It's worth seeing some of the shenanigans of Don Ameche, Wilford Brimey, Maureen Stapleton and Jack Gilford. You can tell they're having a lot of fun with the project, and that the film, even if it's not brilliant, allowed them to revisit characters they enjoyed playing. The movie works reasonably well thanks to this, and the older cast almost have their own separate sub-plot, but the movie loses out by not going beyond that, thanks to a rather weak script. Steve Guttenberg, for example, is even more uninteresting here than he was in the original film, which is really something relevant. Technically, the film doesn't make any major mistakes or flaws, but it isn't particularly brilliant.",2023-02-14T21:22:48Z,2023-02-14T21:22:48Z,https://www.themoviedb.org/review/63ebfba88e870200a98943a1
63b49ced391b9c007efa505e,1902,Filipe Manuel Neto,FilipeManuelNeto,Filipe Manuel Neto,/nidqITf735x9xxHfncXkT9BmOQ7.png,10.0,"**An excellent film where dream, reality, illusion and fantasy mix.**

In this film, we follow the ordeal of César, a young Spaniard who has everything a young man could want: a comfortable life, money, friends and all the women he wants (although he avoids serious commitments as much as possible). During a birthday party, in which he tries to escape his most recent case, he meets Sofia, a seductive and intelligent young woman who knows how to captivate him. However, his whole life is ruined when he has a car accident, intentionally provoked, and his face is completely disfigured.

If the psychological, mental and physical difficulties caused by such an injury could be enough for a movie script, Amenábar goes even further by mixing this with various considerations about dreams, illusion and memory. Brutally intense, the film goes round and round, and from a certain point, it's hard for us to understand what is true and what is a dream or illusion of the protagonist. The ending is truly disconcerting.

Although the film does not seem very expensive, it has a good cast. Eduardo Noriega does a good dramatic job and is an excellent protagonist. Penélope Cruz, undoubtedly better known as she “made the leap” into American cinema, is still a very young and beautiful actress at this stage, and she is genuine in the work she develops. Chete Lera and Fele Martínez give good support and effort in their roles, and even Najwa Nimri, the supposed villain of the film, is very good at the task given to her.

A good part of the story told comes to us through the flashbacks that accompany César's report to his psychiatrist, and this resource was very well used and very effective. The film mixes well the themes it addresses, balancing very well in all of them and the dialogues are really good, they breathe naturalness and authenticity. Good sets, good costumes and the good choice of shooting locations helped a lot to make the film more visually beautiful, while the cinematography knew how to make the best use of the intense sunlight of the Spanish capital and the beautiful shades of blue in the sky, which contrast sharply with the dense penumbra that the main character seems to prefer.",2023-01-03T21:23:58Z,2023-01-03T21:23:58Z,https://www.themoviedb.org/review/63b49ced391b9c007efa505e
62bf49a9532acb0328d19f02,81678,CinemaSerf,Geronimo1967,CinemaSerf,/9HcQx0Yfbxy8eqr3ft66X9uWMf0.jpg,6.0,"Phyllis Calvert (""Maddalena"") is attacked whilst walking through the forest. A substantial side-effect of this trauma is that she develops a split-personality. On one hand, she is a respectably married lady who has a daughter at boarding school; on the other, a sultry gypsy very much in love with the swarthy Stewart Granger (""Nino""). It's a rather daft melodrama that darts about a bit, but it has a sinister eeriness to it, the story is oddly compelling and the production is of quite a decent enough standard to allow both stars to work well together alongside Patricia Roc (""Angela"") as the romance interweaves with something entirely more mysterious. Maybe neither lead's best performance (of 1945), but still worth a watch - just give it a chance to get going.",2022-07-01T19:23:21Z,2022-07-01T19:23:21Z,https://www.themoviedb.org/review/62bf49a9532acb0328d19f02
5010553819c2952d1b000451,49026,Travis Bell,travisbell,Travis Bell,/xy44UvpbTgzs9kWmp4C3fEaCl5h.png,9.0,"I felt like this was a tremendous end to Nolan's Batman trilogy. The Dark Knight Rises may very well have been the weakest of all 3 films but when you're talking about a scale of this magnitude, it still makes this one of the best movies I've seen in the past few years.

I expected a little more _Batman_ than we got (especially with a runtime of 2:45) but while the story around the fall of Bruce Wayne and Gotham City was good I didn't find it amazing. This might be in fact, one of my only criticisms—it was a long movie but still, maybe too short for the story I felt was really being told. I feel confident in saying this big of a story could have been split into two movies.

The acting, editing, pacing, soundtrack and overall theme were the same 'as-close-to-perfect' as ever with any of Christopher Nolan's other films. Man does this guy know how to make a movie!

You don't have to be a Batman fan to enjoy these movies and I hope any of you who feel this way re-consider. These 3 movies are without a doubt in my mind, the finest display of comic mythology ever told on the big screen. They are damn near perfect.",2012-07-25T20:21:12Z,2021-06-23T15:57:17Z,https://www.themoviedb.org/review/5010553819c2952d1b000451
5013bc76760ee372cb00253e,49026,Chris,Chris!,Chris,,10.0,"I personally thought this film is on par if not better than the Dark Knight.

Whilst some think the film is too long for the story I didn't find this. The length of the film is longer than some (but doesn't feel it), I liked that the film took it's time rather than shoving more elements in it - I think this contributed to the dramatic ending (much like a classical piece of music will be relaxed and calm before the final crescendo).

At the end of the day whether you like this film will boil down to if you like films Christopher Nolan has directed and/or you like the Christopher Nolan Batman series so far.

Stupendously good film in my opinion.",2012-07-28T10:18:30Z,2021-06-23T15:57:17Z,https://www.themoviedb.org/review/5013bc76760ee372cb00253e
51429a7519c29552e10eba16,49026,GeekMasher,GeekMasher,,,9.5,"The Dark Knight Rises is one of the best movies to come out in 2012. The story compels you to watch it time and time again. It also has I of, I my opinion, the best bad guys in any movie, Bane! Batman was well played as all ways and the cast where well selected. I think this movie is the best batman to see the light of day or the darkest nights (pun intended).",2013-03-15T03:50:13Z,2021-06-23T15:57:20Z,https://www.themoviedb.org/review/51429a7519c29552e10eba16
56b9e195c3a3681e6d0023b1,49026,Im_Infinity,Im_Infinity,,,,"No doubt that the movie is one of the best movies of this era.
The film doesn't lack in whatever it try to do.It has Simple narration with extraordinary Direction,Acting,Music,Cinematography and a lot of qualities.
Christian Bale is supremely entertaining for sure.
The person behind the scenes is actually the real core creater of the film yes! The Director Christopher Nolan ❤ .
The film ofcorse completes with philosophical quality loaded with Lots of Sacrifices.
This one is the one you surely can't afford to miss.
Go watch The Dark Knight.Go now.",2016-02-09T12:54:45Z,2021-06-23T15:57:45Z,https://www.themoviedb.org/review/56b9e195c3a3681e6d0023b1
57463d409251415e6c000310,49026,talisencrw,talisencrw,,,10.0,"While it's clearly not as superlative as its famous predecessor, it's simply because of both Heath Ledger's outstanding and Oscar-winning performance, and the character of the Joker's etching in our collective unconscious as the greatest comic-book villain ever created (with Lex Luthor a very distant second place). This is still a masterwork, and is an excellent coda to the finest filmic trilogy ever made. As great as Christopher Nolan is as a director, and as fine a film as 'Interstellar' is, I really don't know if he'll ever be able to top his work here, on these three films. But I, for one, am certainly looking forward to finding out...",2016-05-26T00:03:12Z,2021-06-23T15:57:47Z,https://www.themoviedb.org/review/57463d409251415e6c000310
58ac509892514158bc0151ca,49026,DoryDarko,DoryDarko,,/6y4blHHtu7cIRYsZdfSgse0Cxrr.jpg,10.0,"So here we have it. The end of a trilogy, the end of an era of the universe of Batman through the eyes of Christopher Nolan. And baby, it goes out with a bang...

Going into the theatre tonight I actually wasn't sure what I was up for. I loved Batman Begins, but I didn't actually care that much for The Dark Knight. So the big question was, will TDKR actually be more like the first or the second film? The answer is: neither.

This third instalment of the Nolan-franchise carries its weight all on its own merits. Despite the lack of any kind of intro or opening credits, there actually is plenty of build-up (partly thanks to the insane opening scene). The foundation for a proper, action-packed story is laid down perfectly, explaining things just enough whilst keeping the viewer intrigued to find out more. But if you thought that Nolan couldn't surpass his previous work, you will be pleasantly deceived.

Christian Bale as Batman is terrific. Never before was a superhero so human, so vulnerable. As his mask of intangibility and anonymity slowly starts to crumble, this is a man who questions his reasons to keep being who he is, and he must figure it out before it is too late. Because somebody’s preparing to take him and Gotham down, and he might just be too strong for the Batman...

This somebody is a character called Bane. As a character, an actor and a performance it must be incredibly hard to follow Heath Ledger's The Joker, which was easily one of the greatest villains to ever appear on the silver screen. But tonight, Tom Hardy took a swing for the fence... and made it. His performance is thrilling and actually frightening, in the sense that you don't just *know* you're supposed to be afraid of this character, you actually FEEL it. He instils a feeling of horror and discomfort that is not rivalled by many other film villains. What I actually liked about his character the most is the fact that unlike Scarecrow, who grew into being a villain, and the Joker, who was just a raving maniac, Bane was actually (literally) born from evil. Born in hell, as it is said in the film. This is not a man, this is a creature. A living, breathing manifestation of evil that cannot be reasoned or negotiated with. Hardy's performance is masterful. Since his creepy mask is never removed, he, like only a few actors before him, must act without the use of any facial expressions, making his voice is main tool. His manner of speech (and the sound of it through his mask) is enough to send chills down your spine. This is more than just a another villain from a superhero flick, this is a character that just got torpedoed into the top 10 of the greatest antagonists in the history of film. Now I realise that's a bold statement to make, but you just go and watch TDKR and prove me wrong.

I would say a slight downside to this film is the overflow of characters, both new and old. Aside from the already familiar characters, three new major ones are introduced. And there are also many characters running along in the margin which may seem not important enough to pay attention to, but actually they are so you need to stay focused.

I understand the character of Joseph Gordon-Levitt, Blake, was written in specifically for him because Nolan wanted him in it. And although as a character he works just fine, it does feel like it was at the expense of Gary Oldman. As a cop, Levitt does everything that Oldman's character could've done, but he spends most of his screen time in the hospital, almost like they wanted to get him out of the way, and that's really too bad.

Now, I was extremely excited to see what Nolan had done with Catwoman, because she is one of my favourite film characters. When I heard that she would be played by Anne Hathaway, I had my doubts. I thought she was just way too sweet to pull this off. But I must say, Ms Hathaway did a pretty good job. She is actually much more sly and devious than I thought she could be. The Nolan brothers, on the other hand, disappointed me here. Catwoman isn't really Catwoman, she's just a sexy girl in a spandex suit who can kick your ass. Her movements aren't even typically cat-like... So that was a bit of a letdown.

I would also like to make a note on Michael Caine. I think his performance here was so much deeper and more character-driven than the other two films. In fact, there is one scene in particular, where he confesses something to Bruce, that almost moved me to tears. And this is actually TDKR’s greatest strength; unlike the other two films, this one deals much more with actual human emotions, it gives us an insight into what actually drives these characters, both heroes and villains alike. 

As much as I would love to, the word-limit restricts me from elaborating more on the characters, so I'll just move on to the technical stuff. And in that department, actually pretty much everything was perfect. The pacing was very well balanced, and during those 2 ½ hours I didn't get bored once. Great action scenes alternate with more quiet moments, and the special effects are absolutely awesome. Hans Zimmer once again delivered a terrific score and there was some high quality dialogue. Also in store: a couple of great plot twists and two very cool cameos... There are a few plot holes, but everything else easily makes up for it. 

I highly recommend The Dark Knight Rises. It is a worthy conclusion to the trilogy, and it far exceeded my expectations.
_(July 2012)_",2017-02-21T14:37:13Z,2021-06-23T15:57:54Z,https://www.themoviedb.org/review/58ac509892514158bc0151ca
5a851c500e0a2640110241d9,49026,Dark Jedi,Dark Jedi,Dark Jedi,,5.0,"Batman was one of my childhood heroes from the Comic magazines even though the Swedish plonkers, in their infinite stupidity, had renamed him to something as ridiculous “Läderlappen” which basically translates into “patch of leather”.

Thus, when Christopher Nolan brought us Batman Begins and steered away from the ridiculous comic shows that the previous batman movies (except the first one) had turned into I was thrilled. Unfortunately I was equally disappointed with this one.

I think the title of the movie is quite misleading since Batman isn’t exactly rising at all but rather sinking. If this would have been a movie about some other “guy” it would probably have been excellent but it isn’t. It’s about Batman and as such I had expected him to be the hero going around beating up the bad guys.

Instead the movie starts downright boring with Batman having dug himself down into a swamp of melancholy and closed himself off from the world. When he finally starts to appear again he gets pretty much beaten at every turn not to mention conned out of the Wayne fortune. What the f… is that? It isn’t until the end that he starts to be the real Batman and even then it’s not very exciting.

Actually Batman, as in Batman and not Wayne, is not really in the movie for a good chunk of the time and the real hero in this movie is really the young cop and he sure isn’t a particularly good substitute for the superhero Batman that I was expecting to watch.

I was struggling with what to give this movie but in the end, since I probably would have thought it to be a good movie if it had not been labelled as a Batman movie, I gave it 5 out 10 stars. At least the special effects where quite okay.",2018-02-15T05:36:16Z,2024-05-16T15:21:16Z,https://www.themoviedb.org/review/5a851c500e0a2640110241d9
5f5dc55d63d9370038b86aeb,49026,Reviewsforlife,Reviewsforlife,,,10.0,"""And when it is done, and Gotham is in ashes, then you have my permission to die."" - Bane, the Dark Knight Rises.

An epic, amazing end to the Dark Knight trilogy, with great acting, numerous complex subplots, a creepy villain, amazing action scenes and a heart-thumping score. I really love this film and consider it one of Nolan's better works, and I wish more people on the Internet would start giving it more respect.

Oh, also, I really don't care about the small plot holes like the magic mechanical leg and Bruce appearing in Gotham when he was at the desert shortly before - do you really want to see ten minutes of Bruce using plastic surgery to fix his bone, or him in a airport going to Gotham?",2020-09-13T07:08:13Z,2021-06-23T15:58:44Z,https://www.themoviedb.org/review/5f5dc55d63d9370038b86aeb
61e3265207a8080041b32a23,49026,AstroNoud,AstroNoud,,/6zLnrhVdSDzTjhwjKxE5xQdk2Wu.jpg,9.0,"Even though the plot feels messier than the previous two installments, one cannot resist a smile after the unexpected twist and final scenes, which make ‘The Dark Knight Rises’ a worthy final chapter of Nolan's epical trilogy.

9/10",2022-01-15T19:53:54Z,2022-01-19T00:25:36Z,https://www.themoviedb.org/review/61e3265207a8080041b32a23
63133b9f564ec700915d096b,49026,CinemaSerf,Geronimo1967,CinemaSerf,/9HcQx0Yfbxy8eqr3ft66X9uWMf0.jpg,7.0,"Tom Hardy is superb in this denouement to Christopher Nolan's ""Batman"" trilogy. His depiction of the clever and malevolent ""Bane"" is intricate and terrifying in equal measure. Christian Bale also has the role very much under control now as he joins forces with his old pal ""Gordon"" (Gary Oldman) and jewel thief turned ""Catwoman"" (Anne Hathaway) to rise to his biggest challenge yet... What's great about this film is that is ties up all of the loose ends from the first two; it dots some i's and crosses the t's as the story neatly, and frequently quite subtly, introduces new threads to an old suit of clothes. This is an hugely characterful outing for all concerned - especially Sir Michael Caine as the wonderfully underplayed ""Alfred"" and Morgan Freeman as the arch-inventor ""Fox"". The plot takes it's time to develop, there is plenty of to-ing and fro-ing as they battle for the upper hand; new allies must learn to trust and to rely on each other. I found myself drawn to the ""Bane"" cause more than I ought to admit - a sign of a great baddie; you empathise with the evil (I think of ""Darth Vader"") especially once the story unveils traits in his character and elements of his history that, to a certain extent, justify his behaviour. The dialogue is sparing and potent and photography is really effective: the light and shade are used creatively with the Hans Zimmer score an huge improvement on his last outing. This is certainly one for a big screen - there is loads to see each time you watch, and though ""Batman"" was never my favourite super-hero, this has to be up there as one of the darkest and best super-hero films.",2022-09-03T11:33:51Z,2022-09-03T11:33:52Z,https://www.themoviedb.org/review/63133b9f564ec700915d096b
64484e450e4fc80509fe89bb,49026,Andre Gonzales,SoSmooth1982,Andre Gonzales,/ast1oGYDI7Li9daLuOV4UxGiXj.jpg,8.0,I enjoyed watching the Dark Knight. They were at least able to keep the same batman from the the last one made too.,2023-04-25T22:03:49Z,2023-04-25T22:03:49Z,https://www.themoviedb.org/review/64484e450e4fc80509fe89bb
64bd883fe9da6900af713a2d,99041,Jesse Midnitekrawlr,Midnitekrawlr,Jesse Midnitekrawlr,/5ZioTVIMJX306PXaZw0iH35tWjF.jpg,7.0,A moody serial killer slow burn with personality issues.,2023-07-23T20:06:23Z,2023-07-24T15:29:58Z,https://www.themoviedb.org/review/64bd883fe9da6900af713a2d
5d3f4b17cb30840010d677c1,28941,Wuchak,Wuchak,,/4KVM1VkqmXLOuwj1jjaSdxbvBDk.jpg,6.0,"***Killer security robots at a Southern Cal mall***

Security robots at a Los Angeles mall malfunction after a lightning strike and become a deadly threat to a group of youths partying at a furniture store after hours. 

“Chopping Mall” (1986) takes the malevolent robot idea of “Westworld” (1973) and places it in the mall setting of “Dawn of the Dead” (1978) with robots that look like malicious versions of “Short Circuit” (1986) and R2D2. “RoboCop” didn’t debut until the next year.

 Winsome girl-next-door Kelli Maroney is a highlight as protagonist Alison while Russell Todd from “Friday the 13th Part 2” (1981) is stalwart as Rick. Suzee Slater as Leslie is a’right. This is a spirited Grade B flick but at the end of the day it’s a throwaway; it’s fun and well-executed, but somehow hollow and forgettable.

The movie runs 1 hour, 17 minutes, and was shot in Los Angeles at the Sherman Oaks Galleria, which was also used in “Fast Times at Ridgemont High” (1982) and “Terminator 2: Judgment Day” (1991).

GRADE: B-/C+",2019-07-29T19:37:59Z,2021-06-23T15:58:24Z,https://www.themoviedb.org/review/5d3f4b17cb30840010d677c1
5c8c2c559251410ff69d42d8,84506,John Chard,John Chard,,/utEXl2EDiXBK6f41wCLsvprvMg4.jpg,7.0,"Now you are in my world-darkness!  

Eyes in the Night is directed by Fred Zinnemann and adapted to screenplay by Guy Trosper and Howard Emett Rogers from Baynard Kendrick's novel The Odor of Violets. It stars Edward Arnold, Ann Harding, Donna Reed, Stephen McNally, Katherine Emery, Allen Jenkins, Stanley Ridges and Friday the dog. Photography is shared between Robert Planck and Charles Lawton and the music is scored by Lennie Hayton. Plot finds Arnold as blind detective Duncan Maclain, also a judo expert, he is always accompanied by his intelligent seeing-eye dog, Friday. Maclain is called on to a murder case for his friend, Norma Lawry (Harding), but the body is missing and there appears to be something very sinister going on at the Lawry family home.

A cracking little thriller boosted by a top cast (Donna Reed playing a bitch step-daughter!) and moody photography. What it lacks in simplicity of plot it more than makes up for in terms of execution and tone, with the added ""gimmick"" of the detective being blind further enhancing the effectiveness of the picture. In fact, that Arnold is so good, and his dog so brilliant (seriously, this is one great dog), it marks this out as ingenious considering the limits of the Wartime story. Zinnemann knits it together skillfully, never letting the pace sag or the tension drop, while there's some great scenes dotted throughout: such as one filmed in total darkness, lit up intermittently by the flash of pistol fire. With the film 99% set at night of in darkened rooms, this lets Planck (The Canterville Ghost/Moonfleet) & Lawton (3:10 To Yuma/The Tall T) dally in atmospheric shadows and murky low lights.

Clocking in at a slim 80 minutes with never a dull moment, Eyes in the Night is one of the more enjoyable film's of its type. Deserves a bigger audience. 7.5/10",2019-03-15T22:51:01Z,2024-05-16T15:22:21Z,https://www.themoviedb.org/review/5c8c2c559251410ff69d42d8
62b7fc2ee1faed0b8116f33f,84506,CinemaSerf,Geronimo1967,CinemaSerf,/9HcQx0Yfbxy8eqr3ft66X9uWMf0.jpg,6.0,"This is quite an enjoyable thriller with a strong performance from Edward Arnold as ""Jim McLain"" - a blind detective who is sought out by his old pal ""Norma"" (Ann Harding) to try to help her put off one of her old boyfriends who is courting her 17 year old stepdaughter. When the cradle-snatcher is found murdered and his friend is the chief suspect, he arrives at her home with his agile guide dog ""Friday"" and soon discovers a complex Nazi plot to obtain secret papers from her husband. Frankly, the plot's all a bit far-fetched, but Arnold is on super form - especially on the organ, as is his very fleet-of-foot canine companion. Mantan Moreland also shows up now and again in his usual butler's guise to add a little humour to the proceedings and all in all this is a decent piece of wartime cinema.",2022-06-26T06:26:54Z,2022-06-26T06:26:54Z,https://www.themoviedb.org/review/62b7fc2ee1faed0b8116f33f
5f15d9da626208003662e2a4,20760,r96sk,r96sk,,/mwR7rFHoDcobAx1i61I3skzMW3U.jpg,6.0,"Definitively better than <em>'Stitch! The Movie'</em>, though <em>'Lilo & Stitch 2: Stitch Has a Glitch'</em> is still a pretty disappointing sequel.

The premise is uneven, everything involving Stitch and his glitch is actually quite good. However, they drag that out in order to add some stuff with Nani/David and Lilo herself, all of which isn't at all interesting; though there is, at least, a bit of heart in the way Lilo's storyline ends.

Speaking of Lilo, Dakota Fanning replaces Daveigh Chase in the role. Fanning is solid if a little more wooden, Chase's voice feels more natural. Chris Sanders gives an amusing performance as Stitch, while none of the others stand out all that much.

Still way inferior to 2002's <em>'Lilo & Stitch'</em>, but thankfully it doesn't turn into pure toilet viewing like many other straight-to-video sequels from this studio.",2020-07-20T17:52:26Z,2021-06-23T15:58:40Z,https://www.themoviedb.org/review/5f15d9da626208003662e2a4
62bf4c08e942be040c14bef0,48286,CinemaSerf,Geronimo1967,CinemaSerf,/9HcQx0Yfbxy8eqr3ft66X9uWMf0.jpg,6.0,"This is a rather better than usual offering from PRC (aka Poverty Row Cinemas) that sees Barbara Slater (""Norma"") show up at the apartment of her very long-estranged husband's new fiancee - ""Vicki"" (Mary Beth Hughes) declaring that they would not be getting married anytime soon... What adds to the mystery is just quite why this woman would show up seven years after husband ""Larry"" (Hugh Beaumont) last clapped eyes on her... They decide to confront her, only to discover that she has already gone the way of the dodo. Luckily for ""Larry"" - he has a cast iron alibi - drunk as a lord asleep on the couch of cabaret singer """"Lucille"" (Claudia Drake) at the 711 club; so ""Vicki"" decides to investigate - quite a perilous procedure as it turns out. It's only just over the hour, and the story ticks over nicely. A few red herrings and solid performances from Beaumont, Hughes and Edmund MacDonald (""Lucky"") - the dodgy looking owner of the club.",2022-07-01T19:33:28Z,2022-07-01T19:33:28Z,https://www.themoviedb.org/review/62bf4c08e942be040c14bef0
646d792133a37600e67c7525,9490,Andre Gonzales,SoSmooth1982,Andre Gonzales,/ast1oGYDI7Li9daLuOV4UxGiXj.jpg,6.0,Cant lie I still like to get high and watch this movie. Really there's no other way to watch it. The movie isn't funny when your sober. Drunk even it's funny.,2023-05-24T02:40:33Z,2023-05-24T02:40:33Z,https://www.themoviedb.org/review/646d792133a37600e67c7525
5355cd8ec3a36841d600046a,16662,John Chard,John Chard,,/utEXl2EDiXBK6f41wCLsvprvMg4.jpg,9.0,"If you don't kill me right now, it'll be the last mistake you make.

La resa dei conti (The Big Gundown) is directed by Sergio Sollima and written by Sollima and Sergio Donati. It stars Lee Van Cleef, Tomas Milian, Walter Barnes and Gerard Herter. Music is by Ennio Morricone and cinematography by Carlo Calini.

Superior Spaghetti Western with shades of Zapata for good measure, The Big Gundown finds Van Cleef as bounty hunter - cum -  unofficial lawman Jonathan Corbett, whose reputation for bringing in the criminals, dead or alive, has caught the attention of business baron Brockston (Barnes). With an interest in getting into politics, Corbett is sold on Brockston’s offer of political help if he will do a job for him. The job is to hunt down a Mexican rogue by the name of Cuchillo (Milian) who is alleged to have raped and murdered a 12 year old girl. Tracking Cuchillo across the land, the Mexican proves to be a slippery customer, and more importantly, Corbett begins to doubt the veracity of the charges against him.

Adios Amigo.

What do you need for a great Italo Western? A leading man with screen presence supreme? Check! Rogue antagonist able to overact opposite the leading man whilst still exuding charm personified? Check! Scorching vistas? Check! A musical score so in tune with the story it’s a character all by itself? Check! And violence? Check! Sollima’s movie has it all.

Much of the film is about the manhunt and how the two men involved develop a relationship. Cuchillo claims he’s being set up and seems to have friends in every town featured in the play. Corbett is a dandy with a gun, but he’s not perfect, he can be outsmarted and get caught cold. There’s good thought gone into the screenplay in this respect, not putting the anti-hero up as an infallible superman.

Then there’s the side-bar narrative strands that show Sollima’s political bent, even though this is hardly a heavily politico piece. From class struggles and racism, to asides on the justice system and the fat cats who operate around the system, Sollima does enjoy dangling such carrots. With zippy set pieces fuelled by brooding machismo that is in turn enhanced by the top work from Carlini and Morricone (it's one of Moricone's best scores, real dynamite), this is grade “A” Spaghetti and well worth feasting on. 9/10",2014-04-22T02:01:50Z,2024-05-16T15:22:04Z,https://www.themoviedb.org/review/5355cd8ec3a36841d600046a
5711bee492514166fa001b9b,26196,talisencrw,talisencrw,,,7.0,"Needless to say, my favourite Quentin Tarantino film is 'Jackie Brown'. I enjoyed the action, and Tamara Dobson was gorgeous (I can't believe she was 6'2""! Wow!). I wish she had done more movies, and hadn't died so young (at age 59, of pneumonia and multiple sclerosis). Though director Starrett (who died even younger, of kidney failure) mainly did TV work, I loved his 'Race with the Devil', which was from around this time. He was very good at these kind of films, at both presenting action set-pieces and building suspense.

I would like to see ALL of these 'urban action' films. Though from my movie-watching experience, I find that I tend to prefer films from before 1970, these films from the 70's are great too, and are a lot more enjoyable to me than most films I see today.

I sincerely hope that, like in 'Cleopatra Jones', the filmmakers of today could concentrate on actors' presence and stunts, rather than simply go with CGI. I for one would be a lot happier as a cinephile.",2016-04-16T04:26:12Z,2021-06-23T15:57:46Z,https://www.themoviedb.org/review/5711bee492514166fa001b9b
50e636ce760ee3707c3944fa,490,Andres Gomez,tanty,Andres Gomez,,8.0,Interesting and iconic movie about faith and the meaning of life. A must seen.,2013-01-04T01:56:30Z,2021-06-23T15:57:20Z,https://www.themoviedb.org/review/50e636ce760ee3707c3944fa
64a5bf6a5a9915013a232198,490,Filipe Manuel Neto,FilipeManuelNeto,Filipe Manuel Neto,/nidqITf735x9xxHfncXkT9BmOQ7.png,8.0,"**The universality and invincibility of Death, the fear of dying, the importance of faith and its use by the Church in a timeless film, but not suitable for everyone.**

The film, set in the late Middle Ages, begins with a knight returning to his homeland in Sweden after participating in the crusades. When he spots the figure of Death, who has come to get him, he decides to try to gain time by inviting her to play chess: if he wins the game, Death will not take him.

What follows is a huge film essay around the themes of death, beliefs, faith, religion and the role of spirituality in human experience. While the plague is raging and claiming victims, we see people increasingly scared, and blindly resorting to faith to protect themselves from what looks like the end of times. We see people's daily lives, with their mistakes, virtues, sins and difficulties. We see the knight himself, with a growing fear of dying and struggling with deeper and deeper doubts about faith, the existence of God. Furthermore, we also see how the Church exploited the fear of death to reinforce its power, influence and relevance within uneducated communities shaken by the epidemic. The ending is simple, but there is a deep meaning in it.

Swedish filmmaker Ingmar Bergman's masterpiece seems to have its origins in his own fear of death. Max von Sydow, who gave life to the knight, is the greatest actor present in the film and gives us a strong and impactful performance. The film has gained notoriety over the decades and has become one of the most timeless and culturally significant classics of European cinema. However, it is not a film for everyone. Its simplicity, the way it approaches very complicated and philosophical themes and the ending that is difficult to understand at first glance are more than enough reasons why many people do not like this film, and I have to admit that there is a reason. For me personally, it wasn't a success, it's not a movie you want to see regularly, but I recognize its value.",2023-07-05T19:07:22Z,2023-07-05T19:07:22Z,https://www.themoviedb.org/review/64a5bf6a5a9915013a232198
6898b68600938a0ca65d1008,490,CinemaSerf,Geronimo1967,CinemaSerf,/9HcQx0Yfbxy8eqr3ft66X9uWMf0.jpg,7.0,"Now of course everyone’s favourite Max von Sydow film is “Flash Gordon” (1980) but I reckon this performance for Ingmar Bergman might be almost as good! With the dreaded Black Death sweeping his homeland, “Block” (MvS) returns from the Crusades with his squire “Jöns” (Gunnar Björnstrand) only to find himself barely off the boat before he encounters the apparently quite reasonable grim reaper himself. “Block” invites him (Bengt Ekerot) to play a game of chess, on condition that he is left to live for the duration of the game and that if he wins, then he is to be allowed to go free. The game isn’t played as one continuous effort, though, and that allows the knight to travel the land experiencing just how the toxic combinations of the sickness and the religious wars have impacted on a population rife with poverty, fear and superstition. Indeed, as the pair attempt to get to their homes, “Block” begins to doubt his own hitherto unshakeable faith in God. There might be a semblance of salvation on the horizon for him, though, when they encounter a group of travelling actors whom he agrees to act as bodyguard for through the perilous forest en route to his castle. It’s his association with “Mia” (Bibi Andersson) and husband “Jof” (Nils Poppe) that might just give him the ammunition to defeat his constant companion - assuming, after all of this, that he actually wants to. The photography and scenario are bleak and effective whilst the questions and scepticism about many things religious as well as the conflict experienced by this honourable man are also really quite poignantly expressed by an actor whose measured and considered performance is powerful. It’s a potent look at the positives and negatives of faith and of the dangers to that faith when it is rationally questioned by a man faced with it’s unfairness and inconsistencies. It packs a lot onto ninety minutes, asks some fairly fundamental questions and still looks great in monochrome on a big screen.",2025-08-10T15:11:02Z,2025-08-10T15:16:07Z,https://www.themoviedb.org/review/6898b68600938a0ca65d1008
674d8d05e7d6f8292e0b8d3d,40618,CinemaSerf,Geronimo1967,CinemaSerf,/9HcQx0Yfbxy8eqr3ft66X9uWMf0.jpg,7.0,"Marlon Brando proves he has quite the comic touch as serial seducer ""Benson"" who encounters the suave sophisticated David Niven ""Jameson"" - a man after his own heart - who poses as an exiled Prince on the French Riviera to fleece a wealthier clientele. Together they join forces with considerable success until Shirley Jones (""Janet Walker"") arrives on the scene and soon the two men are at loggerheads determined to be ""King of the Mountain"". Niven is in his element here, and the three gel well on screen with good pace and plenty of witty one-liners as Jones craftily manipulates both men. The production is polished, and although the humour is a little too slapstick at times (never my favourite) this is an enjoyable little comedy that spawned many a successor - none, in my view, as good as this original.",2024-12-02T10:33:41Z,2024-12-02T10:33:41Z,https://www.themoviedb.org/review/674d8d05e7d6f8292e0b8d3d
50b1cb6e760ee3232900041f,755,Dark Jedi,Dark Jedi,Dark Jedi,,10.0,"This movie is directed by Robert Rodriquez and has a screenplay by Quentin Tarantino who also has a role in the film. This is actually one of the first movies by Robert Rodriguez and Quentin Tarantino that I watched and from then on I pretty much became a fan of them both. So, when it came out on Blu-ray a while ago I had to get it for the collection of course.

When I and my dear wife first watched this movie we did not really know what it was all about. We thought it was just another robbery/criminal story and the first half of the movie it is indeed “just” a robbery/criminal story. It is a fairly violent one at that which should be no surprise given who it is that have their fingers in the movie.

Then half way into the movie everything goes wild when the vampires enter the scene. I remember going “what the f…” when I first saw it since I wasn’t really expecting it to be a vampire movie at all.

The movie is quite a rollercoaster ride which bears all the trademarks, in particular lots of bizarre violence, of the Rodriguez/Tarantino couple. Needless to say this is one of my favourite cult/bizarre movies.",2012-11-25T07:40:30Z,2024-05-16T15:21:14Z,https://www.themoviedb.org/review/50b1cb6e760ee3232900041f
5f9c5404f0317400367fba86,755,John Chard,John Chard,,/utEXl2EDiXBK6f41wCLsvprvMg4.jpg,9.0,"Outrageous!

It was probably the most fun I had at the cinema back in 1996. I absolutely love ""From Dusk Till Dawn"", very much one of those films that you either buy into or you don't. There's no surprise element with the film, you get everything that director Robert Rodriguez and writer Quentin Tarantino said you would get - a hard buttocked road movie that turns into a raging ""B"" horror movie gore fest.

The plot, for what's it's worth, sees two criminal brothers, Seth (George Clooney) & Richie Gecko (Tarantino) on the lam after Richie breaks Seth out of prison. They are heading for the haven of Mexico with wads of cash garnered from a robbery. After overcoming a couple of fatal (for others) hiccups, the brothers, in need of a vehicle, kidnap faithless minister Jacob (Harvey Keitel), his daughter Kate (Juliette Lewis) and adopted son Scott (Ernest Liu). From here they must make it to a rendezvous point in Mexico - a bar called ""The Titty Twister"", where they will exchange cash with a friend of Seth's and start their new lives as Mexican civilians. Trouble is, is that ""The Titty Twister"" isn't no ordinary bar, it's a vampire stronghold and the Geko's - and their newly acquired captives, are on the menu. Can they make it till dawn and let the daylight be their saviour?.

Swearing, blood, limbs severed, nudity, violence, sexual references, guns, more violence, more blood, other weapons, lots of teeth, bats, a snake, more violence. On it goes really, yet as Rodriguez and Tarantino start thrusting a blunt blade into your stomach, you really should be feeling them also caressing the funny bones in both your arms. For it's a key point that ""From Dusk Till Dawn"" is a damn funny film as well, something that bizarrely many critics have failed to understand. Honestly you can go to various sites and read people saying the characters are shallow, or the plot is preposterous!! Dear me, it staggers the mind. Hey don't like the film by all means, but failure to understand its genre leanings and homage persuasion is as funny as Cheech Marin is in the movie (one of many awesome ""B"" cult movie actors in the pic). It's bonkers and silly as hell, but once a fan of ""From Dusk Till Dawn"", you are a fan for life. Well as long as you don't venture out to ""The Titty Twister"" yourself of course..

Welcome To Slavery. 9/10",2020-10-30T17:57:24Z,2024-05-16T15:22:29Z,https://www.themoviedb.org/review/5f9c5404f0317400367fba86
636bcfaac2bcc600c3bc5e9d,755,CinemaSerf,Geronimo1967,CinemaSerf,/9HcQx0Yfbxy8eqr3ft66X9uWMf0.jpg,6.0,"So ""Seth"" (George Clooney) and his nasty brother ""Richard"" (Quentin Tarantino) leave a trail of death and mayhem as they head to the safety of Mexico after robbing a bank then trashing a convenience store and a motel! Close to the border, they abduct a pastor ""Jacob"" (Harvey Keitel) and his family and use them to slip un-noticed across the border before heading to a lively brothel ""Titty Twister"". Once there, and suitably tanked up with booze, they discover that there is something distinctly fishy (and it's not just with the stockings) as darkness descends and the clientele, well let's just say they get hungry... What now ensues is a bloodbath worth of any Hammer film - and frankly, it's of about the same standard. Tarantino may well be formidable behind the camera, but in from of it he is hopeless. Clooney fares a little better but it's really only Keitel who manages to keep this increasingly farcical film moving along for what seems like an age. I found what passed for humour to be pretty vulgar and tawdry and to be honest, I was rather bored with the relentlessness and repetition of the whole thing one we had got past the obligatory violent stages of the plot development. Was it supposed to be a comedy? You tell me - but either way, I won't bother watching it again.",2022-11-09T16:04:58Z,2022-11-09T16:04:58Z,https://www.themoviedb.org/review/636bcfaac2bcc600c3bc5e9d
644178e9d35dea04d9fa749c,755,Wuchak,Wuchak,,/4KVM1VkqmXLOuwj1jjaSdxbvBDk.jpg,5.0,"**_Intelligent writing, cool style, kinetic thrills, cartoony horror, good cast and Salma Hayek_**

Two violent thugs in Texas (George Clooney and Quentin Tarantino) take hostage a disillusioned ex-minister (Harvey Keitel) and his son & daughter (Ernest Liu & Juliette Lewis). They escape into Mexico where they stop at a desert strip joint in order to rendezvous with their contact in the morning (Cheech Marin). Horror ensues. 

""From Dusk Till Dawn"" (1996) is a crime thriller/horror directed by Robert Rodriguez from Tarantino's script. Mixing ""Pulp Fiction"" (1994) with the basic plot of ""Vamp"" (1986) and bits of ""The Lost Boys"" (1987) and ""The Evil Dead"" (1981), it pulsates with hip energy and flair. 

Clooney shines in his first feature film as the antagonist-turned-protagonist. Salma Hayek's dance routine is jaw-dropping and iconic. The movie blends weighty spirituality with extreme irreverence, violence, gore and comic booky evil for a entertaining flick, if you can stomach the nasty elements. It's not scary at all; but it's fun and thrilling in an increasingly farcical context, with thoughtful dialog and black humor.

The film runs 1 hour, 48 minutes, and was shot in Barstow, Lancaster, Calico Dry Lake and Los Angeles, California; as well as Chihuahua, Mexico. The cast also includes: Tom Savini, Fred Williamson, Danny Trejo, Michael Parks, John Saxon and Kelly Preston.

GRADE: B",2023-04-20T17:39:53Z,2023-04-20T17:39:53Z,https://www.themoviedb.org/review/644178e9d35dea04d9fa749c
5997f1e7c3a368207e003b69,36459,John Chard,John Chard,,/utEXl2EDiXBK6f41wCLsvprvMg4.jpg,7.0,"The Bingham County Bully.

Man in the Shadow is directed by Jack Arnold and written by Gene L. Coon. it stars Jeff Chandler, Orson Welles, Colleen Miller, Ben Alexander, John Larch and Barbara Lawrence. Uncredited music is by Hans J. Salter and Herman Stein, and cinematography by Arthur E. Arling.

The cattle town of Spurline is ruled by Virgil Renchler (Welles), one man refuses to bow to his despotic rule - Sheriff Ben Sadler (Chandler).

Obreos No Son Permitidos A Traves De Esta Cerca.

The above statement means that field hands are not permitted beyond this fence, it's an opening salvo that greets viewers of this atmospheric and relevant CinemaScope picture, and it's something that perfectly sets up the unseemly tone of the story.

The story is simple enough, a town is run by an unsavoury business man who thinks he and his cronies are above the law, the townsfolk think he is as well and tow the line, even in view of the overt racism and treatment to those of other ethnicity. When a murder is committed it brings in the upright and loyal to the law Sheriff, who as you might guess will have to stand alone against tyranny.

""Now you're shocked? All you decent people were shocked? For god's sake why? Because my name's Ben Sadler instead of Juan Martine, cuz I'm a tax payer instead of a drifter?""

With mood established, both in narrative thrust and monochrome magic, film is more concerned with political bile, the abuse of power and troubled consciousness than being an action piece. You may well know how this is all going to end, but it's told and performed in such a gripping fashion that it holds court from first frame til last. A number of striking images would grace many a film noir, the night shots of the town, a dastardly crime perpetrated in the shadow of a swinging lamp, the ominous lighting of the Renchler Ranch, and then there's the potency of the criminal acts, which are admirably constructed. Both Arnold and Arling proving to have keen eyes for visual impact.

Welles doesn't have to stretch himself but makes a telling mark as the big bad, while Larch does a nice line in snarly henchmen villainy. Sadly where Miller is concerned, as Renchler's daughter it's a token role that any gal could have played, the role seemingly only serving to have her strip to her undies and be annoyed with her dad. Head and shoulders above everyone is Chandler, there are those who call him wooden (amongst over things), not a bit of it. The right role, such as this, showcases his worth, his subtleties, his physicality and a calming grace that makes one lament his too short career and life.

Thematically this sort of piece has been done much better elsewhere, but this is laudable stuff all told and well worth discovering for potential first time viewers. 7/10",2017-08-19T08:08:07Z,2024-05-16T15:22:17Z,https://www.themoviedb.org/review/5997f1e7c3a368207e003b69
5997f50392514125c2008e73,36459,John Chard,John Chard,,/utEXl2EDiXBK6f41wCLsvprvMg4.jpg,7.0,"The Bingham County Bully.

Man in the Shadow is directed by Jack Arnold and written by Gene L. Coon. it stars Jeff Chandler, Orson Welles, Colleen Miller, Ben Alexander, John Larch and Barbara Lawrence. Uncredited music is by Hans J. Salter and Herman Stein, and cinematography by Arthur E. Arling.

The cattle town of Spurline is ruled by Virgil Renchler (Welles), one man refuses to bow to his despotic rule - Sheriff Ben Sadler (Chandler).

Obreos No Son Permitidos A Traves De Esta Cerca.

The above statement means that field hands are not permitted beyond this fence, it's an opening salvo that greets viewers of this atmospheric and relevant CinemaScope picture, and it's something that perfectly sets up the unseemly tone of the story.

The story is simple enough, a town is run by an unsavoury business man who thinks he and his cronies are above the law, the townsfolk think he is as well and tow the line, even in view of the overt racism and treatment to those of other ethnicity. When a murder is committed it brings in the upright and loyal to the law Sheriff, who as you might guess will have to stand alone against tyranny.

""Now you're shocked? All you decent people were shocked? For god's sake why? Because my name's Ben Sadler instead of Juan Martine, cuz I'm a tax payer instead of a drifter?""

With mood established, both in narrative thrust and monochrome magic, film is more concerned with political bile, the abuse of power and troubled consciousness than being an action piece. You may well know how this is all going to end, but it's told and performed in such a gripping fashion that it holds court from first frame till last. A number of striking images would grace many a film noir, the night shots of the town, a dastardly crime perpetrated in the shadow of a swinging lamp, the ominous lighting of the Renchler Ranch, and then there's the potency of the criminal acts, which are admirably constructed. Both Arnold and Arling proving to have keen eyes for visual impact.

Welles doesn't have to stretch himself but makes a telling mark as the big bad, while Larch does a nice line in snarly henchmen villainy. Sadly where Miller is concerned, as Renchler's daughter it's a token role that any gal could have played, the role seemingly only serving to have her strip to her undies and be annoyed with her dad. Head and shoulders above everyone is Chandler, there are those who call him wooden (amongst over things), not a bit of it. The right role, such as this, showcases his worth, his subtleties, his physicality and a calming grace that makes one lament his too short career and life.

Thematically this sort of piece has been done much better elsewhere, but this is laudable stuff all told and well worth discovering for potential first time viewers. 7/10",2017-08-19T08:21:23Z,2024-05-16T15:22:17Z,https://www.themoviedb.org/review/5997f50392514125c2008e73
69025eb7b6590084f3ee7a7d,27984,Wuchak,Wuchak,,/4KVM1VkqmXLOuwj1jjaSdxbvBDk.jpg,7.0,"**_Stuck in a remote desert town in northwest Nevada_**

This is a coming-of-age drama mixed with quirky murder mystery involving eccentric people living in the lonely wasteland, such as the mechanic who refuses to ‘worship Mammon’ (Richard Masur) offset by the high-strung shop owner (Susan Tyrrell). Matt Frewer and Drew Barrymore work well as the father & daughter who dearly love each other despite the typical family issues. Meanwhile the malevolent remote-controlled vehicle is reminiscent of the amusing one in Eastwood’s “The Dead Pool,” released the previous year.

In the feminine department, Drew was 13½ during shooting in August, 1988 (which technically started filming on July 25th). She’s a blossoming beauty, just way too young. That leaves us with the stunning Karen Austin, who was 32 years-old during shooting, as well as the inimitable Jennifer Tilly, who was a month shy of 30; regrettably, their roles are pretty small.

Nine years after this was released “Desert Blue” borrowed the plot, minus the whodunit angle, for a more mundane story. The abandoned skeleton of a building here is exchanged for an ominous cola factory. By contrast, this one goes over-the-top with sporadic thriller bits, which will inspire some viewers to roll their eyes.

It runs 1 hour, 29 minutes, and was shot in northwest Nevada, mostly Gerlach, which is a 2.5 hour drive northeast of Lake Tahoe, but also American Flats (the cement structure), which is a few miles south of Virginia City. Carson City is also listed. 

GRADE: B",2025-10-29T18:36:39Z,2025-10-29T18:36:40Z,https://www.themoviedb.org/review/69025eb7b6590084f3ee7a7d
68db74329001c5f06de1c5f2,55680,Alunauwie,Alunauwie,,,5.0,"The Craigslist Killer offers an intriguing premise based on a true crime, but focuses more on romantic drama than psychological tension, leaving its thriller potential underexplored. Weak character development and a lack of emotional depth hinder the impact of its core message—that people can hide dark secrets behind perfect facades. Though the story is systematic, its rushed resolution and unclear tone make it fall short of its gripping potential.

Read the full review here: (Indonesian version : alunauwie.com) and  (English version : uwiepuspita.com)",2025-09-30T06:09:54Z,2025-09-30T06:09:54Z,https://www.themoviedb.org/review/68db74329001c5f06de1c5f2
637bb0dffab3fa007fbfdd6e,24973,CinemaSerf,Geronimo1967,CinemaSerf,/9HcQx0Yfbxy8eqr3ft66X9uWMf0.jpg,6.0,"Edmund Purdom plays the title role in this scalpel-and-sandal melodrama that may be loosely based on ""The Tale of Sinuhe"" from the 12th and 13th dynasties (c. 1900 BC) as a physician and his friend who encounter the Pharaoh (Michael Wilding) in the desert and rescue him from a lion after he has had some sort of fit. ""Sinuhe"" becomes a wealthy and well patronised doctor to the court and to the rich and famous and the film takes us through his, and the kingdom's, ups and downs. Victor Mature plays his ambitious friend Horemheb; Peter Ustinov is great as the rather morally challenged ""Kaptah"" and Bella Darvi is super as the enigmatic ""Nefer"". The writing is a bit long-winded and the acting stilted, but Michael Curtiz keeps it just about moving until a rather flat ending.",2022-11-21T17:09:51Z,2022-11-21T17:09:51Z,https://www.themoviedb.org/review/637bb0dffab3fa007fbfdd6e
5ff8f786fcec2e003e138672,14202,Peter McGinn,narrator56,Peter McGinn,/tVbrLJzA2RwRlE7dJLJG54UsAkq.jpg,8.0,"This movie seemed vaguely familiar to my wife like we had seen it before, but it all seemed new to me when we recently watched it. We both enjoyed it. I wasn’t concerned when a few reviews remarked that it moved slowly, as we have always appreciated movies that build a quiet story carefully, and mostly this one did that.

My only criticism is that at the outset of the movie, I didn’t quite believe that Walter was in love with Kitty. He said he was, but I wonder if a scene or two showing him falling for her ended up on the cutting room floor. He merely seemed to stalk her around the party and want to marry her before he left for China. Similarly, Kitty falling for Charlie didn’t seem well constructed. It felt like one scene they stared at each other, flirted a bit, and the next scene they are in bed.

But once I suspended that bit of disbelief, the film was great. Gradually Kitty develops as a character, and her marriage begins to be rebuilt from the rubble of her earlier actions.

The final scene, a few years after the action in the bulk of the movie, brings the story full circle in a satisfying manner. All around a fine movie well worth watching patiently.",2021-01-09T00:23:34Z,2021-06-23T15:58:49Z,https://www.themoviedb.org/review/5ff8f786fcec2e003e138672
632ba18f6af9dd007fc72f8e,14202,badelf,badelf,,,7.0,"I enjoyed this film a good more than I expected I would, based on the poor critical response and so-so viewer scores. Fortunately, Norton and Watts saved the film by turning in phenomenal performances. The real problem is that we never get totally invested in the characters. Nevertheless, The Painted Veil is a real love story.",2022-09-21T23:43:11Z,2022-09-21T23:43:11Z,https://www.themoviedb.org/review/632ba18f6af9dd007fc72f8e
57045aca9251416437000346,20379,John Chard,John Chard,,/utEXl2EDiXBK6f41wCLsvprvMg4.jpg,8.0,"Frankenheimer's F1 Epic is Grand in Itself.

In truth the plot of Grand Prix is pretty wafer thin, with not enough story to fully justify the gargantuan run time, yet it's both thrilling and fascinating all the same. Plot essentially centers around the 1966 Formula 1 motor racing championship, with James Garner, Yves Montand, Brian Bedford, Eva Marie Saint and Toshiro Mifune heading up the large ensemble cast list. It deals with the trials and tribulations of the drivers, both on and off the track.

The human drama is a bit soapy, of which there is much, yet these narrative characterisations help to make us care and understand the protagonists at the core of the story. And of course when the drivers are out there on the track, we know their psychological make-ups, their driving mirroring their motives and emotional fortitude.

The racing segments are superbly filmed by Frankenheimer, with multi-angles used to maximise the experience, while he also uses split screen sections to fully immerse us with the key characters. Two crash sequences are genuinely heart stopping, filmed with a clarity that makes us realise that people actually do die in this sport. While the sound work and editing is quite simply stunning.

See it on the biggest screen you can, and for home formats get the best possible disc available. 8/10",2016-04-06T00:39:38Z,2024-05-16T15:22:08Z,https://www.themoviedb.org/review/57045aca9251416437000346
62af467d88b14800629996a6,74469,CinemaSerf,Geronimo1967,CinemaSerf,/9HcQx0Yfbxy8eqr3ft66X9uWMf0.jpg,7.0,"Paul Muni is super in this early biopic of the visionary French scientist who was the first to discover microbial causes for anthrax and rabies - and to develop a vaccine. Building upon his previously successful efforts to preserve wine, he struggles - despite opposition from first his Emperor, then his President and, of course, the highly sceptical scientific community in both his native France and overseas, to make any real headway against a staggering degree of intellectual bigotry. Gradually, though, by proving his theories in practice - and saving the lives of both animals and people, the tide begins to turn. It's an impressive film to watch, this - there is much more of the science on display (and in the writing) - the use of imagery of the test tube slides, the practical testing on man and beasts alike as well as his own medical issues all feature strongly and Muni delivers very well. His associates - for and against - are well represented by an ensemble of efficient character actors and the film has a poignancy that isn't cluttered by sentiment. Muni got his one Oscar (out of 6 nominations) for this and it's easy to see why.",2022-06-19T15:53:33Z,2022-06-19T15:53:33Z,https://www.themoviedb.org/review/62af467d88b14800629996a6
68c8517a3fb750dff6c9045e,79553,deepkino,deepkino,,/ighrBrJuNfBThJQqXzVFqZawpUO.png,7.0,"This is an excellent war film that avoids taking sides, instead using the South Korean viewpoint to explore the Korean War. It's a high-quality production in every sense: the cinematography, storytelling, and acting are all top-notch. Ultimately, the film is built around a central, powerful question: ""Why are we fighting?""",2025-09-15T17:48:42Z,2025-09-15T17:48:42Z,https://www.themoviedb.org/review/68c8517a3fb750dff6c9045e
5fa59477323eba004022cc34,8069,Kamurai,Kamurai,Kamurai,/sKeC7qZLAKreuwxH4x6U3mN7Aa8.jpg,6.0,"Decent watch, might watch again, but can't recommend unless it's for a Bad Movie Night.

I want to like this movie, it really might have been a great movie, once upon a time, but it still would have been a ""comedy-whatever"" movie, and it's humor is done well.

The production value is laughable 50 years later, but even so there are odd choices most likely done for the imagery or comedic effect.

It is worth noting the changes in the MPAA over the past 50 years: the movie begins with a ""zero g"" striptease with tits out and fully nude (I didn't look close enough to determine if the cat got out), and from then on, her tits are pretty much out for about half the run time, sometimes behind plastic or transparent fabric, but the movie is rated PG.

I want to like the movie, but it's so bizarre at times, and it's not a personal story for Barbarella it's an assigned mission, so it's hard to be invested in the actual story.",2020-11-06T18:22:47Z,2021-06-23T15:58:47Z,https://www.themoviedb.org/review/5fa59477323eba004022cc34
630d1b443d7454007dbf909a,8069,Filipe Manuel Neto,FilipeManuelNeto,Filipe Manuel Neto,/nidqITf735x9xxHfncXkT9BmOQ7.png,1.0,"**Revolutionary in its time, and still highly regarded today, it is an attack on good visual taste and brings a very stupid story.**

There are films that stand out because they are really very good, for the high quality of the production, the work of the actors and the story that is told. But a film doesn't become popular or iconic just for that... there are films that are so admittedly bad and strange that, in a way, they become remarkable and enter the so-called popular memory or collective memory. _Barbarella_ is a film inspired by a 60's comic book, and both the original material and the film itself were very influenced by the “hippie” culture, the libertarian ideas of May 68 and the Sexual Revolution. It was a time when eroticism became popular and massively sought after and exploited by the arts. Only if we understand this can we understand why this film is the way it is.

Despite doing justice to the source material, the script tells a story so fanciful and idiotic that only someone from that time could appreciate it: Barbarella is (I really don't want to have to take this stereotype, but it's blatant) a dumb blonde, immensely attractive, who is sent by Planet Earth to another galaxy, in search of a lost scientist and the weapons he had. She comes into contact with various aliens and is almost always seduced or ""convinced"" into having sex. At a certain point, she becomes involved in a rebellion against a queen of a perverse city, where they try to kill her in a machine that causes an ""overdose"" of sexual pleasure. Obviously, this fails, and the movie ends with the blonde astronaut winning.

I didn't see sex scenes in the film, but the character appears half-naked many times, which then was truly revolutionary – almost pornographic. For us, the way she is seduced is so clearly misogynistic that in some cases it would be a crime, and it's hard for me to think that the film was so calmly received, but those were other times. If this film were released now, without a doubt, it would be so controversial for its sexist sexuality that I think the feminist movements would boycott it. Also, the dialogues, the situations and the whole concept of the movie are pretty dumb.

The film was a French-American production and a good part of the cast is French-speaking, and I would like to highlight, on the positive side, the participation of the great Marcel Marceau, in a small but relevant speaking role. The director was Roger Vadim, and then he was married to the actress and sex symbol Jane Fonda, who, thus, secured the protagonist role. For future memory exist the statements, by the actress and the director, about Fonda's insecurity about herself and the way she didn't feel comfortable with the character and her nudity. Even so, and despite everything, Fonda did what she could with the terrible material she was given. We can still positively highlight the contributions of John Phillip Law and Anita Pallenberg.

Technically, the film stands out for its futuristic “trash” scenography, evident, for example, in the protagonist's ship and in the city of Sogo. It can be visually horrible, an attack on good taste or logic, but back then it was something quite avant-garde, as were the costumes, particularly Barbarella's sexy spacesuits (which could almost be used as bathing suits). The rest is pretty bad: the cinematography is boring and dull, the camera work is average, the soundtrack is kitsch.",2022-08-29T20:02:12Z,2022-08-29T20:02:12Z,https://www.themoviedb.org/review/630d1b443d7454007dbf909a
647b6ce117497300de665d76,8069,CinemaSerf,Geronimo1967,CinemaSerf,/9HcQx0Yfbxy8eqr3ft66X9uWMf0.jpg,5.0,"I can't help but wonder what Jane Fonda might think if she were to look back on this sexy sci-fi nonsense from 50 years ago. It is not alone in being terrible - there were plenty of drug-induced/enhanced films made in the late 60s so as to render this particular effort indeterminable from many others; but the fact that Fonda took on this role as an intergalactic space cadet on the search for ""Durand Durand"" and his (euphemistic ?) ""Positronic Ray"" is what is astonishing. The script is dreadful, the props buyer obviously didn't have the budget to stretch beyond paper mâché and bubble-wrap and the synthesised music is only marginally more interesting than that you might have heard in a Soviet lift around the same time. John Philip Law was already in his 30's when he agreed to dress in a large nappy and don some huge angelic wings as ""Pygar"" and Anita Pallenberg ""The Great Tyrant"" was pretty much never seen on screen again. It has acquired cult status, but as is usual with most similarly described films - nobody is ever truly sure why...",2023-06-03T16:40:01Z,2023-06-03T16:40:01Z,https://www.themoviedb.org/review/647b6ce117497300de665d76
656ccefe56846300cdb8f524,8069,JPV852,JPV852,,/xNLOqXXVJf9m7WngUMLIMFsjKgh.jpg,6.0,"Got the new Arrow Video 4K release and decided to give this another watch. Still not great but lots of fun to watch and of course Jane Fonda was sexy as hell. Wouldn't mind seeing the novel getting another adaptation, I can see someone like Edgar Wright giving it a shot (perhaps with Ana de Armas in the lead). **3.0/5**",2023-12-03T18:54:54Z,2023-12-03T18:55:37Z,https://www.themoviedb.org/review/656ccefe56846300cdb8f524
58eb3fc9c3a368731a088dd0,27582,Dark Jedi,Dark Jedi,Dark Jedi,,8.0,"When Jason Statham is good he is very good. In this movie I think he is very good as the silent, deadly killer for hire. It is a straightforward killer/action/thriller. The story is nothing new but it is a well working story which is nicely executed.

The story is, as I wrote above, not very original. Killer for hire finds out that his next target is his mentor and friend. As the professional he is he executes the job anyway but later discoverers that not all is as is should be. Time for revenge. A simple, straightforward and well working story.

Things are complicated a bit by Bishop taking his friend’s son under his wings. Of course he wants to walk in his fathers footsteps. He is inexperienced but also undisciplined. Something that, not surprisingly, is causing problems.

I do like that Bishop stays a no bullshit hardass killer throughout the entire movie. No whining or silly emotional outbreaks or breakdowns. I also like the unemotional, silent and deadly impression of a professional assassin the he radiates.

There are quite a few fairly well done action scenes in the movie ranging from silent assassinations to the obligatory blow things up scenes. The parts where Bishop and Steves goes after the big bad guy is quite well done with some quite cool stunts without being over the top.

The ending was probably the only thing in the movie that was a bit unexpected. Unexpected in a good way that is. I quite liked the little surprise there.

Overall I as well as my son liked this movie quite a lot. I hope that Mechanic: Resurrection is as good as this one.",2017-04-10T08:18:17Z,2024-05-16T15:21:15Z,https://www.themoviedb.org/review/58eb3fc9c3a368731a088dd0
5e206c56f04d0100150fd20d,27582,The Movie Diorama,themoviediorama,The Movie Diorama,/qSZuzbs51L4dOd0dP9fnSN2TWsM.jpg,5.0,"The Mechanic is unable to fix its mechanically mundane plot. “Amat Victoria Curran - Victory Loves Preparation”. Foreshadowing words engraved on the glossy barrel of Sutherland’s powerful pistol. Euphemism aside, West presents a remake of the Bronson-led action thriller that coincidentally features no vehicle mendings. That’s because, for those of you who aren’t subjugated to criminal organisations (hopefully all of you...), “mechanic” is slang for hitman. Despite Statham being bald and able to glue a fake tattoo of a barcode on that shiny cranium for a “propa laugh!”, unfortunately West was unable to title the feature “Hitman”. And so, he grabbed a wrench and proceeded into remake territory.

For what it’s worth, this is one of his more moderately tolerable features from the past decade. “Mechanic” Arthur Bishop is assigned the task of assassinating his mentor, subsequently taking his troubled son into training as a well-intentioned gesture. Naturally, Statham is slaying men in his wake with any object his eyes glisten towards, most notably a suitcase handle in this one. It’s clumsily edited, instantly forgettable and rarely hones in on the “making hits look like accidents” speciality. Expositional narration throughout, one or two plot twists that uphold no kinetic energy whatsoever and an incredible waste of Sutherland. Not to mention another “mechanic” having a weakness to young boys and small dogs. The two just don’t relate.

Interestingly, the film works when it’s divulging into the life of McKenna’s self-tortured son Steve, portrayed by the enigmatic, under-appreciated and consistent Foster. A reckless individual succumbed to illegal substances and a sleazy lifestyle to suppress his negligent upbringing. Undergoing cathartic vengeance in a bid to soothe the soul. His internal suffering forces his character to be the human component in what is otherwise a mechanical action thriller, packed full of explosions and rapid gunfire. It’s a battle of professionalism between the experienced Arthur and the inexperienced Steve, making for a surprisingly well-executed duel of wits.

The actual assassinations themselves were simple, although somewhat unimaginative, yet realistic. A few questionable moments, including a dumbfounded man glancing over at the tiniest of nuts (calm your mind...) that fell out of a grating, but nothing too outlandish. The utilisation of Schubert’s legendary piece Trio No. 2 in E-flat Major was revelatory, I must confess.

Having said that, The Mechanic is your standard Statham affair. Powered by a sensational supporting performance but weighed down by a mundane plot. Functional if immediately forgettable.",2020-01-16T13:59:50Z,2021-06-23T15:58:32Z,https://www.themoviedb.org/review/5e206c56f04d0100150fd20d
5a5bd5fdc3a368680d027543,46929,lwpcolonel,lwpcolonel,,,6.0,"After World War 2 the Disney studio had difficulty getting back to where they were prior to the war's disruptive affects on the studio's operations. Having said that, they produced what they called ""Package Features"", which contained multiple stories rather than just one feature, as was the case with ""Snow White"", ""Pinocchio"", and ""Fantasia"", prior to the war. 

This one, ""Fun And Fancy Free"", uses 2 story lines that were in development prior to the American declaration of War, in December of 1941. ""Mickey & the Beanstalk"", pictured on the cover, plus ""Bongo"" the 'Circus Bear'. 2 films that weren't fleshed out sufficiently to be a feature, on their own, but put together with Edgar Bergman and his act for narrative and time filling purposes. I have this and the others in this series on DVD for children and grandchildren, but this isn't Disney's best effort. There are special features on some of both the Video & DVD editions which does make the ""Package Feature"" worthwhile.

Other ""Package Features"" include, ""Melody Time"", ""Make Mine Music"", ""Three Caballeros"", ""The Adventures of Ichabod & Mr. Toad"". All produced in the late 1940s and having somewhat pieced together though highly watchable formats made to suit a young audience.",2018-01-14T22:13:17Z,2021-06-23T15:58:04Z,https://www.themoviedb.org/review/5a5bd5fdc3a368680d027543
62b7531c95acf00062dffc6f,29609,CinemaSerf,Geronimo1967,CinemaSerf,/9HcQx0Yfbxy8eqr3ft66X9uWMf0.jpg,5.0,"A storm causes a disparate group of passengers to become stranded overnight at a rural railway station. Before the superstitious station master leaves them for the night, he regales them with a tale of a phantom train that reputedly travels the adjacent closed line at night. He returns shortly afterwards, dies of shock - and we get treated to a rather theatrical mystery as they investigate what's going on... Kathleen Harrison is quite good as the dipsomaniac ""Miss Bourne"" as is Raymond Huntley as ""Price"" but the rest of the cast struggle to eclipse the domineering performance of the film's star Arthur Askey who, frankly, annoys his fellow travellers and the audience in equal measure. I suspect that those who enjoy this film will be fans of his Vaudevillian style of comedy; I'm afraid it doesn't much work for me and what could have been a fun little ghost story ended up being quite disappointing.",2022-06-25T18:25:32Z,2022-06-25T18:25:32Z,https://www.themoviedb.org/review/62b7531c95acf00062dffc6f
58a231c5925141179e000674,11,Cat Ellington,CatEllington,Cat Ellington,/uCmwgSbJAcHqNwSvQvTv2dB95tx.jpg,,"(As I'm writing this review, Darth Vader's theme music begins to build in my mind...)

Well, it actually has a title, what the Darth Vader theme. And that title is ""The Imperial March"", composed by the great John Williams, whom, as many of you may already know, also composed the theme music for ""Jaws"" - that legendary score simply titled, ""Main Title (Theme From Jaws)"".

Now, with that lil' bit of trivia aside, let us procede with the fabled film currently under review: Star Wars. It had been at a drive-in theater in some small Illinois town or other where my mother, my older brother, and I had spent our weekly ""Movie Date Night"" watching this George Lucas directed cult masterpiece from our car in the parking lot. On the huge outdoor screen, the film appeared to be a silent one, but thanks to an old wire-attached speaker, we were able to hear both the character dialogue and soundtrack loud and clear. We even had ourselves a carful of vittles and snacks - walked back to our vehicle, of course, from the wide-opened cinema's briefly distant concession stand. Indeed, it had been a lovely summer evening that July.

From the time the film started, with my brother and I following along as our mother sped-read the opening crawl, I began to feel rather antsy, thinking that this movie, the first in a franchise that would soon be world-renowned, was going to be boring, due to its genre being Science Fiction: A respectably likable, but not a passionately lovable genre of mine DURING THAT TIME. I just didn't believe I was going to like Star Wars all that much ... But I soon found myself intrigued ... And awed.

George Lucas is a man with a phenomenal, and I do mean phenomenal imagination. Apart from his human characters (Han, Luke, Leia, and Obi-Wan Kenobi, among others), the droids: C-3P0, R2-D2, R2-series, and IG-88, not to mention those unusual characters like Jabba the Hutt, Yoda, and Chewbacca, just to name a few, are all creations of Lucas's phenomenal imagination. And I was completely in awe of each one of these strange beings. Then there was Vader ... And the evil Emperor ... And the Stormtroopers ... And the Spacecraft ... And the galaxies (I'll admit that I am a huge lover of the Universe in all its Celestial glory) ... And the magnificent planets ... The Lightsabers ... And so on. Star Wars is a gorgeously shot space opera; it is truly an epic masterpiece. We enjoyed this film tremendously. And my brother was a die-hard fan from that night onward. He, my brother, had even received for Christmas that year, nearly every Star Wars action figure that my mother could find, including two of the spacecraft: The Millennium Falcon and Star Destroyer. The Death Star space station had too been wrapped beneath our Christmas tree - tagged with his name. It was totally crazy, what the new Star Wars era. Frenzied! But it was great ... Even still, to this day.

I don't personally know anyone whom has yet to see Star Wars, but that certainly doesn't suggest there are still a few people out there who haven't. And if you're one of the latter, then you should know that this classic space opera comes highly recommended. The entire series is told backwards, so you'll definitely want to see Star Wars first, followed by its two sequels: The Empire Strikes Back and Return of the Jedi ... In that order. I trust that you'll too discover yourself to be a lifelong cult fan in the wake. 😊",2017-02-13T22:23:01Z,2021-06-23T15:57:53Z,https://www.themoviedb.org/review/58a231c5925141179e000674
5d340e7a2f8d090388d21ff2,11,John Chard,John Chard,,/utEXl2EDiXBK6f41wCLsvprvMg4.jpg,10.0,"A long time ago in a childhood not too far away...

Princess Leia is captured and held hostage by the Imperial Army as it seeks to rule the Galactic Empire. An old Jedi Knight by the name of Ben ""Obi-Wan"" Kenobi may just be hers, and the rebels only hope. Teaming up with farm boy Luke Skywalker, scoundrel Captain Han Solo, and a couple of quirky droids, Kenobi sets off on a mission that could well shape the destiny of the Galaxy, and all who dwell within it.

Back in 1977 I was but a wee 11 year old boy, weened on films from all genres by my movie loving parents, I had no idea that Star Wars was to have the same impact on me as Jaws had two summers previously, where yet again I found myself queueing around the block for two whole hours to see a film in a one screen theatre. My love of cinema firmly cemented, Star Wars was the start of a love affair that lasts to this very day.

As the years have rolled by and my love of cinema has taken on more in-depth and serious tones, I have come to realise that Star Wars proves to be a far from flawless picture. Certainly its detractors do point to some frayed acting and call the plot structure a jazzed up good versus evil axis, while the charge of George Lucas referencing many prior pictures most assuredly stands, but really do those things matter? No they do not, because Star Wars opened up a new world of cinema, something of a portal to youngsters such as I, it got people talking and debating about the merits of model work in films (which is of an extraordinary high standard here), it nudged film makers to explore being bigger and bolder in their approach, and crucially, above all else, it got film goers hungry again, a hankering for more please if you may. Now it has to be said that all that followed 20th Century Fox's historic blockbuster didn't run with the baton, in fact most pale into comparison on impact value, but for better or worse (depending on the discerning viewers peccadilloes), Star Wars stands as a bastion of adventure laden entertainment.

It is by definition one of the most successful films in history, George Lucas perhaps didn't know it at the time, but in what was to become an almost operatic anthology, he didn't just make a movie, he created a whole new world seeping with style and rich texture. Almost as amazing as the success of the series, is how it has become part of modern day pop culture, anything from religion to everyday speak has at some time or another referenced Lucas' baby. Ultimately, though, it's one single thing that made (and still does make) Star Wars so great, it's that it has the ability to lift the audience into a rousing united feel good cheer; and that is something that few films can ever lay claim too. In 1977 it was an awe inspiring event to watch in the theatre, now here in my middle age it's an event that is like hugging a dear old friend, a friend that I know will never ever let me down no matter how many times I turn to it. 10/10",2019-07-21T07:04:26Z,2024-05-16T15:22:23Z,https://www.themoviedb.org/review/5d340e7a2f8d090388d21ff2
5e94ea4566565a0014baa6c5,11,gastyny,gastyny,,,10.0,"Star Wars (1977) is a true masterpiece of cinema, and is 
  definitely one of the best films ever made.

For me Star Wars (1977) is the best movie of all time,tied with The Lord of the Rings trilogy. Star Wars (1977) it is for sure the most iconic film of all time everything in it is iconic. The direction, the script, the performances in this film are brilliant, all the characters are captivating and well developed. 

Anyway, this is a totally perfect film, I only have praise for it, it is certainly a masterpiece of cinema, and my grade for it is 10\10.",2020-04-13T22:40:05Z,2021-06-23T15:58:36Z,https://www.themoviedb.org/review/5e94ea4566565a0014baa6c5
60174e821b70ae003c643834,11,r96sk,r96sk,,/mwR7rFHoDcobAx1i61I3skzMW3U.jpg,9.0,"A quality start to the franchise.

I say start, I guess that depends on the (seemingly) controversial way of watching these films - I've decided on release order, so it's the beginning for me anyway. I've heard a lot about <em>'Star Wars'</em> so I am expecting big things, this didn't disappoint whatsoever.

I unquestionably enjoyed this! If I didn't know this was released in 1977 I would never have guessed, it still holds up astonishingly well. The special effects are spectacular for the vast, vast majority; even the stuff that perhaps hasn't aged as supremely still looks superb.

The cast are a joy. I actually wouldn't say any performance sensationally stood out, but all the actors and all the characters are so much fun to watch together. Mark Hamill is impressive as Luke, Harrison Ford is entertaining as Han and Carrie Fisher is super as Leia. Credit also to James Earl Jones and Alec Guinness, among others. Despite not watching until now, I literally already knew all of the character names - shows how timeless these are.

The plot makes for top notch viewing, I found the pacing to be particularly spot on. And how about that score? Stupendous! I really have no negatives for this, I'm sure it isn't perfect but I had a very fun time with it.",2021-02-01T00:42:42Z,2021-06-23T15:58:50Z,https://www.themoviedb.org/review/60174e821b70ae003c643834
63c2163f05a53300e99bfdd1,11,GenerationofSwine,GenerationofSwine,,/xYhvrFNntgAowjRsf6mRg9JgITr.jpg,10.0,"Everyone and their mother is going to write reviews about the Star Wars movies...and this one, this one actually came out before I was born.

It breaks the heart. I had to wait until the re-release before I got to see this one on the big screen. This is the one that ruined my Star Wars opening night streak...

...Well The Force Awakens ALMOST ruined it further. I had to drive out to my parents house just to see it, for the sake of tradition, and when I got there they had already gone without me...twice.

Some angry words later and I guilted my mom, pointing out the drive, to force her into a third go.

But that is neither here nor there.

This was the movie that started it all. And the first time I saw it, it was on Beta. Once upon a time my family had the movie in Beta. And then I had the trilogy in VHS. And then I had it on DVD. And it is going to repeat like that as the mediums change.

Its one of those movies that you have to own, even as technology changes. It is actually one of those movies you want to buy right away when the technology changes, just to see it in better and better quality.

That should be saying something right there. But for a lot of you its not.

For the rest of you, it is a fairy tale in space, complete with knights and old wizards and a princess. Only its a fairy tale in space made for, well, made for nerds like me.

It is a legend and the type of legend that stays with people and makes old Gen-Xers like me, cynical and grumpy, feel like little kids again.

It, along with the Godfather, is the type of movie that breeds mental spousal abuse as generations of men force their wives at gunpoint to watch them...and then get confused and a little depressed when most of them don't see the fascination with them.

Unlike the Godfather, however, its the movie that fathers force their children to watch and, then, their children carry the love for it into the next generation.

Star Wars is an endless cycle, even the bad ones are good. And the fans create endless theories about them. They buy the t-shirts, the buy the toys, they do everything they can to preserve that love and pass it on.

A New Hope, this is the film that started all of that, and though there are better installments, this will always be the first.",2023-01-14T02:41:03Z,2023-01-14T02:41:03Z,https://www.themoviedb.org/review/63c2163f05a53300e99bfdd1
647c46c7e323f30148170b1b,11,CinemaSerf,Geronimo1967,CinemaSerf,/9HcQx0Yfbxy8eqr3ft66X9uWMf0.jpg,9.0,"Thinking back to the films that define my generation; I recall queuing round the cinema as an excited 10 year old for two hours waiting to see this film. I wonder how many people could say that they have done that in the last 20 years? This film is a truly groundbreaking piece of formative cinema. Leaving aside the magnificent special effects; this is a film about good and evil; empire, freedom and democracy and of their true characterisations. It has a slightly stilted script (particularly from Sir Alec Guinness) but that is more than offset by a fabulous John Williams' score and the hugely engaging performances of Hamill, Fisher and Ford with undoubtedly the best baddie cinema has ever seen in ""Darth Vader"". Truly a wonderful watch.",2023-06-04T08:09:43Z,2023-06-04T08:09:43Z,https://www.themoviedb.org/review/647c46c7e323f30148170b1b
68f5378efd7661498169129d,11,Flopmeister2000,Floomeister2000,Flopmeister2000,,,What can be said about this movie that hasn't already been said? It simply is the greatest movie of all time. Everything about it is an absolute game-changer and redefined cinema for decades to come.,2025-10-19T19:10:06Z,2025-11-07T14:50:43Z,https://www.themoviedb.org/review/68f5378efd7661498169129d
661171dc1108a801648c6ba1,46796,CinemaSerf,Geronimo1967,CinemaSerf,/9HcQx0Yfbxy8eqr3ft66X9uWMf0.jpg,7.0,"When a lighthouse keeper spots a small wooden boat in the water, he imagines it's journey from the fireside of the young man who carved it all the way down stream, facing obstacles both natural and man-made before it reached him. This canoe has but one passenger, a rather formidable looking native, and both have clearly seen some wear and tear with all the original decoration eroded by it's travels and now only the instructions to ""put me back in the sea"" still visible. The carving is used as a charming conduit to follow the river, lakes and locks as it travels many thousands of miles to the sea. Niagara Falls, threatening propellors, enthusiastic fishermen, curious children. All are encountered by ""Paddle"" en route and with a simple narration and score, this is quite a gently engaging travelogue with a difference. Maybe it's trip is not finished yet, either...?",2024-04-06T16:01:32Z,2024-04-06T16:01:43Z,https://www.themoviedb.org/review/661171dc1108a801648c6ba1
5a2cc9630e0a264cc1142335,20323,Gimly,Ruuz,Gimly,/xUObnJSvHrFPsIpoDmb1jiQZLq7.jpg,4.0,"I'm a pretty big fan of director Jamie Blanks, but _Long Weekend_ didn't really do it for me. Neither lead is redeemable, which, to be fair, is sort of the impetus for the horror in this horror movie, but still, it makes it hard to attach yourself when said leads are the only characters on screen for 99% of the movie. One star for _Long Weekend_ itself, and then a whole extra star just for the sea-life.

_Final rating:★★ - Had some things that appeal to me, but a poor finished product._",2017-12-10T05:42:59Z,2021-06-23T15:58:03Z,https://www.themoviedb.org/review/5a2cc9630e0a264cc1142335
576edbed92514128c2001582,3930,talisencrw,talisencrw,,,9.0,"I liked this Blondie film a lot, and it emphatically showed to me why I find the series so endearing, as Dagwood and Blondie are very warm-hearted, even on their vacation going out of their way to help out an elderly couple that are having great difficulties keeping their holiday resort afloat thanks to a dastardly rival businessman. Great fun and laughs.",2016-06-25T19:30:53Z,2021-06-23T15:57:48Z,https://www.themoviedb.org/review/576edbed92514128c2001582
665ca5333644af18e5cc5182,8435,CinemaSerf,Geronimo1967,CinemaSerf,/9HcQx0Yfbxy8eqr3ft66X9uWMf0.jpg,7.0,"This isn't really a film about a story with a beginning, middle or, even, an end. It's more a film about a book being turned into a film, and about how that all pans out with the actors in and out of character throughout. It's Steve Coogan who takes on the title role in a film about a landed character from Georgian England who is determined to make his mark by writing a novel about himself. Thing is, his life is just too rich and varied. He is just so interesting that he can't fit everything it... Meantime, the production crew are facing all of the issues in trying to make the film, reconcile the ambitions and peccadilloes of the cast, the writers, visiting family, bits on the side and a particularly Darwinian sort of special effect. Jeremy Northam features sparingly as real-life director Peter Winterbottom (who always looked so completely fed up when doing publicity for this) and the story flows at it's most naturally when it's just him, Coogan, Ian Hart and the man vying for (alphabetically) top billing - Rob Brydon. It's when they decide that one of the characters - the ""Widow Wadman"" needs to be written back in, and they discover madam ""X-files"" herself (Gillian Anderson) is going to come and play the part, that Brydon gets all excitable and the film starts to become a little bit too much like a farce. Still, it's an enjoyable introspective on actors, writers, directors - throughout the ages, offering us ninety minutes of characterful fun, babies screeching and copious vodka and tonics.",2024-06-02T17:00:35Z,2024-06-02T17:00:36Z,https://www.themoviedb.org/review/665ca5333644af18e5cc5182
624b04cee8a3e10062c84993,98487,CinemaSerf,Geronimo1967,CinemaSerf,/9HcQx0Yfbxy8eqr3ft66X9uWMf0.jpg,7.0,"Merle Oberon (""Nicole"") is quite effective in this tale of the Norwegian resistance to the occupying Nazis. She earns the disdain of her fellow countrymen by fraternising with ""Maj. Dichter"" (Carl Esmond) but is really milking him for information which she has passed on to the British. When a few commandos are parachuted in - including ""Lowell"" (Brian Aherne), the true love of ""Nicole"" - things really start to heat up and just about everybody's life is on the line. ""Dichter"" is also now really starting to smell rat very close to home. It's a good, solid adventure story this with plenty of stirring music from Ernest Tock that builds to quite a fitting, exciting and touching denouement. The sentiment of courage and bravery is well delivered. The strength of character from this young woman determined to do her bit for her nation, regardless of the risk to herself, is well captured by Dorothy Arzner here. There is plenty going on for 90 minutes and it is well worth watching.",2022-04-04T14:46:38Z,2022-04-04T14:46:38Z,https://www.themoviedb.org/review/624b04cee8a3e10062c84993
64681cfda5046e016836883d,19157,Andre Gonzales,SoSmooth1982,Andre Gonzales,/ast1oGYDI7Li9daLuOV4UxGiXj.jpg,2.0,"Only this movie and Punch Drunk Love, were the dumbest Adam Sandler movies I've ever seen. This movie is even funny. Adam Sandler looks more like an idiot then a star in this movie.",2023-05-20T01:06:05Z,2023-05-20T01:06:06Z,https://www.themoviedb.org/review/64681cfda5046e016836883d
675dd49d5bd3c72a82c18c29,19157,sunopako,sunopako,,/v36845dzsFnnwQbM6sEh9MHYwuU.jpg,4.0,"Adam Sandler's acting debut. He did not participate in writing or directing the script, and did not even come up with the idea for the movie. He just played the main character, an unfunny comedian who dreams of becoming funny one day (on a ship). Adam's acting was bad and inept... although it's not that striking, given the sheer awfulness of everything else in the movie. It's badly filmed, the writing is even worse... The movie is only valuable because Sandler was in it.

**Going Overboard** tries its best to seem like a comedy, and this is probably its main weakness. The Room with Tommy Wiseau, which is similar in many aspects, became a cult movie because of how badly it was made, but The Room is a drama. The badness of the plot conflicts and the broken tension became the foundation for the audience's mocking pleasure. In **Going Overboard**, the dramatic elements are very rudimentary, and this makes it difficult to treat the movie with a sense of humor, but it is possible!

I don't recommend this movie to anyone except scholars of Adam Sandler's work. For those who do decide to watch it, I advise you to try to accept the film's inconsistencies and laugh at them. This is the best that **Going Overboard** can do.",2024-12-14T18:55:25Z,2024-12-16T18:07:55Z,https://www.themoviedb.org/review/675dd49d5bd3c72a82c18c29
67c148580d255c44c1c8f704,43680,Tonis,Tonis,,,8.0,"The story centers on Professor Filipp Filippovich Preobrazhensky, a brilliant but arrogant surgeon, who believes he can improve humanity through scientific intervention. He performs an experimental operation, transplanting the pituitary gland and testicles of a recently deceased human alcoholic and criminal, Klim Chugunkin, into a stray dog named Sharik.

The experiment is initially a success, as Sharik transforms into a humanoid creature, named Polygraph Polygraphovich Sharikov. However, Sharikov embodies the worst aspects of his human donor: he is crude, aggressive, and opportunistic. He quickly becomes a disruptive force in Professor Preobrazhensky's life and the surrounding communal apartment.

Sharikov, fueled by his newfound human status and a rudimentary understanding of revolutionary rhetoric, becomes a member of the local housing committee, empowered by the zealous and equally inept Comrade Shvonder. He abuses his position, wreaking havoc and threatening the professor's comfortable lifestyle.

Professor Preobrazhensky, horrified by the monster he has created, realises the catastrophic consequences of his hubris. He ultimately reverses the experiment, transforming Sharikov back into a dog.

The film vividly portrays the chaos and uncertainty of post-revolutionary Russia. The old social order is crumbling, and new, often ill-prepared, individuals are thrust into positions of power. The housing committee and Sharikov's rise symbolize the dangers of unchecked authority and the erosion of traditional values.

Bulgakov's satire exposes the inherent flaws in human nature, regardless of social class or political ideology. Sharikov's transformation reveals the animalistic instincts that can lurk beneath the surface of human behaviour.

The story serves as a cautionary tale against the dangers of attempting to radically transform society through artificial means. The film demonstrates that forcibly altering human nature can have unforeseen and disastrous consequences.

The film suggests that tampering with the natural order can have unintended and destructive results. That you cannot create a ""new man"" by simply changing external factors.

##This review has been created with Gemini 2.0 Flash",2025-02-28T05:23:36Z,2025-02-28T15:55:39Z,https://www.themoviedb.org/review/67c148580d255c44c1c8f704
62af50ff2b9320006134932e,31507,CinemaSerf,Geronimo1967,CinemaSerf,/9HcQx0Yfbxy8eqr3ft66X9uWMf0.jpg,7.0,"The title of this doesn't help it much: it sounds like it ought to be about a butler in a grand old English stately home but Walter Huston (""Sam"") is superb, as the millionaire motor car industrialist who sells his company and sets off with wife ""Fran"" (Ruth Chatteron) to ""do"" Europe. Even on the boat, where she meets the rather suave, dapper David Niven (""Capt. Lockert"") it starts to become clear that their marriage, though on the face of it loving, is not strong. When they get to Paris and she meets Paul Lukas (""Iselin"") that becomes even more evident and soon ""Sam"" is doing all he can to keep the wife he loves from divorcing him. This is quite a slow burn of a story; but it isn't dull. The rapport between the two stars is tenderly and honestly performed; she the slightly younger woman looking for what ever life (and wealth) can offer; him the more settled man who wants to get back to family, home and hearth. There are a few gentle twists to the story and the ending, I found to be somewhat vindicating. This has made the transition from stage to screen well; William Wyler has managed to lose much the rigidity theatrical cross-overs can present on the big screen, and there is a nice cameo from Maria Ouspenskaya towards the end that really does put a fly in the ointment.",2022-06-19T16:38:23Z,2022-06-19T16:38:23Z,https://www.themoviedb.org/review/62af50ff2b9320006134932e
55850f9cc3a368502b0023a9,21240,John Chard,John Chard,,/utEXl2EDiXBK6f41wCLsvprvMg4.jpg,8.0,"The first milestone Carry On movie.

A flu epidemic has reduced the local police station down to a skeleton crew. Hope arrives in the form of four recruits - - that's no hope mind you...

Carry On Constable introduced the wonderful Sid James to the series, he would become one of the most beloved actors to Carry On film fans. Ironically ""Constable"" finds James somewhat removed from the type of character he would become known for, it's a restrained role and showcases his acting abilities as an official figure type, the glue binding the whole play together.

The fourth film in the Carry On series retains the more genteel comedy factors that had imbued the previous three outings, though this would be the first to show nudity! Four policemen's bums gleaming bright! A scene that provides a splendid anecdote in Kenneth Williams brilliant book, Just Williams (I urge anyone interested in classic film/TV/radio/stage to check it out).

Plot basically pitches the four recruits, Williams, Leslie Phillips, Charles Hawtrey and Kenneth Connor (brilliant as usual as a superstitious sort) into a number of chaotic physical situations mined for laughs. Back at the station Sgt. Frank Wilkins (James) is pulling his hair out at the ineptitude of his new charges - and that of his ignoramus boss, Inspector Mills (Eric Barker). Joan Sims is on hand to steam the collar of Kenny Connor, just as Phillips lusts after any female form, while Hattie Jaques provides a glimpse of her tender character acting side as the station's sensible soul.

There's some drag dressings played for good laughs, a whole bunch of scenes where the not so intrepid coppers get taken for fools, and a few deftly scripted lines guaranteed to raise a smile. Elsewhere there's a raft of super character actors in cameos who beautifully portray the classic eccentricities of the Brits of the era, so take a bow Irene Handl, Esma Cannon and Joan Hickson (wonderful as a posh drunken lush). Never riotous or bawdy, ""Constable"" is still a fondly thought of entry in the long running series, as are most of the black and white productions. It shows a group of film makers very much of the time and using it to the max. Lovely. 8/10",2015-06-20T07:00:44Z,2024-05-16T15:22:09Z,https://www.themoviedb.org/review/55850f9cc3a368502b0023a9
64c10c2cdf86a800ae00f5cf,21240,CinemaSerf,Geronimo1967,CinemaSerf,/9HcQx0Yfbxy8eqr3ft66X9uWMf0.jpg,6.0,"Eric Barker (""Insp. Mills"") is struggling to keep crime under control with three of his experienced officers down with the flu. Luckily, his streetwise sergeant ""Wilkins"" (Sid James) thinks he knows how to best manage the group of new recruits sent out to fill in the gaps. Big mistake, though, putting ""Gorse"" (Charles Hawtrey) in charge of the ops room - as if chaos wasn't already in the air anyway. I always thought these films worked best with James/Sims & Williams/Jacques doing their well established stuff - and for the most part here, that's what they do. Aside, though, I found Leslie Phillips and Kenneth Connor a bit too one-dimensional with their humour erring more on the side of charmless smut. Still, it's quickly paced, the writing is at the better end for the franchise and there are plenty of daft scenarios and double-entendres as it takes a kindly and gentle swipe at a police constabulary that has as many nutcases within as it has to deal with on the outside.",2023-07-26T12:06:04Z,2023-07-26T12:06:04Z,https://www.themoviedb.org/review/64c10c2cdf86a800ae00f5cf
57b8fba892514141ae001721,22573,Killa-What?,schmidtp,Killa-What?,,2.0,"> Definitely don't judge this movie by it's cover. Cool cover...and that's about where it ends. 
Shot around what looks like Wellington NZ, it's supposed to be a post apocalyptic zombie smashing movie. In essence, 3 slackers basically go on shopping runs and switch houses when they get bored (which I very much did). They save a girl in a church and accidentally break a vile of zombie blood and so begins the search for a replacement.
Which could be OK if most of the film wasn't just watching TV adds or these imbeciles strolling though malls. Probably the movies they were watching were more interesting than this. With shoddy camera work and overly long ""filler"" scenes with no real point to it.
I could only get through about 30min before I called Bulls***. Even when the cortina with a spiked bull-bar came out I though cool, it might be starting. 
Save yourself 90min and use it more productively for sleep, which this movie will invariably do.",2016-08-21T00:54:00Z,2021-06-23T15:57:50Z,https://www.themoviedb.org/review/57b8fba892514141ae001721
652c28b3358da700e3be0f43,12104,Filipe Manuel Neto,FilipeManuelNeto,Filipe Manuel Neto,/nidqITf735x9xxHfncXkT9BmOQ7.png,2.0,"**Pink Floyd's music works on its own. As a film, it's a waste of time.**

I don't know if Pink Floyd were aware of the impact that “The Wall” would have when they released it. Today, there is some consensus in considering it one of the best rock albums ever and “Another Brick in the Wall” has become an anthem for teenage rebellion, which does not conform to the rules, dictates and conventions. And I feel free to say all this because rock is not, by any stretch of the imagination, one of my personal preference styles of music. I listen, casually, but I wouldn't pay for a ticket.

What this film does, essentially, is to take the concept of the album – which was designed and released as if it were a kind of opera-rock – and give it a look to match in an absolutely dreamlike, hallucinated style. There is no plot other than the one that goes on in the head of the protagonist, the rock vocalist Pink, who seems to be experiencing a very deep depression, as his social and emotional isolation increases, caused by an absent father (he died in the war when he was a child), an overprotective mother, a series of abusive teachers and a recent divorce.

Watching the film is like watching a musical nightmare. It's not an optimistic film, and it's not easy to watch, especially because the plot isn't very obvious and there are no explanations. There are several impactful scenes, so I don't know if it's the most suitable film for impressionable audiences. There are many fantasies about war, about power and using power to control others. There are also some good animated scenes, although they are just as disturbing as all the others. However, the film is just that... and Pink Floyd's music. The film will certainly please fans of the band, and rock lovers in general, but other audiences may think it doesn't justify their time.",2023-10-15T18:00:19Z,2023-10-15T18:00:19Z,https://www.themoviedb.org/review/652c28b3358da700e3be0f43
684eb6ad2f516dfa281ec69b,12104,CinemaSerf,Geronimo1967,CinemaSerf,/9HcQx0Yfbxy8eqr3ft66X9uWMf0.jpg,7.0,"Using Pink Floyd’s iconic album as a soundtrack not only brings this vibrant feature alive, but it also allows Alan Parker to treat each track as if it were a template to experiment with some quite radically differing styles of storytelling. There is a running theme, that being the tale of “Pink Floyd” (Bob Geldof) who lost his dad during the war, saw his wife abandon him and who ever since he can remember has been sheltering behind a wall - physical and psychological - trying to recover from an overbearing education that did nothing but stifle this young man’s innate sense of creativity. As he hits the heights of musical stardom, his turmoil only increases and the wall starts to exert menacing and containing influences that he might never be able to break down. The ensuing scenarios illustrate and compare forcefully the vulnerability of the young with the temperamentally unsound of the adult, the sexually active and the equally frustrated and by using stylised photography we are taken on quite a rollercoaster ride. If you remember the title sequence from “Yes, Minister” then you’ll recall the pointed and exaggerated style of artistry from Gerald Scarfe who provides my favourite sequence towards the end of this, but also designed a few of the other poignant episodes in the life of a man whom, with the possible exception of Roger Daltrey, I can’t imagine being better portrayed than by a Geldof who puts his heart and soul into something that convinces pretty much entirely. It’s surreal and entertaining and even if the band are not your favourite, this is a film that showcases innovation more strikingly and imaginatively than most music videos that ever followed.",2025-06-15T12:03:57Z,2025-06-15T12:06:24Z,https://www.themoviedb.org/review/684eb6ad2f516dfa281ec69b
5f66ae3c5c564e0033645f45,51993,Kamurai,Kamurai,Kamurai,/sKeC7qZLAKreuwxH4x6U3mN7Aa8.jpg,5.0,"Decent watch at best, probably won't watch again, and can't recommend.

I would have thought I'd want to J.C. Reilly to be my counselor, but it's a very awkward character, and has some potentially ill-intended implications.

The main plot is about a troubled teen in an poor situation, and it is hardly ever addressed directly.

The movie is a cycle of disappointing cycles, mirroring far too close to the mental hardships of teen-hood.

The movie also just sort of ends.

This is far too heavy a movie to be legitimately funny, and too casually constructed to be a powerful drama.

I honestly don't recommend watching this,but it;s not a complete waste of time if you do, the movie has its moments.",2020-09-20T01:19:56Z,2021-06-23T15:58:44Z,https://www.themoviedb.org/review/5f66ae3c5c564e0033645f45
5bb64a9ec3a368152600f808,4629,Wuchak,Wuchak,,/4KVM1VkqmXLOuwj1jjaSdxbvBDk.jpg,7.0,"_**Coming-of-age in South Australia... and tantalizing Teresa Palmer**_  

I was interested in ""December Boys"" (2007) for two reasons: I like (non-raunchy) coming-of-age flicks and the fact that it takes place on the Southern coast of Australia (actually it was shot on Kangaroo Island, part of South Australia). As for Daniel Radcliffe, the star of the popular Harry Potter films, I've never seen him in a movie before and have no interest in him or Potter.

The story revolves around four boys from an Outback Catholic orphanage who get to celebrate their December birthdays by taking a Christmas holiday on the coast. They discover that a young childless couple are interested in adopting one of them, which creates a bit of rivalry, although the oldest one (Radcliffe) could care less and spends his time learning about girls and romance. Their time at the coast becomes a cornerstone experience as they ultimately discover what family means.

Unless you're Australian, I encourage you to utilize the English subtitles to understand the nigh-unintelligible Australian dialect. Otherwise you'll only comprehend about half the dialogue and the story will be lost to you. No kidding.

After seeing the film a few times I only remember two of the boys: Maps and Misty. The others might as well have been phantoms. The plot is interesting, but the story as-played-out is not very compelling (although the epilogue is slightly moving). The film tries too hard to be “magical.” Scenes come and go with largely ill-defined characters and little dialogue or explanation. This is definitely a picture where you'll have to read in between the lines to appreciate, which might make it good for repeat-viewings.

On the positive side, the Kangaroo Island locations are fabulous, especially the high shots of Remarkable Rocks in Flinders Chase National Park.

The picture really comes alive when Teresa Palmer is on screen; she plays femme fatale Lucy. The movie poster (or DVD cover) is deceiving in that Teresa looks to be about 12-13 years-old. Actually she was 20 during filming and plays an about-16 girl with curvy legs from here to New York. Lucy's scenes with Maps are the highlight of the picture (and not at all ""awkward"" as another reviewer contended). Lucy is aware of her tantalizing feminine powers and skillfully utilizes them to bewitch Maps with her spell.

Other highlights include a secret cave high up on the rocks, a wild black horse who seems to fish, an Evel Knieval-type character who may not be as ""Fearless"" as he lets on, a colossal fish named Henry and the cantankerous old man fascinated by it.

The DVD feature about 10-minutes of deleted scenes that should have never been deleted. Make sure you catch 'em as they help explain the story better.

In the book the story was set in the 30s, but the filmmakers decided to switch it to the late 60s. Some people found this confusing, but I didn’t. Others complained that the children-as-adults at the end were too old considering they were kids in the late 60s, but the epilogue obviously takes place in the near future, like the 2010s or 2020s, which would put them in their 50s or 60s.

BOTTOM LINE: Although the story is merely okay as far as captivating and moving cinema goes, the highlights noted above compel me to give ""December Boys"" a decent rating, in particular the scenic rocks/coast and Lucy.

If you like Teresa Palmer in this picture be sure to check her out in ""Bedtime Stories"" (2008), ""Restraint"" (2008) and ""The Grudge 2"" (2006).

The film runs 1 hour, 45 minutes.

GRADE: B",2018-10-04T17:15:10Z,2022-05-23T05:14:37Z,https://www.themoviedb.org/review/5bb64a9ec3a368152600f808
66264319eb79c20132d3e1b1,28524,CinemaSerf,Geronimo1967,CinemaSerf,/9HcQx0Yfbxy8eqr3ft66X9uWMf0.jpg,5.0,"Now I did quite enjoy ""John Carter"" with Taylor Kitsch from 2012 but yikes what have they done to the story here? Antonio Sabato Jr in the ""Carter"" role makes Kitsch look like Marlon Brando. He's just dreadful. To be fair, the third-rate CGI doesn't help, nor does the pretty awful script or the fact that he is clearly there (shirt off) to complement the even less glorious talents of the eponymous character (Dejah Thoris) who seems to have based her characterisation on an over-exposed, sepia-tinted, version of ""Wonder Woman"". Somebody decided that the US operations in the Middle East was a better starting point and it all goes downhill quite continuously from there. I did quite like the worm thing that spurted out the nutritious milk as our character finds himself transported from Earth to the deserts of Mars where he soon becomes embroiled in a war for the survival of his warlike and horned captors. Luckily he can jump. Boy, can he jump - just not far enough to escape the ensuing nonsense that is reminiscent of Glen A. Larson's ""Buck Rogers in the ..."". Did ""Jabba the Hut"" lend out his sailing barge too? It's not the end of the world - though you can see that from here, it's just derivative and trashy.",2024-04-22T10:59:37Z,2024-04-22T10:59:37Z,https://www.themoviedb.org/review/66264319eb79c20132d3e1b1
67ca0214a001960f78cb3de1,28524,Wuchak,Wuchak,,/4KVM1VkqmXLOuwj1jjaSdxbvBDk.jpg,6.0,"**_The ‘B’ version of “John Carter”_**

When a “jarhead” is injured in Afghanistan (Antonio Sabato Jr), he is used in a teleportation experiment and transferred to a planet in the Alpha Centauri stellar system. Due to the lower gravity, he has the ability to leap great distances and earns the respect of his captors, the Tharks. After meeting a human-like princess (Traci Lords), she leads them to an air-purifying station that keeps the planet hospitable. 

""Princess of Mars"" (2009) is based on Edgar Rice Burroughs’ pulp work from 1912 and follows the book pretty well, just updating the opening and cutting out the fat; not to mention adding the (unnecessary) character of Sarka, along with alterations to the various creatures and the addition of some well-done droll humor. Burrough’s Barsoom series (and his books in general) were the comic books of that day and so this flick is very comic booky and can be enjoyed on that level.

Costing a fraction of the forthcoming “John Carter,” you can’t really compare the two. It omits any reference to the mysterious and fascinating Therns, who didn’t debut until Burroughs’ second book, “The Gods of Mars” from 1913, which the Disney blockbuster morphed from indigenous Barsoomians to a race of technologically advanced aliens of unknown origin.

Nevertheless, there’s still some meat on the bones with the interesting atmosphere-cleaning plant, as well as the understandable contention between the Tharks and their human-like rivals on Barsoom, the latter of which maintain the station. 

Traci Lords was 41 during shooting, but in perfect physical shape, so I found her acceptable as Dejah Thoris, despite her age, blonde hair and lack of reddish skin tone. Keep in mind that while the Brothers Grimm described Snow White as having hair as black as ebony, there have been renditions of the story where she has “golden” hair, including at least two films, one of them being The Asylum’s own “Grimm’s Snow White.”

It runs 1 hour, 33 minutes, and was shot in the Greater Los Angeles area at Vasquez Rocks, Bronson Caves, Long Beach, Santa Clarita, Shea's Castle and nearby Castle Ranch in Lancaster.

GRADE: B-",2025-03-06T20:14:12Z,2025-03-06T20:14:12Z,https://www.themoviedb.org/review/67ca0214a001960f78cb3de1
5b8afc51c3a368520f02308c,406,CRCulver,CRCulver,,,7.0,"Matthieu Kassowitz's <i>La Haine</i> (Hate) is a portrait of youth disenfranchisement and the ensuing rage set in the public housing projects outside Paris. Before this film was released, many foreign viewers knew only the well-dressed, white, reserved and educated France depicted in e.g. films of the 1960s New Wave. Even many French people were unaware of the darker undercurrents of their own society, as no film had dared to handle this subject matter before. <i>La Haine</i> was a bombshell. While shot in 1995, it remains entirely topical today, as riots have continued to make the news in recent years.

<i>La Haine</i> follows one day in the lives of three young men of different ethnic backgrounds all born and raised in one particular housing project: the aggressive Jew Vinz (Vincent Cassell), the insecure, clownish Arab Saïd (Saïd Taghmaoui) and the more level-headed, pensive sub-Saharan African Hubert (Hubert Koundé). The film opens on a spring morning, in the aftermath of a riot which has rocked these youths' housing project. Some cars and buildings are destroyed, and the news reports that a police officer has lost his gun in the chaos of the night before. During the 24-hour period before the film's shocking ending, this trio tours the bittersweet environment of their housing project (violence and poverty on one hand, loving families on the other) and, in an effort to pick up money owed to them, they navigate the alien environment (rich, educated, white) of downtown Paris.

This is not only a revelatory film in showing viewers a side of France they had never seen before, but it is also extremely entertaining. The performances by these relatively unexperienced actors are totally convincing, Vincent Cassell in particular. Kassowitz shuns his country's own film tradition and instead sculpts the action under inspiration from the USA. However, the ""urban"", ""hip-hop"" aesthetic he employs does not lower the film to the more vacuous Hollywood productions but instead is at the level of Spike Lee and Scorsese. The director's decision to print the film in black and white has imbued it with a gravitas that makes it timeless. That said, in spite of the fine acting and ethnographic detail, the plot itself is rather mundane, which holds me back from giving this too high a rating.",2018-09-01T20:53:37Z,2021-06-23T15:58:11Z,https://www.themoviedb.org/review/5b8afc51c3a368520f02308c
64eaf9bfc5c1ef0102868780,406,CinemaSerf,Geronimo1967,CinemaSerf,/9HcQx0Yfbxy8eqr3ft66X9uWMf0.jpg,7.0,"It's not so much the individual acting with this that stands out, it is the collective effort of all concerned to demonstrate to us just how perilous life can be on their Parisian suburban housing estate. Riots the evening before we arrive on the scene have left the area in a state of almost acute nervous exhaustion. The police are treading on egg shells and the community is a tinder box. To add to the volatility, a police officer lost his gun the night before and one of the locals ""Vinz"" (Vincent Cassel) has vowed to avenge himself on another officer should his currently hospitalised friend ""Abdel"" die. It transpires quite quickly that ""Abdel"" was severely injured as a result of an interrogation at a police station, and is now in a coma. You can just imagine the effect that has had on this otherwise mistrusting and suspicious community. Director Matthieu Kassovitz has created a monster here. It's poignant and angry, evocative and terrifying. As this fateful day turns to night and ""Vinz"" with his two friends ""Said"" (Saïd Taghmaoui) and aspiring boxer ""Hubert"" (Hubert Koundé) head downtown things take a turn for the worst with yet more tragic results. It is not an easy film to watch this, but it is compelling and as a sad indictment of urban living and (in)tolerance, it is very effective.",2023-08-27T07:22:39Z,2023-08-27T07:22:40Z,https://www.themoviedb.org/review/64eaf9bfc5c1ef0102868780
66e98c2db2917eb1800addde,406,r96sk,r96sk,,/mwR7rFHoDcobAx1i61I3skzMW3U.jpg,8.0,"Very, very good movie!

<em>'La Haine'</em> is interesting slice of life viewing, I was intrigued across the whole 90 or so minutes as it tells its tale nicely. Some of the cinematography (b/w, smart choice) and editing is particularly impressive, while the ending is stark and unforgettable. The intentions of the film come across loud and clear.

I didn't overly connect with the main trio, aside from Hubert. I could also sense that something was on the horizon (didn't see it going exactly that way, mind) from early on, so you kinda are just sitting there waiting for the penny to drop - but there's no doubting the film successfully keeps you on tenterhooks.

The characters are a bit meh in terms of wanting to watch them, though the actors who play them are excellent - without question. Hubert Koundé is the one I'll likely remember most, even with still noteworthy performances from Vincent Cassel and Saïd Taghmaoui; two actors I have seen in a few English-language flicks down the years.",2024-09-17T14:03:25Z,2024-09-17T14:03:25Z,https://www.themoviedb.org/review/66e98c2db2917eb1800addde
6241c502af432400470551c0,47324,CinemaSerf,Geronimo1967,CinemaSerf,/9HcQx0Yfbxy8eqr3ft66X9uWMf0.jpg,7.0,"This is quite a good, multi-layered romantic drama set around the bustling environment of 1950's Cairo railway station. ""Hanuma"" (Hind Rustum) is the drinks seller whom ""Qinawi"" (director, Youssef Chahine) has a serious crush on. Snag for him is that she has her eyes on the burly porter ""Abu Siri"" (Farid Shawqi) who is also a bit of an activist - trying to galvanise the chaotic and easily scared staff at the station to face up to their greedy, conniving boss. It's got to be said that the way the women are treated is tough to watch 60 years on; but, oddly enough, that lends to the authenticity of the prevailing culture that gives the film some of it's edge. The acting is good; though the dialogue way too wordy - the direction is tight and conveys all the hectic, rushed way of life for all concerned whilst gently managing the menace as things take a much more dark (and sexually pervasive) series of turns. No point imposing 2020s attitudes on it - it is what it is, and that isn't at all bad if you remember that.",2022-03-28T14:24:02Z,2023-06-19T07:34:37Z,https://www.themoviedb.org/review/6241c502af432400470551c0
66306ed6aaf897012c3543b6,47324,azdave2024,azdave2024,,,,"Enthralling--confusing--not what I expected!  his noir film really challenged my and was very much a study of the underbelly of the human condition.    
I never figured out the two you lovers.  The film ends with them seemingly implying they are central.  I am not sure why.  
Leaving me unsettled and hungry I will watch it again.
AzDave",2024-04-30T04:08:54Z,2024-04-30T21:48:52Z,https://www.themoviedb.org/review/66306ed6aaf897012c3543b6
6739b1bf209d43fbfb347b9f,21867,CinemaSerf,Geronimo1967,CinemaSerf,/9HcQx0Yfbxy8eqr3ft66X9uWMf0.jpg,7.0,"With Henry VIII recently dead and his young son Edward VI (Warren Saire) on the throne, the noble families of England are rapidly positioning themselves to provide him with a wife, or even better, an heir. It's the scheming Northumberland (John Wood) who conceives a plan with the equally ambitious Suffolk (Patrick Stewart) and his wife (Sara Kestelman) to marry his own son Guilford (Cary Elwes) to their daughter Jane (Helena Bonham Carter) so that her tenuous claim to the throne could be better upheld when the sickly young king died. Aware that the public would have little stomach for such an arrangement, and that the Princess Mary (Jane Lapotaire) would not give up her rights to succeed easily, this is a perilous course for these two families to take. Luckily, though, the young Jane is no match for their machinations and soon both she and her new husband are but pawns in a grander game. What the parents don't quite anticipate is that the couple actually start to fall in love, and begin to think that with her on the throne then maybe good can come of this usurpation. Can she survive for long enough once Edward is dead? It's an history, so we know what happened to whom and when, but as a well crafted drama it looks good and HBC and Elwes manage a degree of chemistry that works quite engagingly as the writing becomes increasingly on the wall for the pair. Wood and Kestelman also deliver quite effectively here as the schemers-in-chief, and as the plot thickens we do get a sense of just how powerless these young people were in the face of ambitious men who cared little for the wishes of their children or their country. It is too long, and could lose twenty minutes - especially at the start - without compromising this chronology of a woman little known to posterity but whom, if writer Chris Bryant is to be believed, might have made for a decent Queen of England.",2024-11-17T09:05:03Z,2024-11-17T09:05:03Z,https://www.themoviedb.org/review/6739b1bf209d43fbfb347b9f
5ea597a2ec4552001f4059bc,43269,John Chard,John Chard,,/utEXl2EDiXBK6f41wCLsvprvMg4.jpg,8.0,"The last of the Quincey's. 

Robert Siodmak directs this psychological film noir that is based on the Broadway play Uncle Harry by Thomas Job. It stars George Sanders, Ella Raines, Geraldine Fitzgerald & Moyna MacGill. The story follows Harry Quincey (Sanders) a shy clothes designer in small town New England. He lives with his two sisters, the pretty but manipulative Lettie (Fitzgerald) and the more scatty and care free Hester (MacGill). Into his life comes the gorgeous Deborah Brown (Raines) who quickly brings colour to his otherwise dull existence. But Lettie is far from impressed and sets about doing all she can to stop the couple getting married and living together. Her actions will have dire consequences for all of the Quincey family.

Though falling some way short of the noir standards of Siodmak's best genre efforts (""The Killers""/""Criss Cross""), this none the less is a dandy piece dealing in various forms of obsession. Finding that it's produced by Joan Harrison gives weight to the notion that this is more a ""Hitchcockian"" small town thriller than an overtly film noir piece. Harrison of course wrote a number of screenplays for ""Hitchcock"", and sure enough as the film unfolds one feels like we are involved in something the big director would have revelled in. Quite what ""Hitch"" would have made of the palaver surrounding the ending of the film, one can only imagine, but yet again a nifty 40s thriller is saddled with an ending that has caused division across the decades.

Because of the Hays Code, five different endings were tested for the film, with the one chosen vastly different to the one in the play. So while I personally find the existing ending quirky, and certainly not film destroying, it's sad that the incestuous elements of the source have been jettisoned and therefore taking away a crucial dark edge to the turn of events in the last quarter of the film. Harrison was incensed and promptly quit Universal Pictures in protest. With hindsight now, they could have ended the film about ten minutes earlier and it would have worked better. But cest la vie and all that.

Sanders is superb, very touching as the shy, naive designer pushed to his limit by sibling suffocation. Fitzgerald is glamorous and nails the devious side of her character with much conviction. While Raines, a touch underused due to the story, has a hard quality that puts one in mind of a certain Lauren Bacall, and that to my mind is very much a good thing. Some food for thought though, I couldn't help wonder about if the roles had been reversed. Raines playing manipulative bitch and Fitzgerald the love interest definitely cries out as a winner me thinks.

It's a conventional story, but one that has depth and boasts a director capable of crafting the right sort of itchy mood. There's no technical trickery exactly, but attention to detail exists and between them the makers have produced an intelligent and gripping film, that, in spite of some foregoing of dark emotional undercurrents, is very recommended to noir and ""Hitchcockian"" supporters. 7.5/10",2020-04-26T14:16:02Z,2024-05-16T15:22:28Z,https://www.themoviedb.org/review/5ea597a2ec4552001f4059bc
656b5c786eecee00c683adb5,43269,CinemaSerf,Geronimo1967,CinemaSerf,/9HcQx0Yfbxy8eqr3ft66X9uWMf0.jpg,7.0,"George Sanders is the eponymous character, the last in a line of once wealthy members of the ""Quincey"" family, who lives a rather hen-pecked existence with older sister ""Lettie"" (Geraldine Fitzgerald) and the widowed ""Hester"" (Moyna MacGill). His only real respite comes from his design work at the local factory and from their head-screwed-on housekeeper ""Nona"" (Sara Allgood). It's when he meets ""Ella"" (Deborah Brown) that feathers start to ruffle and we embark on quite an engaging thriller that shows just how determined the elder sibling is to keep ""Harry"" on a tight leash. ""Lettie"" is cleverly subtle. She knows what buttons to press with her rather wimpish brother - and it's pretty clear that she is determined to split them up. Can she? Will she? Will he get a grip in time? It's the last half hour that sees the tension build nicely to a suitably fitting conclusion with a twist at the end that is maybe just little too convenient, but still it rounds off a surprisingly superior story of family politics, deception and bit of retribution, too. Sanders is on good form as the put-upon character and Fitzgerald adds something a little of the ""Mrs. Danvers"" to her role. Packs loads into eighty minutes and is well worth a watch.",2023-12-02T16:34:00Z,2023-12-02T16:34:01Z,https://www.themoviedb.org/review/656b5c786eecee00c683adb5
6522e0d8c50ad200c9205a91,1542,PorkNachos,PorkNachos,,,10.0,"I suppose you have to enjoy a certain type of comedy to truly appreciate Office Space. Be open-minded when you watch it! There are so many great scenes (like taking a terrible fax/printer to an open field and beat it to death with bats etc.) and great quotes (my favorite is always going in the background of the office scenes: ""Corporate account receivables, Nina speaking, just a moment."" and she just repeats it over and over.

A stellar cast tops it all off. No idea how they made it for $10m. Ron Livingston is superb in his 'I just don't give a shit about work anymore' attitude. Jennifer Anniston is just a quirky waitress that works nearby. Ron's attitude is definitely rubbing off on her. Gary Cole plays the stereotypical boss. Stephen Root plays the office hermit who ultimately.. well, you will have to watch it!",2023-10-08T17:03:20Z,2023-10-10T17:20:47Z,https://www.themoviedb.org/review/6522e0d8c50ad200c9205a91
65e8b5ed3fe16001625d2498,1542,portman123,portman123,,,5.0,"Really enjoyable, gentle, fun comedy about a very relatable topic.",2024-03-06T18:29:01Z,2024-03-19T16:37:02Z,https://www.themoviedb.org/review/65e8b5ed3fe16001625d2498
66bc0019ec44b472a007fa6f,1542,r96sk,r96sk,,/mwR7rFHoDcobAx1i61I3skzMW3U.jpg,9.0,"<em>'Office Space'</em> is great!

The first chunk of the movie really is just like the <em>'The Office'</em>; this walked so that could run etc. Amusing to see the printer scene in its natural habitat, I've seen it out of context and parodied (<em>'Family Guy'</em>, obviously)  a few times but evidently had never seen it in the film it originates from.

The cast are terrific. This is the first time I've seen Ron Livingston act, aside from a few minor showings in four other movies, and he's very good - surprised I hadn't previously seen him in a lead role or knew of his name up until now. Nice to see Jennifer Aniston appear, while Stephen Root and Gary Cole are amusing. Credit to the others too, e.g. David Herman and Richard Riehle.",2024-08-14T00:53:45Z,2024-08-14T00:53:47Z,https://www.themoviedb.org/review/66bc0019ec44b472a007fa6f
64abfba6e24b9300e3279e14,6522,Andre Gonzales,SoSmooth1982,Andre Gonzales,/ast1oGYDI7Li9daLuOV4UxGiXj.jpg,8.0,"Really funny, messed up and kind of sad. Back in like the 1930's getting charged for a murder they didn't commit. They get life, and spend life trying to figure out how to get out.",2023-07-10T12:37:58Z,2023-07-10T12:37:58Z,https://www.themoviedb.org/review/64abfba6e24b9300e3279e14
4fce88ed19c29523e0000069,10763,tmdb87069603,tmdb87069603,,,1.0,"After writing three high-praise reviews, I tried to think of the worst movie that I'd ever sat through and this movie came to mind, front and center. I've sat through plenty of ""chick flicks"" but even by chick flick standards this one is just horrible. (to give this a more modern reference, I rate this one below ""The Vow"" on the painful to watch scale. If The Vow is a broken femur, Dr. T and the Women is everlasting torment in the 9th circle of Hell.) 

I try to look for the good in any movie, and I have plenty of low budget favorites as well as many Hollywood, blockbuster favorites.  I've actually seen Dr. T. and the Women, movie on people's ""Favorites"" lists and I scratch my head and the only conclusion I can come up with is that the people that made this movie and actually like this movie are infatuated with Richard Gere and he could just stand in front of a camera doing anything at random for 90 minutes and these persons would have a deep admiration of the film...  As a movie there is just nothing here. It is an absolute piece of c. I honestly believe that this movie could cause brain damage. Honestly I generally like Richard Gere movies, be they chick flick or not, but this is just an abomination. And if you absolutely have to see Helen Hunt in a ""B"" movie checkout Trancers. At least there is no pretense.",2012-06-05T22:32:13Z,2021-06-23T15:57:15Z,https://www.themoviedb.org/review/4fce88ed19c29523e0000069
66d2a0a0d94dffd8f701cb77,10763,Wuchak,Wuchak,,/4KVM1VkqmXLOuwj1jjaSdxbvBDk.jpg,6.0,"**_In praise (or annoyance) of women_**

An overworked gynecologist (Richard Gere) in Dallas faces problems with an assortment of women beyond his practice. His NFL cheerleader daughter is getting married (Kate Hudson), but his younger daughter (Tara Reid) drops the ball on her sister. Worse, his wife (Farrah Fawcett) has to be placed in a mental institution, so he turns to a golf pro for succor (Helen Hunt). Meanwhile, his sister-in-law is an alcoholic (Laura Dern) and his office manager's feelings are dubious (Shelly Long). Liv Tyler is also on hand.

Helmed by Robert Altman, ""Dr. T & the Women"" (2002) is an ensemble dramedy with some romance. It has a horrible reputation, but it's actually not bad as long as you're in the mood for a drama with amusing touches. It's far from great, yet it's certainly not bad. Gere is likable in the title role and bends over backwards to help all the women in his life. The women are likable too, although many of the peripheral ones are somewhat annoying.

I find the criticism that the film is ""misogynistic"" funny in light of the fact that the screenplay was written by a woman, Anne Rapp. Others argue that the story's pointless and the ending is unbelievable. While the latter point is true, this IS a dramedy/satire and not everything is SUPPOSED to be strictly realistic. As to the former criticism, just enjoy the ride and reflect on the plot and subplots. You may not agree with its points, and they may be elusive, but it's not pointless.

While I like the film and it contains scores of beautiful women, I'm only giving it a marginal ""thumbs up"" because they could've done better on this front considering the wealth of resources they had to work with, not to mention the opening credits sequence is noticeably overlong and dull. Interestingly, the ending graphically details the birth of a baby, a male.

The film runs 2 hours, 2 minutes, and was shot in the Dallas area.

GRADE: B-",2024-08-31T04:48:32Z,2024-08-31T04:48:33Z,https://www.themoviedb.org/review/66d2a0a0d94dffd8f701cb77
616dceb6bf31f2006148e743,18535,Wuchak,Wuchak,,/4KVM1VkqmXLOuwj1jjaSdxbvBDk.jpg,6.0,"_**Elvis’ first starring role where he plays a rising 50’s rock star**_

A delivery man with musical talent (Presley) is discovered by a publicist (Lizabeth Scott) at a small town festival and joins a traveling band where he increasingly “steals the thunder” of the main guy (Wendell Corey).      

“Loving You” (1957) was Elvis’ second of 31 movies, but it was his debut in the starring role and his first film to establish the ‘Elvis formula.’ Most of the rest of his movies would use this cinematic recipe with Presley’s character being in different occupations, which of course changed the setting and dynamics. For instance, in “Wild in the Country” (1961) he’s a troubled rural youth on probation, in “Blue Hawaii” (1961) he’s a tour guide, in “Kid Galahad” (1962) he’s a boxer, in “Viva Las Vegas” (1964) he’s a race car driver and in “Roustabout” (1964) he’s a carnival worker. 
 
This one was the blueprint for all of those and works well because it’s basically a retelling of Elvis’ own rags-to-riches story and so he’s comfortable playing a rising music star with the challenges thereof.

Everything works except the melodramatic last act, which somewhat lost my interest. Plus the girlfriend (Dolores Hart) is deemphasized and so her relationship with the Presley character isn’t compelling. On the positive side, when he’s frolicking on the farm with her and feeding a horse a sugar cube and singing, there’s a wholesomeness and innocence to treasure. Plus Elvis never looked better, being young and lean.  

The film runs 1 hour, 41 minutes, and was shot at Paramount Studios in Hollywood and the Ivar Theatre.

GRADE: B-",2021-10-18T19:44:54Z,2021-10-18T19:44:54Z,https://www.themoviedb.org/review/616dceb6bf31f2006148e743
5f35dde4c4f55200320a8024,20943,Kamurai,Kamurai,Kamurai,/sKeC7qZLAKreuwxH4x6U3mN7Aa8.jpg,6.0,"Good watch, could watch again, and can recommend.

It feels like this is after all the uproar with Katherine Heigl (""27 Dresses"") and she was trying to come back with a smile on her face, but she took the role because it gave her the opportunity to act the awful person she was accused of being.

Gerard Butler (""Bounty Hunter"") acts up a storm to keep up with her, with both equally playing off each of wonderfully.

I can't tell the better actor here because Gerard is clearly acting, but he might be acting a character that is acting eccentrically, but I'm still aware regardless of how good it is, versus Katherine who is so natural and seamless that you don't realize she's acting until she over acts per the character following another character's prompts badly.

It doesn't make for the best movie, but it sure is interesting.  And I'm sure if you can look past all that, then you can appreciate this veil metaphor of the sexes and a very well written story.

Nothing about this is fantastic, but it's a solidly good romantic comedy.",2020-08-14T00:42:12Z,2021-06-23T15:58:42Z,https://www.themoviedb.org/review/5f35dde4c4f55200320a8024
642ce771cca7de0103a9ce68,20943,ricoazzurro,ricoazzurro,,,4.0,Butler's movies are not hard to watch at all. And hello Izzie.,2023-04-05T03:13:53Z,2023-04-05T22:52:29Z,https://www.themoviedb.org/review/642ce771cca7de0103a9ce68
63c20c4de16e5a0092b46532,29973,GenerationofSwine,GenerationofSwine,,/xYhvrFNntgAowjRsf6mRg9JgITr.jpg,,"Giving this one star hurts. It was a good movie. Tommy Lee Jones did a great job. Robert Wuhl did a great job. Ron Shelton did a great job...

...but Al Stump did baseball a great disservice with his pack of lies. There was no need to fabricate an already interesting life and drag Ty Cobb through the mud.

As a historian, I respect that movies can NOT be 100% accurate...but as a baseball fan, this is just insulting. Especially insulting given that we are still talking about, we are still worshiping the players of that era.

This is worse for baseball's legend than steroids, worse than what they did to Jackson's good name.

As much as I respect the hard work and talent that went into this film. I can't respect what Al Stump did to the legends and myths of baseball.

Mr. Jones, Mr. Wuhl, Mr. Shelton, I am sorry. I can't give this more than a single star, but its not because of the job any of you did, it's because of the insult Stump paid to baseball.

It breaks the heart watching this, reliving the lies that tarnished my favorite sport.",2023-01-14T01:58:37Z,2023-01-14T01:58:37Z,https://www.themoviedb.org/review/63c20c4de16e5a0092b46532
5274758e760ee37c3e07e4d6,30574,John Chard,John Chard,,/utEXl2EDiXBK6f41wCLsvprvMg4.jpg,8.0,"What Is This Evil That Shadows Their Lives? 

Experiment Perilous is directed by Jacques Tourneur and adapted to screenplay by Warren Duff from the Margaret Carpenter novel of the same name. It stars Hedy Lamarr, George Brent, Paul Lukas, Albert Dekker, Olive Blakeney and Carl Esmond. Music is by Roy Webb and cinematography by Tony Gaudio. 

1903 New York and psychiatrist Dr. Huntington Bailey (Brent) is plunged into a psychological maelstrom when he enters the lives of Clarissa (Blakeney), Allida (Lamarr) and Nick Bederaux (Lukas). 

I've been living in that diary tonight, living the strange distorted lives of Nick and his sister. 

It's a grand title for a film, but one which is something of a bum steer since it conjures up images of Frankenstein type horror. Experiment Perilous comes from a Hippocrates saying and is quoted by Brent's good doctor during the unfurling of the narrative. The Carpenter novel was actually set in the present day but a decision was made to transfer the story to the early part of the 1900's so as to get some period flavours into the mix. A good move as it turned out. 

Very much in the vein of The Murder In Thornton Square (or the remake Gaslight also released in 44), Rebecca, Suspicion et al, Tourneur's movie isn't up to the standard of those films, but that in no way means it doesn't hold many pleasures, because it does, especially for Tourneur fans. It's very much a slow burner, a talky picture that for the first hour nearly crumbles under the weight of too much exposition and cod psychological musings. Yet the visuals and alternating interior and exterior period settings set up by Tourneur and Gaudio are mightily impressive (the interior set designs were nominated for an Oscar). Story unfolds to a back drop of a steam train, snowy gas lighted streets and an imposing period Brownstone abode (good use of miniatures a bonus here as well), while the interiors veer from elegant dressings to gloomy rooms of shadows and a hidden away spiral staircase. These are tailored made for Tourneur who ensures the standard formula of plotting is given a kick by its surroundings. 

Narratively it's made obvious to us that something isn't right with Lukas' shifty husband character and it comes as no surprise to see a romance begin to form between Brent's doctor and Lamarr's emotionally confused wife in possible peril. But these sign posted developments are well handled by the director, where flashbacks help and sinister additions such as a child hidden away upstairs and the Bederaux's back story keep things perched on the mystery/thriller edge. Cast performances are strong, with Lukas suitably suspicious, Brent unassuming and reflective and the beautiful Lamarr showing a fragile innocence that underpins the story. It all builds to a furious finale that involves fire, water and hopefully some race against time heroics?... 

Some patience is needed to get the most out of the picture, but neo-gothic delights are within for those so inclined. 7.5/10",2013-11-02T03:46:22Z,2024-05-16T15:22:01Z,https://www.themoviedb.org/review/5274758e760ee37c3e07e4d6
51d474d0760ee32235015603,68734,TheCakerBaker,TheCakerBaker,,,7.5,"Nowhere near best picture worthy, but truly excellent suspense building. The 2 hours certainly fly by with this one. Alan Arkin is a joy to watch.",2013-07-03T19:00:32Z,2021-06-23T15:57:21Z,https://www.themoviedb.org/review/51d474d0760ee32235015603
52b7ec3b19c295516b0df634,68734,markuspm,markuspm,,,,I think there really is no other way to say this and please excuse my english. Argo f@#$% yourself (in a good way!). Watch it and you will understand. Solid member of my 'so worth it' category.,2013-12-23T07:54:35Z,2021-06-23T15:57:23Z,https://www.themoviedb.org/review/52b7ec3b19c295516b0df634
556724aa9251414781001a9d,68734,Andres Gomez,tanty,Andres Gomez,,6.0,"Surprisingly winner of the Oscar award for the best movie.

It is a reasonably well done picture but nothing that interesting nor well threaded that the story telling would be worth mentioning. Actually, probably the contrary.

The cast is quite good in any case.",2015-05-28T14:22:34Z,2021-06-23T15:57:34Z,https://www.themoviedb.org/review/556724aa9251414781001a9d
5b0ed6d59251412727000803,68734,Dark Jedi,Dark Jedi,Dark Jedi,,7.0,"grave doubts about the operation themselves.

This is a good movie although the context of the movie is a rather sad one. It is definitely not my favorite genre but my wife wanted to watch it and it had received generally favorable ratings so I added it to my collection.

The historical accuracy of this movie has been questioned. I honestly do not remember any details of the events of this sad episode in Middle East history so I cannot really judge this. As far as I know the general plot is consistent with reality and in this movie it is good enough for me. I fear that, if they would have made it 100% historically accurate, the movie would have turned into a rather boring documentary instead of a fairly enjoyable drama movie.

Surprisingly enough the movie was quite funny at times. The dialogue between the movie-people when they were setting up the fake movie was sometimes quite hilarious. Some parts of the movie was rather tragic of course, like the Iranian mob taking over the embassy and the crazed idiots at the bazar.

Other parts where a bit silly. Why did the Iranian security have to break down their own doors at the airport instead of just calling the tower and stop the plane for instance? And the cars chasing the plane was just rubbish. The plane would have gone much faster than the cars could go long before they caught up with the plane. Also the fact that the cars basically had to panic-break in order not to hit the barrier at the end of the runway meant the plane almost ran into the barrier which, given that it made a normal take-off, is just nonsense.

In general it is a good movie although it is not really my type of movie and the movie’s context, the take-over by the Iranian extremists, is a rather sad one.",2018-05-30T16:52:37Z,2024-05-16T15:21:17Z,https://www.themoviedb.org/review/5b0ed6d59251412727000803
6463a8418c44b97808ffe263,68734,Nathan,TitanGusang,Nathan,/yHGV91jVzmqpFOtRSHF0avBZmPm.jpg,9.0,"Argo is undoubtedly one of the most intense cinematic experiences I have ever had the pleasure of witnessing. From the very first frame, this film had me on the edge of my seat, holding my breath in anticipation of what was to come next. The director's use of cinematography to create a sense of claustrophobia and tension is masterful, with every shot making the viewer more and more anxious. The cramped cubicles of the embassy, the small apartment building, and the crowded streets of Iran all contribute to the overwhelming feeling of being trapped with no escape.

What really sets Argo apart, however, is the intricate and fleshed-out storyline. Every second of the film's runtime is used to its fullest potential, with each integral piece of the master plan receiving the attention it deserves. The movie provides a deep dive into the complex and unbelievable story of the rescue operation, leaving no stone unturned and no detail overlooked.

In addition to the fantastic storytelling, the performances in Argo are absolutely top-notch. Ben Affleck delivers a standout performance as the main character, but the supporting cast is equally impressive. John Goodman and Scoot McNairy in particular shine in their respective roles, adding depth and nuance to the already-rich tapestry of the film.

Overall, Argo is truly a masterpiece of filmmaking. The pacing is perfect, leaving the audience with no time to catch their breath and adding to the mounting tension. The final act of the film is a masterclass in suspense and stress, cementing Argo as one of the most memorable movie experiences I have ever had the pleasure of viewing.

Score: 94% 🏅
Verdict: Excellent",2023-05-16T15:58:57Z,2023-05-16T15:58:57Z,https://www.themoviedb.org/review/6463a8418c44b97808ffe263
678f5446e1af20590faaaff1,68734,Etmahoney,mahoneymiami,Etmahoney,,8.0,"Box office $ 232.3 million

No movie being showcased by this year's Toronto International Film Festival caught our interest as much as Ben Affleck's directorial follow up to The Town. Argo, based on a true story and starring Affleck, Bryan Cranston, John Goodman and Adam Arkin, tells the astonishingly true story of how a CIA exfiltration specialist attempts to free six Americans who have taken shelter in the home of the Canadian Ambassador during the Iranian hostage crisis. The story opens on November 4, 1979 when Islamist militants took control of the U.S. Embassy in Iran. 52 Americans were taken hostage and held for 444 days until their eventual release. But six American's were able to sneak out of the Embassy and find refuge unbeknownst to the Iranian rebels. The CIA, lead by agent Tony Mendez (Ben Affleck) hatched a plan to rescue the house entrapped Americans by posing as producers of a fictional science fiction film. The idea was that Mendez would land in Iran and then convince the six Americans to assume roles as screenwriters, directors and co-producers of the film and they would all fly out of the country together once location scouting was complete in 48 hours. In an effort to have the mission legitimized, Mendez recruited Hollywood producer Lester Siegel and Special Effects man John Chambers to green-light the script and give the entire project credibility. If the entire notion of the plan sounds like something that only Hollywood could come up with – well, you're half right. But Affleck sticks to the facts of the true events and ravels a bite-your-nails type thriller that is guaranteed to be rewarded with year-end nominations for Best Picture, Best Director and most certainly Best Supporting Actor for Alan Arkin. Every note, every frame of Argo looks authentic. Affleck, who received incredible support for his last directorial effort, The Town, ups the ante and films Argo with the confidence of a maestro at the top of his game. The movie shifts between locations of Iran, Hollywood and both the CIA Headquarters and even the White House in this brilliantly crafted adventure. Each scene and character oozes with atmosphere and purpose and Affleck confidently and flawlessly directs himself as the expected hero of the film – a man who risks his own life and career for the lives of six strangers. Towards the concluding chapters of the film, audiences are sure to be on the edge of their seats – even if they are aware of the historically recorded outcome (shades of Apollo 13). Once the rescue attempt his its apex, the audience at the Toronto screening erupted in an applause never before experienced by this reviewer in his thousands of theatrical screenings. That reaction is a testament to Affleck's direction that grabbed audiences by the emotional drawstrings keeping us involved in our character's fates and caring for their safe return. Argo is not only an important piece of history that many of us were completely oblivious – but it is also one of the better films of this or the past few years.",2025-01-21T08:01:10Z,2025-02-03T15:54:54Z,https://www.themoviedb.org/review/678f5446e1af20590faaaff1
5f7b72e9fdfc9f0037a9ea03,22162,r96sk,r96sk,,/mwR7rFHoDcobAx1i61I3skzMW3U.jpg,5.0,"Better than the original, I would not have predicted that in fairness.

<em>'A Kid in Aladdin’s Palace'</em> is still very much a poor film, but they do improve on 1995's <em>'A Kid in King Arthur's Court'</em>. That's a surprise, especially as this was made without the collaboration of Disney; Trimark and Tapestry went it alone with this.

Cast-wise it's roughly the same in terms of what's given. Of course the first film has the (in retrospect) star names of Kate Winslet and Daniel Craig, who don't return for this, but this cast list give just as much as those from the '95 production did to be frank.

Thomas Ian Nicholas does, however, return to reprise his role. I actually found him more bearable here, he's slightly less wooden and the dialogue written for him is a little more suitable. Rhona Mitra is solid as Sheherazade, none of the others are anything noteworthy but are OK.

I found the mix between 'present day' and 'old day', a thing I criticised the other film for, passable, it's still a bit forced but at the same it does do it better than the Disney original. The desert surroundings, meanwhile, are more interesting that the forest/castle setting of the King Arthur release.

As noted near the top, I still found this a slog to get through and it isn't anywhere near good - but it is worth noting that it is an improvement.",2020-10-05T19:24:25Z,2021-06-23T15:58:45Z,https://www.themoviedb.org/review/5f7b72e9fdfc9f0037a9ea03
654358c56beaea00c9fa575f,543,CinemaSerf,Geronimo1967,CinemaSerf,/9HcQx0Yfbxy8eqr3ft66X9uWMf0.jpg,7.0,"I saw the silent version recently with an expertly played piano accompaniment that added loads to an, admittedly rather too long, drama. ""Alice"" (Anny Ondra) has a silly spat with policeman boyfriend ""Frank"" (John Longden) and then rather foolishly hooks up with an odious artist (Cyril Ritchard) who attempts to push his luck too far and whom she accidentally, rather brutally, despatches. Terrified that nobody would believe her, and rather than call the authorities, she flees the scene - but not before she is spotted and subsequently has to deal with the venal aspirations of her blackmailer (a perfectly cast Donald Calthrop). Meantime, the police get the wrong end of the stick during their investigation and another tragedy ensues - leaving poor old ""Alice"" riddled with even more guilt! The one thing that takes a bit of getting used to is the really rather static nature of the photography, but once you adopt a perspective that you are in the same seat (in the cinema) as the cameraman then that actually starts to work quite well as we become more immersed in a solid story of fickleness and deceit. The inter-titles are sparing but do all that is necessary to augment Hitchcock's innate ability to tell us a story using the limited technology available in 1929, that capitalises on light, shade, and the environment around the characters. Somehow, I reckon that the talkie version that followed almost immediately would be anywhere near as effective.",2023-11-02T08:07:33Z,2023-11-02T08:07:33Z,https://www.themoviedb.org/review/654358c56beaea00c9fa575f
5f1dc9e866a7c300380c06ec,33788,JPV852,JPV852,,/xNLOqXXVJf9m7WngUMLIMFsjKgh.jpg,3.0,"Pretty boring movie for the first hour before things, albeit briefly got a little interesting, then just became a bit too ridiculous (also was on the predictable side). I will say, at least Lee Pace was decent and Sarah Michelle Gellar was okay I guess. But this remake of a 2002 South Korean film fell flat even with a short 85-minute running time. Honestly, probably would've played better as ""Twilight Zone"" episode than feature film. **1.75/5**",2020-07-26T18:22:32Z,2021-06-23T15:58:41Z,https://www.themoviedb.org/review/5f1dc9e866a7c300380c06ec
6690f2db6bf5d523e0cc99f1,52199,CinemaSerf,Geronimo1967,CinemaSerf,/9HcQx0Yfbxy8eqr3ft66X9uWMf0.jpg,5.0,"This is an hoot. The usual aliens from outer space yarn, intent on invading the Earth by landing in a middle-of-nowhere American town populated by ordinary country folks! Whether or not these visitors actually set out to invade the Earth is not clear - but after one of them gets hit by a car, it's probably fair to assume that they are a bit narked. Anyway, I digress. The canoodling youngsters driving the car report the accident to the police who discover an human corpse at the site of the accident - the pair are charged, but escape and head for an illuminating denouement with our big-brained-beasties in the woods. Sure, the dialogue is terrible and the use of latex and piano wire is hardly innovative, but it is fun. It sets out to entertain us, and maybe despite itself - and the pretty woeful performances from Steven Terrell and a wonderfully hammy Gloria Castillo - it does. If you like the genre, then give it a go - but if not then don't waste your time.",2024-07-12T09:09:47Z,2024-07-12T09:09:47Z,https://www.themoviedb.org/review/6690f2db6bf5d523e0cc99f1
639c650381a7fc00a2642a7c,18214,Michael,Gnislew,Michael,,2.0,"Jean-Claude van Damme und Sho Kosugi in einem Film. Eine Actionfilmlegende kurz vor ihrem Karriereende und ein aufstrebender Newcomer aus Belgien. Was auf dem Papier ein Actionfeuerwerk verspricht, entpuppt sich auf dem Bildschirm leider als großer Langweiler in dem sich Logikloch an Logikloch reiht, die Action nicht funktioniert und die Dialoge mal richtig dumm sind. Red Eagle ist ein Relikt einer vergangenen Zeit, welches lieber nicht allzuoft wieder ausgegraben werden sollte. [Sneakfilm.de]",2022-12-16T12:30:59Z,2022-12-16T12:30:59Z,https://www.themoviedb.org/review/639c650381a7fc00a2642a7c
576f0970c3a368098b0002a0,48756,talisencrw,talisencrw,,,9.0,"I honestly never thought a simple trip to the store to get ice cream could prove so chaotic, but this IS Laurel and Hardy we're talking about here, so anything is possible and very truly ensues.",2016-06-25T22:45:04Z,2021-06-23T15:57:48Z,https://www.themoviedb.org/review/576f0970c3a368098b0002a0
5738c50b9251412070000489,146,talisencrw,talisencrw,,,10.0,"Easily my favourite of Lee's films, plus this was a no-brainer for me to watch, since I love martial arts films and the three stars. Peter Pau's cinematography and Dun Tan's soundtrack deservedly won two of the four Oscars, amidst its ten nominations, but even though the production values and story were the reason that this, rather than more significant martial arts classics, such as 'The 36th Chamber of Shaolin' and other Shaw Brothers' masterpieces of the genre is that it stepped outside the box and became mandatory viewing for both genders and all cultures with its love story, in the same way that 'Rocky' isn't simply a boxing movie. Still fascinating watching today, and the scene in which the restaurant is destroyed is one of the most fascinating set-pieces I have yet seen.",2016-05-15T18:50:51Z,2021-06-23T15:57:47Z,https://www.themoviedb.org/review/5738c50b9251412070000489
64380a0681a7fc00be459782,146,CinemaSerf,Geronimo1967,CinemaSerf,/9HcQx0Yfbxy8eqr3ft66X9uWMf0.jpg,7.0,"""Master Li"" (Chow Yun-Fat) asks his lifelong friend ""Yu Shu Lien"" (Michelle Yeoh) to take his legendary sword ""Green Destiny"" and deliver it to ""Sir Te"" (Sihung Lung) at the Imperial court. Turns out, though, that security there isn't so hot and the sword is stolen by a very able and nimble thief who only just escapes the pursuit of ""Shu Lien"" - who reckons she really knows whom the thief is. A visit to ""Jen"" (Ziyi Zhang) and the swift return of the sword seem to confirm her suspicions but then the sword is stolen again and aside from narking ""Sir Te"" this sets up a series of adventures for ""Li"", ""Shu Lien"" and ""Jen"" as we discover there may be a connection to the former man's nemesis ""Jade Fox"" (Pei-Pei Cheng). There is room, gradually, for a little romance but for the most part this is a quickly paced adventure that builds well on some beautiful cinematography with a solid story underpinned by some magical mythology and plenty of swordplay. Unlike many of the genre, the combat scenes are naturally choreographed and do not drag on interminably and repetitively. This has a more characterful narrative that involves us in the mystery, the vendetta - even the slowly simmering love story. For my money, this is easily the best film as yet made by Ang Lee and is well worth seeing on a big screen if you can find one.",2023-04-13T13:56:22Z,2023-04-13T13:56:22Z,https://www.themoviedb.org/review/64380a0681a7fc00be459782
5f3577f78813e40036509f17,39402,Wuchak,Wuchak,,/4KVM1VkqmXLOuwj1jjaSdxbvBDk.jpg,7.0,"_**Married to Sylva but bewitched by Sylvia**_

""Hercules Unchained"" (1959) is an Italian/French/Spanish sword & sandal flick in the mold of Kirk Douglas' ""Ulysses"" (1954). ""Hercules Unchained"" is more of the same, with a similar plot, i.e. the journeying hero forgets who he is while bewitched by a beautiful babe on some island. “Samson and Delilah” (1949) is the crowning predecessor of the genre. 

Californian muscleman Steve Reeves plays the titular hero/god to perfection. Reeves is most known for his Hercules role but interestingly only played the part twice, in this film and the first one ""Hercules"" (1958). Anyway, one good side-effect of watching Reeves is that it will likely inspire guys to get in shape (the way Stallone does when watching Rambo).

In this film Herc is married to the beautiful Iole (Sylva Koscina), but he forgets his wife and homeland after drinking of the waters of forgetfulness and falls under the spell of Queen Omphale (Sylvia Lopez) of the isle Lidia. So Herc is caught between two beauties: Sylva and Sylvia.

""Hercules Unchained"" can be enjoyed by both youths and adults. It's a fun fantasy adventure with dated ""effects,"" but it also addresses a few mature themes.

One theme is the boneheaded predilection of men to sexual gratification and their intrinsic weakness to the spell of feminine beauty. Herc is married to cutie Iole (Sylva), but it wasn't too hard for him to fall under the power of Omphale (Sylvia). And he has the perfect excuse: ""Aduh, I forgot.”

Another theme is that feminine power can be used for good or evil, productivity or destruction. Iole (Sylva) uses her feminine charms to catch herself a manly hunk (Reeves) for a husband and family, while Sylvia (Omphale) uses her womanly power to capture a never-ending succession of studs, literally. Sylva wants a lifelong mate and family, whereas Sylvia is a black widow who kills her ""conquests"" after she gets bored with ’em and puts ’em in her trophy case, so to speak.

Look around and you'll see both types of women in real life. One girl I knew in high school, for example, would catch herself a hunk boyfriend and ultimately start cheating on him when she eventually got bored; she would then let go of the boyfriend and officially hook up with the guy she was cheating with; once she got bored of him she'd start cheating with the next guy, ultimately dropping the boyfriend for him, ad nauseam. She was notorious, just like Omphale (Sylvia). She would even break up best friends with her expert feminine powers. The lunkheads could never come to the realization of what she was doing because they were too mesmerized by her bewitching charms.

Interestingly, Sylva is beautiful in a cute way, whereas Sylvia is beautiful in a sharp, leggy way. Both are worth catching the film for if you're a red-blooded male.

Another theme is that of negative rivalry. The two siblings vie for kingship (or control) of Thebes. Proud rivalry begats enmity and violence, and ultimately mutually assured self-destruction. Both actors are outstanding, displaying a palpable royal pomp.

The sets and costuming are noteworthy. Mario Bava did the cinematography and special effects, as well as some directing, so the film has that colorful Bava look.

BOTTOM LINE: If you can overlook certain dated aspects (like the editing) ""Hercules Unchained"" is enjoyable on numerous levels, both juvenile and mature. It's the obvious precursor to more modern films like ""Troy"" (2004).

The film runs 1 hour, 37 minutes (with some prints 4 minutes shorter), and was shot at Titanus Studios, Rome, Lazio, Italy.

GRADE: B",2020-08-13T17:27:19Z,2021-06-23T15:58:42Z,https://www.themoviedb.org/review/5f3577f78813e40036509f17
5f67c6f857530e0037b12d3c,19033,Kamurai,Kamurai,Kamurai,/sKeC7qZLAKreuwxH4x6U3mN7Aa8.jpg,3.0,"Bad watch, won't watch again, and can't recommend.

I used to swear by Justin Long's presence in a movie, but I'll say this for him, he has really varied his portfolio, and it's not that he does a bad job, he just gets slotted for some really weird roles, and this is one of them.

I was hoping for a great questing story about finding bigfoot, or just maybe a search for one, but instead we get this terrible mix of stories: ""how do we make x money in y days"", sasquatch hoax, bullies, and a really charming teen romance story that I wish was the main focus.

There is just a lot of wasted time on things that don't matter when the story could easily have been so much more uplifting.

It's literally so convoluted and disappointing that I don't even remember how it ends.  I pretty much just checked out by the 3rd act.",2020-09-20T21:17:44Z,2021-06-23T15:58:44Z,https://www.themoviedb.org/review/5f67c6f857530e0037b12d3c
50917af219c2956bc000098e,64880,Saurav Sharma,sauravsharma001,Saurav Sharma,,7.5,"7 may seem high , but the movie is really enjoyable. Its not that it a new type of love story, but the way in which unfolds is quiet nice. Thank god its not overdone. Overall in the movie things are kept simple and emotions are apt to the situation. i have seen a lot of movies in which people go overboard with side characters , but here they are kept to a minimum and main focus is on shekar the protagonist and pia his love interest. Music is really good, ""koi fariyaad"" by jagjit singh is excellent and keeps coming part by part in the movie, the lyrics are meaningful too. Chotti chotti ratein and tum bin are nice numbers too. I have wanted to watch this movie since long, finally got a DVD and please do rent a DVD if you still haven't watched this movie.",2012-10-31T19:24:34Z,2021-06-23T15:57:20Z,https://www.themoviedb.org/review/50917af219c2956bc000098e
5fc555721b7294003f8f9489,24130,Wuchak,Wuchak,,/4KVM1VkqmXLOuwj1jjaSdxbvBDk.jpg,5.0,"_**Tedious sequel put an end to the franchise**_

Super-spy Derek Flint (James Coburn) takes on a cabal of female tycoons who work from a tropical spa located in the Virgin Islands. Their plan to take over the world begins with replacing the president with an impersonator (Andrew Duggan). Lee J. Cobb and Jean Hale costar. Yvonne Craig shows up as a Russian ballerina.

""In Like Flint"" (1967) is a mid-60’s spy send-up in the manner of the Matt Helm flicks and “Fathom.” It’s not an outrageous spoof, like the TV show Get Smart, but takes the relatively low-key route. Everything is here for a quality movie of this sort, including loads of 60’s babes, but the story isn’t compelling and the creators didn’t seem to know how to take advantage of their feminine resources (not talkin’ ’bout nudity or sleaze). 

This was the second in the Flint series after “Our Man Flint” from the previous year, but the slashed budget and tiresome story put the kibosh on the franchise. It’s still worth checking out though for a few amusing scenes and the authentic mid-60’s ambiance (authentic because that’s when it was made). Coburn was certainly the king of cool at the time and it wasn’t his fault the script & general filmmaking were below par. 

The film is overlong at 1 hour, 54 minutes. It was shot in Jamaica (Montego Bay & Dunn's River Falls) and Los Angeles (Century City & Hyperion Water Reclamation Plant).

GRADE: C",2020-11-30T20:26:26Z,2021-08-08T01:49:17Z,https://www.themoviedb.org/review/5fc555721b7294003f8f9489
56997b4bc3a3680ccc000419,31498,Ack,Ack,,,7.5,Not a bad movie for a rainy Saturday afternoon. It's a little serious and a little bit fun. Keep an open mind and realize this isn't a million dollar production and it can be very enjoyable.,2016-01-15T23:05:47Z,2021-06-23T15:57:44Z,https://www.themoviedb.org/review/56997b4bc3a3680ccc000419
62b4c0c8383df2008bf8075a,31498,CinemaSerf,Geronimo1967,CinemaSerf,/9HcQx0Yfbxy8eqr3ft66X9uWMf0.jpg,6.0,"Ultimately, this spawned three sequels that develop the tales of ""Kharis"" (this time Tom Tyler) as he is raised from his perpetual living death to reconcile with his ""Princess Ananka"". By far the best of them, this film starts off with Dick Foran (""Steve Banning) and Wallace Ford (""Babe Johnson"") as two hapless archaeologists who accidentally discover and defile the tomb of ""Kharis"" who, together with his menacing, megalomanic High Priest ""Andoheb"" (George Zucco) are not best pleased. Revived by his potent elixir of Tan leaves, the mummy sets off to wreak vengeance on his desecrators - and, of course, to find his long lost gal whom he hopes will buy into his new ""been in a terrible fire/hospital"" look. The production is a bit basic - there is plenty of repetitive use of the same shots but the cast/writing in this are quite decent - Cecil Kellaway and Eduardo Cianelli are quite effective at keeping the story moving along between strangulations and it's got quite a good conclusion too. No relation to Karloff's 1932 version, but still quite an enjoyable development go the them that I rather enjoyed.",2022-06-23T19:36:40Z,2022-06-23T19:36:40Z,https://www.themoviedb.org/review/62b4c0c8383df2008bf8075a
65f36cad595a560163048b39,62967,CinemaSerf,Geronimo1967,CinemaSerf,/9HcQx0Yfbxy8eqr3ft66X9uWMf0.jpg,7.0,"An elderly lady lives in her windmill where she clearly misses her late husband. One night, though, it's scheduled to be her last and it is time for her to go and join him - assuming, of course, that the Grim Reaper is up for allowing a reunion. Wait! False alarm! Medical science is trying to intervene... It's now a competition between the scythe of doom and the cardiogram. A momentous tug of war ensues. Who will win? Probably more importantly, what are they actually fighting for and did anyone remember to ask the widow what she wanted in the event that she could choose! There's no dialogue to speak of, and the score veers close to ""Mission Impossible"" territory as this fun mixture of animation styles lets us witness the amiable battle royal play out. It really is well worth ten minutes of your time.",2024-03-14T21:31:25Z,2024-03-14T21:31:25Z,https://www.themoviedb.org/review/65f36cad595a560163048b39
621ba44d5f2db1006e6f3dfe,9967,Lloyd,LloydGM,Lloyd,/nGfBNr7aYkrxHZaIpy1y7AtprVn.jpg,9.0,"Overall, Uncommon Valor (UV) is a less-flashy atypical Hollywood movie of ex-soldiers being reunited to form a team to rescue Vietnam POWs, using good (but not Oscar quality) humor, and decent near-realistic (but not memorable) special effects to tell a 2-part story of forming a rescue team which then performs their mission.

Decades after UV was produced, one could say that it's just another run-of-the-mill movie about rescuing Vietnam POWs; however, this was one of the earlier movies of this genre so I don't think it can be fairly compared with the rest of this ilk.  (E.g. Missing In Action was 1985 and the 2nd Rambo movie was 1986.)  UV isn't a typical Hollywood attempt at making a blockbuster, yet it did very well in the theater.  UV is noteworthy for being more emotional than its brethren; it's not a tear-jerker, nor is it a masterpiece drama since it is a bit light-hearted in many places and uses humor liberally. (The humor isn't comedy per se, I felt that its purpose is to reminder us that the characters are misfits and has-beens, ex-soldiers but not ex-warriors, and they're transitioning from plain vanilla real lives to what's normally reserved for elite teams of soldiers like Delta Force.

UV has a charm about it that most others lack. The acting isn't superb, but it's still very good.  It doesn't have tons of eye-candy special effects, but it does use them fairly appropriately to enhance the story; I'd even go so far to say that, unlike typical Hollywood movies of today, instead of dialogue and story gluing together a bunch of CGI action scenes, UV takes the opposite approach of using action scenes and humor to glue together the story parts and demonstrate that the characters are a bunch of misfits, aging former soldiers brought together for a rescue mission.  Patrick Swayze's character is unique here, really gung ho, kind of a counterpoint to the aging ex-soldiers.

The 1st half of UV tells a story of ex-soldiers coming together, overcoming their unique prejudices, and re-learning how to work together as a team.  Eventually, they form a fairly effective team and the rescue mission is a Go. The action scenes weren't very realistic, but they were still OK, certainly good at demonstrating how the character steadily became a team.

The 2nd half of UV is the rescue mission itself, not really anything spectacular and more typical of a Hollywood film.  It's not bad at all, just fairly routine, but done well, nonetheless.  The action scenes, in particular, are decent but not eye-popping or noteworthy of realism, yet they're sufficient for the story. (Of course, there are scenes which are a bit over-the-top, maybe worth a half-star ding in the overall rating.)

PS  This review is based on my having seen UV in the theater when released, augmented by my just having watched it again over 30 years later.",2022-02-27T16:18:21Z,2022-03-05T16:50:48Z,https://www.themoviedb.org/review/621ba44d5f2db1006e6f3dfe
62bccb5ae1faed1dc4bece94,9374,CinemaSerf,Geronimo1967,CinemaSerf,/9HcQx0Yfbxy8eqr3ft66X9uWMf0.jpg,7.0,"""Helen"" (Goldie Hawn) has always lived in the shadow of her friend, the successful actress ""Madeline"" (Meryl Streep), but when she loses her fiancée - renowned, if rather dowdy, plastic surgeon ""Dr. Menville"" (Bruce Willis) to her, she loses the plot. Eventually twice the size and evicted from her apartment with her hands still glued to the ice cream pot, she is sent to a mental institution were she finally concocts a plan for revenge. Meantime, the marriage has rather gone to seed. ""Madeline"" seeks comfort in the arms of younger men, but when her latest beau rejects her, she finds herself - via the kindly intervention of an almost unrecognisable Ian Ogilvy (""Chagall"") - in the lair of the seductive ""Lisle von Rhuman"" (Isabella Rossellini) who offers her eternal youth. Of course there is a price - but will she pay it? What ensues for the last forty five minutes is really quite entertaining. Streep and Hawn look like they are enjoying themselves as their antics become comically macabre. Willis, the now bottle-hitting doctor - who has been largely reduced to manicuring corpses - is also clearly having some fun and Rossellini hams up wonderfully. The ending isn't my favourite, but I suppose it was ""fair"" and desserts were just. This is an amiable, feel-good, comedy with everyone on good form, some lovely snide dialogue and I liked it.",2022-06-29T21:59:54Z,2022-06-29T21:59:54Z,https://www.themoviedb.org/review/62bccb5ae1faed1dc4bece94
6954149c1579cecae388e9ee,9374,daniel_carr,daniel_carr,,/oIZZAY0sYhlk5YHxag5QBTRjoKz.jpg,7.0,"Funny, great story and a twist in the plot! I'm a sci-fi, fantasy guy and this checked all the boxes for my. Even had romance, so it was a good movie. Had some big names so only thing missing for me was a little more action and a deeper history.",2025-12-30T18:06:20Z,2025-12-30T18:06:20Z,https://www.themoviedb.org/review/6954149c1579cecae388e9ee
63e6a134d29bdd008c9dc65c,3065,Filipe Manuel Neto,FilipeManuelNeto,Filipe Manuel Neto,/nidqITf735x9xxHfncXkT9BmOQ7.png,1.0,"**It might be really funny to a lot of people, but it didn't work for me.**

I know there are a lot of old movies that are painfully bad. Some of them are so bad they're funny. This is quite well known. What I didn't know was that there had been a TV series in the past that made fun of these movies. “Mystery Science Theater 3000” was a series that never aired in Portugal and that I only became aware of when researching this film. Now I understand better certain things that I didn't realize when I was watching it, but even so, I feel that it is a film that is not for me.

Before writing, I went to see an episode or two of the original series to compare. What the film did was, essentially, a movie episode. The differences are minimal, and that seems a bit lazy to me right off the bat. There are lots of films based on good TV series, and it's not uncommon for the opposite to happen, but generally there is an effort, on the part of those who make the films, to give us something different, even if the base is there. That didn't happen here.

Also, the film tries to make witty jokes based on the older film, but it splatters roundly on the floor with each one. First, because there is a bad placement of the jokes, which happens before we even realize why, as if it were a spoiler. And then, because they are dull jokes, a type of humor that seems like it would only have a chance to work at the expense of a few very alcoholic drinks. I just don't like humor like that, and therefore the movie didn't have any jokes. Luckily, it was a fairly brief movie, just over an hour, or I would have stopped and moved on to something really more interesting.",2023-02-10T19:55:32Z,2023-02-10T19:55:32Z,https://www.themoviedb.org/review/63e6a134d29bdd008c9dc65c
589a8974c3a3683ab0002183,32488,John Chard,John Chard,,/utEXl2EDiXBK6f41wCLsvprvMg4.jpg,9.0,"It's as true to life as a vodka martini.

The above quote is from director Blake Edwards, it's taken from the highly recommended commentary track he provides on the DVD for this excellent and compelling piece of work.

Joe is a social drinker but he's social all the time, during one of his arranged parties for a client he meets and falls in love with teetotal Kirsten. They get married and changes start to dominate their marital bliss, he is stressed from work and drinks daily to forget the rigours of the job, she being the loving wife chooses to drink with him to help ease his pain, but soon the joyous days of wine & roses will turn to something dark and terribly turbulent, and this will threaten their own respective sanity.

The film begins with Henry Mancini's academy award winning title theme tune, it's a truly beautiful piece of music that perfectly sets the tone of the film for its first third, it lulls you into this couples love, the bond they share is a truly wonderful thing, it really is all sweetness and light, but then the bottle becomes part of this couples life, they become a threesome from which only dark horrors will form. Containing emotionally shattering scenes that once viewed can not be forgotten (witness Joe's soul destroying search for liquor in a greenhouse), Days Of Wine & Roses still manages not to force feed the viewer a moralistic stance, it lays down the facts of alcoholism and the perils of co-dependency with honest appraisal, we as the viewers are left in no doubt that it is us, and us only, that can make of it as we see fit, the ending especially is a particular poser of which we ourselves seek clarity.

Wonderfully written by the talented hands of J.P. Miller, Days Of Wine And Roses boasts marvellous direction from Blake Edwards and two academy award nominated performances from Jack Lemmon & Lee Remick, it's a testament to all involved that come the finale the viewer feels drained, yet strangely...not at all thirsty for the amber nectar.",2017-02-08T02:59:00Z,2024-05-16T15:22:15Z,https://www.themoviedb.org/review/589a8974c3a3683ab0002183
5d927d75a698cf0011fd4f7b,32488,barrymost,barrymost,,/ibbLLFhqCRY4Dh37WoBGMHSCThT.jpg,9.0,"This is an intriguing, heavy drama about the downward spiral into alcoholism, and how it irrevocably tore apart the lives of one man and his wife.  I have some respect for Blake Edwards, having seen this, as I previously had a low opinion of him after seeing The Pink Panther, which to this day I do not understand why it was so successful.  But I'm not reviewing The Pink Panther, so I'll lay off it for now. In Days of Wine and Roses, Jack Lemmon really is brilliant, and Lee Remick is disturbingly realistic.  The film is right up there with The Lost Weekend (1945), and the story carries an important moral lesson, which it delivers with a punch.  

Would I recommend?  Yes.  But to the mature viewer, who can really understand and appreciate it.",2019-09-30T22:11:01Z,2021-06-23T15:58:27Z,https://www.themoviedb.org/review/5d927d75a698cf0011fd4f7b
673ccc6e06fd885ab9dda0b6,32488,CinemaSerf,Geronimo1967,CinemaSerf,/9HcQx0Yfbxy8eqr3ft66X9uWMf0.jpg,7.0,"What a departure for Jack Lemmon this is! Together with the also Oscar nominated Lee Remick, they offer us a really gripping performance. She (""Kirsten"") is a tea-total secretary who is introduced to one of the PR guys ""Joe"" at a boat party. After a bit of a sticky start, she starts to warm to him and they begin to date. He is never far from a bottle; ""hit me again"" being his most oft used expression and gradually, even after the arrival of a child to this now married couple, he begins to wean her onto the sauce. Despite the best efforts of her father (Charles Bickford) they quickly spiral into a cycle of drunkenness that costs them their jobs, imperils their daughter and as an example of how badly, and completely, alcoholism can come to dominate their lives, this has to be amongst the most potent depiction on film. Jack Klugman (""Hungerford"") tries to offer some route to salvation via AA, and we are offered a few less cerebral drying out methods - all of which offer Lemmon a chance to really show what he is made of an an actor. Some of it still quite distressing to watch (especially if you happen to have a drink in your hand at the time). Messrs. Mancini and Mercer came up with the title song, which perhaps features just once too often; but for the most part this really is captivating cinema with both and director Blake Edwards (usually known for much lighter works) on top form.",2024-11-19T17:35:42Z,2024-11-19T17:35:42Z,https://www.themoviedb.org/review/673ccc6e06fd885ab9dda0b6
6755e31ff31dc8ce88fd815d,89535,Wuchak,Wuchak,,/4KVM1VkqmXLOuwj1jjaSdxbvBDk.jpg,6.0,"**_“Fright Night” with satanists rather than vampires_**

A high school student in Los Angeles (Derek Rydall) is convinced that his grumpy teacher (Allen Garfield) is the serial killer preying on prostitutes in the area. Michael J. Pollard plays the latter’s brother while Elliott Gould is on hand as a retired cop that might help the teen and Richard Roundtree plays the lead detective. 

Shot in August, 1988, ""Night Visitor"" is very similar to “Fright Night” just more subdued due to the nature of the antagonist(s). It’s an entertaining horror flick, although it's not actually scary due to the semi-goofiness of the villains, but it's amusing and thrilling enough, particularly the brouhaha at the end. And you can’t beat the 80’s ambiance. 

Shannon Tweed has a fairly beefy role in the first act. She never did much for me, but Gene Simmons obviously disagrees. I would offer that winsome Teresa Van der Woude is the real highlight on the feminine front as Kelly, the protagonist’s partner.

The plot was reused for “Never Cry Werewolf” nineteen years later and, of course, the remake of “Fright Night” (2011).

It runs 1 hour, 33 minutes, and was shot in Los Angeles/Culver City.

GRADE: B-",2024-12-08T18:19:11Z,2024-12-08T18:19:11Z,https://www.themoviedb.org/review/6755e31ff31dc8ce88fd815d
5ccea592c3a3683145d8fe06,12623,John Chard,John Chard,,/utEXl2EDiXBK6f41wCLsvprvMg4.jpg,7.0,"The innocent shall know the glory of heaven!

Peter Yates directs and Eric Roth writes the screenplay. It stars Cher, Dennis Quaid, Liam Neeson, John Mahoney and Joe Mantegna. Music is by Michael Kamen and cinematography by Billy Williams. Pot has Cher as a public defender tasked with defending a deaf and mute homeless man accused of murder.

It's a solid legal eagle thriller is this, it opens with a dramatic suicide and the discovery of a woman's dead body, and then runs through many of the staples of feature film courtroom shenanigans. There's some spice thrown in for good measure as the lawyer and a member of the jury get too close for comfort, while the central premise of a deaf and mute person being the accused makes for fascinating viewing - the makers obviously having a social awareness of the issue.

As the mystery to be solved question holds the attention, pic does descend into the realm of the far fetched with the behaviour of Cher and Quaid's characters. It's also not something of a shock once the big reveal arrives. Yet this has enough savvy performances, nice technical touches (William's cinematography sparkles at times) and a strong pot boiling premise, to make it well worth the time invested with it. 7/10",2019-05-05T08:57:54Z,2024-05-16T15:22:22Z,https://www.themoviedb.org/review/5ccea592c3a3683145d8fe06
69ddc3817a90cf0a0fc74279,12623,JPV852,JPV852,,/xNLOqXXVJf9m7WngUMLIMFsjKgh.jpg,6.0,Well directed legal thriller from Peter Yates is quite convoluted and a weak romantic element but still entertaining with Cher and Dennis Quaid putting in decent performances. **3.0/5**,2026-04-14T04:33:05Z,2026-04-14T04:33:05Z,https://www.themoviedb.org/review/69ddc3817a90cf0a0fc74279
62a2363335d1bc37302bc785,11873,CinemaSerf,Geronimo1967,CinemaSerf,/9HcQx0Yfbxy8eqr3ft66X9uWMf0.jpg,7.0,"Following on from the enjoyable ""Hustler"" (1961), Paul Newman's ""Eddie"" takes the cocky but green pool player ""Vincent"" (Tom Cruise"") under his wing so he can teach him how to win and to win big. Initially hostile to the idea, ""Vincent"" realises his opportunity and pretty quickly the pair are on a tour of the country's pool halls trying to raise enough money to stake their entry in a tournament of champions. Newman is on great form here. His portrayal of the formerly invincible player is strong and nuanced. He knows he is not as good as he once was, but is he now vicariously living through his protégé, or might this younger man galvanise him to raise his game one last time? Cruise is also good as the arrogant and cock-sure youngster and there is some considerable on-screen chemistry between the two as the story follows a not entirely unpredictable path. Mary Elizabeth Mastrantonio (""Carmen"") and Helen Shaver (""Janelle"") both contribute well as the girlfriends, the former trying to keep ""Vincent"" grounded, the latter trying to keep ""Eddie"" motivated, and as they travel we get a sense of a building reliance and animosity between the two that can only lead to fuses blowing. John Tarturro and Forest Whitaker both offer us timely contributions that demonstrate to both men their failings and opportunities along the way, too. The dialogue is strong, potent and sparing - Newman still uses his expressions well and the pace of the story builds really effectively. Two hours just fly by before an ending that I really thought a bit of a tease. What ever happened to the ""Color of Money 2""?",2022-06-09T18:04:35Z,2022-06-09T18:04:35Z,https://www.themoviedb.org/review/62a2363335d1bc37302bc785
5a026c2d92514111da008457,11442,Gimly,Ruuz,Gimly,/xUObnJSvHrFPsIpoDmb1jiQZLq7.jpg,4.0,"_Michael Myers: The Reality TV Show!_

...Somehow still less dumb than _Halloween 6_.

_Final rating:★★ - Had some things that appeal to me, but a poor finished product._",2017-11-08T02:30:05Z,2021-06-23T15:58:02Z,https://www.themoviedb.org/review/5a026c2d92514111da008457
613f8cb56af9dd0027bc3b10,11442,Wuchak,Wuchak,,/4KVM1VkqmXLOuwj1jjaSdxbvBDk.jpg,5.0,"_**Serviceable, but pedestrian and comic booky entry**_

Several college youths agree to be part of a reality TV show where they stay in the dilapidated Myers’ residence in Haddonfield, Illinois. Unbeknownst to them, Michael is still alive and has returned to his home town after stopping by the asylum to visit Laurie (Jamie Lee Curtis). 

""Halloween Resurrection"" (2002) is the seventh installment of the Michael Myers saga (not counting the unrelated “Season of the Witch”) and is the final film in the series until the remakes. It gets a lot of hate because of what happens in the opening act and the inclusion of Busta Rhymes, but it’s serviceable and definitely superior to the lousy “Halloween: The Curse of Michael Myers” (1995). It’s just kinda unimaginative and cartoonish with several bits being hackneyed or predictable by this point.  

The feminine department includes Daisy McCrackin (Donna), Katee Sackhoff (Jen), Bianca Kajlich (Sara), and Tyra Banks (Nora). The beautiful women wandering around a rundown domicile and dying one-by-one is reminiscent of “Death Tunnel” (2005) but without the amazing cinematic artistry (even though it cost $11.5 million MORE), not to mention “Death Tunnel” has better women.

""Halloween 4"" (1988) is easily the most entertaining of the original series, followed by ""Halloween 5"" (1989) and “H20” (1998).

The movie runs 1 hour, 34 minutes and was shot mostly in the Vancouver, British Columbia, area with the Hillcrest Academy sequence done at Silver Lake, Los Angeles. 

GRADE: C",2021-09-13T17:39:01Z,2021-09-13T17:39:01Z,https://www.themoviedb.org/review/613f8cb56af9dd0027bc3b10
6557cb86d051d9013a17c66d,39164,Wuchak,Wuchak,,/4KVM1VkqmXLOuwj1jjaSdxbvBDk.jpg,6.0,"**_A creepy Welsh manor with Price, Lee and Cushing_**

A popular American author (Desi Arnaz Jr.) opts to write his next novel at a spooky mansion in Wales that’s supposed to be vacant… but it’s not.

The selling point of the curiously obscure ""House of the Long Shadows"" (1983) is the teaming of horror legends Vincent Price, Christopher Lee and Peter Cushing, not to mention John Carradine. You can’t go wrong if you’re in the mood for a mystery/horror that takes place in a huge Gothic manor or castle and the eerie happenings thereof. It’s like a live-action version of Scooby-Doo without the dog, teens or Mystery Machine. 

Desi Arnaz Jr. (the son of Desi Arnaz and Lucille Ball, naturally) makes for a great protagonist and it’s a shame he didn’t go on to greater success as a starring actor. Meanwhile blonde Julie Peasgood is effective enough as his potential gal, Mary, while brunette Louise English is worth a mention as Diana.

I’m not going to give anything away, but the well-done ending was borrowed for future, better movies. While it’s seemingly innovative, Shakespeare used the plot device 380 years earlier. Another interesting element of the film was borrowed by a slasher flick three years later. Speaking of borrowing, “Clue” was obviously inspired by it, not to mention much more successful, but don’t look for any goofiness here.

The movie runs 1 hour, 42 minutes, and was shot Rotherfield Park, East Tisted, Alton, Hampshire, which is about 55 miles southwest of London.

GRADE: B-",2023-11-17T20:22:30Z,2024-02-20T05:43:01Z,https://www.themoviedb.org/review/6557cb86d051d9013a17c66d
647c434ae323f300a7d60b14,11940,CinemaSerf,Geronimo1967,CinemaSerf,/9HcQx0Yfbxy8eqr3ft66X9uWMf0.jpg,7.0,"This is a cracking action fantasy tale with Patrick Wayne as our hero out to restore his friend the Caliph to human form after the evil sorceress ""Zenobia"" (Margaret Whiting) turned him into an ape. Sam Wanamaker treats the audience as more grown up than in many of these stop-motion animation films; the monsters seem to have bit more ""soul"" - particularly the cyclops; and Patrick Troughton as ""Melanthius"" is more of a telepathic scientist than possessor of mystic powers. Ray Harryhausen is in his element and we have plenty of fun with a cast also featuring Jane Seymour and Taryn Power. It doesn't need your brain to get out of second gear, but is a very creatively put together adventure film with loads going on.",2023-06-04T07:54:50Z,2023-06-04T07:54:50Z,https://www.themoviedb.org/review/647c434ae323f300a7d60b14
5ea2b21466f2d2001a3cdaef,24580,John Chard,John Chard,,/utEXl2EDiXBK6f41wCLsvprvMg4.jpg,8.0,"In my simple Bible way I did a lot of praying. 

When an experimental rocket ship crashes back down to Earth, Bernard Quatermass is baffled as to why three astronauts went up, but only one has returned. The returning astronaut is Victor Carroon and he's in a bad way. Unable to speak and going through some sort of metamorphosis, it's not long before he starts to become something that literally threatens all of mankind. Can Quatermass and his team of scientists stop the creeping unknown in its tracks?.

The character of Bernard Quatermass was born out of the considerable brain of writer Nigel Kneale. A science boffin and defender of the Earth against other worldly beasties, Quatermass was first seen on the screen in the BBC TV serial in 1953. Here that bastion of British horror, Hammer Film Productions, adapts a story for the screen and produce a gritty science fiction thriller that doesn't resort to the hokey monster schlock conventions so evident in the 1950s. Directed by Val Guest (who co-writes with Richard H. Landau), the Quatermass franchise (sequels, more TV serials and another linked film would follow down the line) always thrived because of the intelligence and willingness to explore the science surrounding the stories within. Here with this one we get an interesting look at the political aspects that surround the space programme, and this in turn dovetails nicely with the police investigation as the ""Yard"" search for the man, soon to be monster.

Effectively using London locations such as Westminster Abbey, Guest's movie also pulses with great characters. Not just those on the trail of the stricken astronaut, but also those that he (it) comes into contact with - such as a Frankenstein like encounter with a young girl (Jane Asher) playing with her doll. It's well thought out stuff, even if budget restrictions and time scale can't quite fully realise Kneale's creation. Of the cast, Brian Donlevy steps into the shoes of brainy Bernard, seen as an odd casting choice by many, it proves to be quite astute. Quatermass is straight laced and a stickler for his science, Donlevy's mannerisms and gruff exterior suit the role very well. Britain's favourite copper Jack Warner of course plays the inspector leading up the investigation, and as usual he's as solid as a rock, while Richard Wordsworth is brilliant as the doomed Victor Carroon. There's also little turns from British treasures like Thora Hird, Lionel Jeffries and Gordon Jackson.

With its writing smarts appeasing the adults and having enough of a creature feature vibe to entertain the kids, The Quatermass Experiment is a classy bit of 50s sci-fi that covers most of the bases. 8/10",2020-04-24T09:32:04Z,2024-05-16T15:22:27Z,https://www.themoviedb.org/review/5ea2b21466f2d2001a3cdaef
637220abca4f6700bbc067c5,24580,CinemaSerf,Geronimo1967,CinemaSerf,/9HcQx0Yfbxy8eqr3ft66X9uWMf0.jpg,6.0,"American scientist Brain Donlevy sends a rocket with three men into space; it comes back with only one and he is very, very sick. What happened to the other two - the ship was hermetically sealed? Well this decent British sci-fi/horror film follows the investigation as together with police officer Jack Warner they try to get to the bottom of things. Meantime, the sole survivor of the exploratory flight goes awol and we discover an alien creature is now on the loose on post war London and it is hungry! It's now race against time to stop it reproducing and taking over the world - and who better than our intrepid team to track it down and destroy it. This has been done on a pretty basic budget; but is well written and directed with a creative approach to the cinematography that rewards the viewer with a much less stilted single-scene style of presentation than many British efforts of the mid 1950s - and it has two strong performances to keep the pot boiling.",2022-11-14T11:04:11Z,2022-11-14T11:04:11Z,https://www.themoviedb.org/review/637220abca4f6700bbc067c5
6174770efd7aa4009087575e,40983,Wuchak,Wuchak,,/4KVM1VkqmXLOuwj1jjaSdxbvBDk.jpg,6.0,"_**The return of the hungry red glob from outer space!**_

In the Greater Los Angeles area, a technician unwittingly brings home a specimen of the Blob in a frozen canister, which his wife unwisely allows to unthaw. Suddenly hippies, cops, rednecks and bowlers are under horrific attack. Robert Walker Jr. & Gwynne Gilford play the main protagonists while Richard Webb is on hand as the stalwart Sheriff. There are several glorified cameos by the likes of Randy Stonehill, Carol Lynley, Dick Van Patten, Burgess Meredith and the like.

“Beware! The Blob” (1972), aka “Son of Blob” (or “The Blob II”) came out fourteen years after the original film with Steve McQueen and was made by Larry Hagman in his downtime between the TV hits I Dream of Jeannie and Dallas. It has a loose and breezy improvisational feel, throwing in quirky comedic bits amidst the serious horror. While the amusing parts don’t always work (e.g. the curious barber shop sequence), they keep the proceedings peculiar. 

It is interesting to compare the two movies because of the social changes brought about by the radical events of the 60s. As the original flick provided a good look into small town America of 1957 (when it was shot) this sequel is an entertaining window into the counterculture of 1971 (when it was shot) and how the hippies or semi-hippies gelled with the older folk of traditional culture. To me, this isn’t as big a deal as it’s made out to be as there is always a “generation gap” between young and old in every decade, which can be observed even in the original film. 

A quality remake of the original came out in 1988 and, like “Beware! The Blob,” walked the balance beam between utter horror and amusing non-horror. It had a bigger budget compared to this one (and no doubt the original too), but the addition of a subplot that reveals the creature's origins as decidedly earth-centric takes away from the Blob's otherworldly and creepy ambiance. Still, it’s a worthwhile reimagining.

Most people consider this a bad film, but it IS entertaining in a totally eccentric way; and entertainment is the name of the game. 
  
The movie runs 1 hour, 27 minutes, and was shot in the Los Angeles area (Culver City, Glendale, Diamond Bar, Pomona and Venice).

GRADE: B-",2021-10-23T20:56:46Z,2021-10-23T20:56:46Z,https://www.themoviedb.org/review/6174770efd7aa4009087575e
6744399a4c3822726f31edc1,40983,tmdb93836550,tmdb93836550,,,4.0,"Such a lacking and unfunny sequel to the original cult classic.

Not any of the supposed 'jokes' where funny and weren't distinguished as jokes like the original, the acting is also the worst acting I have ever seen and this is including Speed 2.

So overall, this film is one that I'm glad I didn't watch as a child when my love for the original was at its height, very bad and don't waste your time. 5/10.",2024-11-25T08:47:22Z,2024-11-25T08:47:22Z,https://www.themoviedb.org/review/6744399a4c3822726f31edc1
534c3b85c3a368048e0000c9,85483,John Chard,John Chard,,/utEXl2EDiXBK6f41wCLsvprvMg4.jpg,6.0,"Beware the supernatural jam jars!

Early Steven Spielberg TV movie that is a considerable step down from Duel released the previous year, but showing signs of a directorial craft to follow.

Something Evil is not a great horror movie, well it was to those of us at a very young age who were allowed to watch it that is. The plot finds a family of four moving into a pastorally pleasing Pennsylvania farmhouse only to find a demon resides there. Hubbie works all hours in the city while mama and the two young children fall prey to something that manifests itself as red goo in jam jars or via a wind machine. Cue mama fighting the demon trying to take control of her family with love and pentacle art. Yep, it's really that simple, the budget doesn't stretch beyond that.

Spielberg shows some nice skills with his dissolves, close-ups and distorted angle shots, but much of the impact is undone by poor acting and a musical score that belongs on a ghost train ride at the funfair. A couple of characters appear, and then vanish until the last third of the movie needs them, while the special effects on offer are understandable low in quality. For its time, its budget and as an observation to the early work of a man who would become one of America's biggest directors, it's a curio piece worth sampling. But it's hardly essential for horror fans or Spielberg completists. 6/10",2014-04-14T19:48:21Z,2024-05-16T15:22:04Z,https://www.themoviedb.org/review/534c3b85c3a368048e0000c9
6014b98dc8a2d4003ef63ebc,65156,r96sk,r96sk,,/mwR7rFHoDcobAx1i61I3skzMW3U.jpg,8.0,"What a pleasant surprise.

Given it has one of the least exciting titles out there and, on Prime Video anyway, a poor cover (the actual cover is neat, tbf) I wasn't expecting much from <em>'The North Avenue Irregulars'</em>. However, I'm pleased to say I had a fun time watching it.

First things first: The plot. It's manic and rather bonkers, but they execute it nicely. I found the humour suitably amusing, while the main characters are all likeable. The run time perhaps overruns by 5-10mins, though that's nothing serious. The ending is mad, in a positive way.

The cast are good. Barbara Harris, who is terrific in 1976's <em>'Freaky Friday'</em>, stars alongside a whole host of other women - something I only state as it's unusual for this era of Disney. Those alongside Harris include Cloris Leachman, Virginia Capers, Susan Clark, Karen Valentine and Patsy Kelly. Elsewhere, Edward Herrmann and Michael Constantine do fine jobs.

A fun, shenanigan-filled film from 1979.",2021-01-30T01:42:37Z,2021-06-23T15:58:50Z,https://www.themoviedb.org/review/6014b98dc8a2d4003ef63ebc
643e35ced7a70a04b3aaf428,2898,Andre Gonzales,SoSmooth1982,Andre Gonzales,/ast1oGYDI7Li9daLuOV4UxGiXj.jpg,6.0,When I first saw this movie I thought it was going to be a funny movie. It's actually a serious drama movie. I still liked it but he's a prick in this movie.,2023-04-18T06:16:46Z,2023-04-18T06:16:46Z,https://www.themoviedb.org/review/643e35ced7a70a04b3aaf428
6467d66d2bcf67011bf2a985,2898,Rob,Arcanum101,Rob,/w7CFzleuBl2EMBEl08fSA14aUOy.jpg,8.0,"This movie will hit you hard, force you to think about your biases and make you pretty damn uncomfortable. But don't fret, you'll feel better by the end. And Nicholson is so natural as a misanthrope.",2023-05-19T20:05:01Z,2023-05-19T20:05:01Z,https://www.themoviedb.org/review/6467d66d2bcf67011bf2a985
6472f8f09408ec00c28ecc98,2898,CinemaSerf,Geronimo1967,CinemaSerf,/9HcQx0Yfbxy8eqr3ft66X9uWMf0.jpg,7.0,"Greg Kinnear (""Simon"") finds himself in hospital after a brutal bit of gay-bashing, and that means that his small, yappie, dog (""Jill"") has to be entrusted to his rather curmudgeonly, author neighbour ""Melvin"" (Jack Nicholson) - not exactly the most loving and obvious of choices. Now this latter guy isn't exactly flavour of the month - indeed it's really only waitress ""Carol"" (Helen Hunt) who will put up with his selfish and churlish behaviour. When her young son becomes ill, she has to take time off and ""Melvin"" finds himself truly alone - with no breakfast! The solution, well all three of them take a trip and, well, you can imagine that with Nicholson and Hunt on super form here, Kinnear clearly thriving as their foil, and a screenplay from James L. Brooks at his best, we get an highly entertaining and earthy hybrid of comedy and the most unlikely semblance of romance as the three realise that there is so much more to life than any realised was possible. It's a wee bit long, but the characterisations are rich and engaging and there is a genuine chemistry on screen between all three - and the dog! It's a feel good film that has some serious undercurrents but those are dealt with in a fashion that is potent but not preachy and provides us with food-for-thought wrapped in a smile. Definitely worth watching.",2023-05-28T06:47:12Z,2023-05-28T06:47:12Z,https://www.themoviedb.org/review/6472f8f09408ec00c28ecc98
68338a1e8adc52301fb6b3ab,17644,tmdb28001983,tmdb28001983,,,10.0,"What a great movie! I went with my grandkids to watch it in the theater this April when it was re-released in theaters this year, everyone clapped at the end! This movie will have people reconsidering it to be a masterpiece!",2025-05-25T21:22:38Z,2025-06-03T18:15:04Z,https://www.themoviedb.org/review/68338a1e8adc52301fb6b3ab
6241b35d0f3655005ff7546b,97716,CinemaSerf,Geronimo1967,CinemaSerf,/9HcQx0Yfbxy8eqr3ft66X9uWMf0.jpg,7.0,"Much as with his sterling adaptation of ""The Prisoner of Zenda"" from a year earlier, Rex Ingram has chosen a super story and re-united some of that cast to create a cracking adaptation of Sabatini's story of power and revolution. When the proud young ""Philippe de Vilmorin"" (Otto Matieson) ends up on the wrong side of a duel with the expert swordsman, the cruel ""Marquis de la Tour"" (Lewis Stone) his friend ""Moreau"" (Ramon Novarro) vows to avenge this needless death. An empty promise at this stage, but as the story develops he hones his skills with a rapier, and uses his new guise as ""Scaramouche"" with a travelling theatre to earn the adulation and respect of the people - and to sow the seeds of discontent with the corrupt rule of the nobility. His election to the chamber of deputies marks the final step in his search for vengeance, as he puts his new found fencing skills to good use eliminating some of the pompous aristocrats before a final duel with ""La Tour"". There is plenty of romance along the way - with our hero in love with childhood sweetheart ""Aline"" (Alice Terry) and with theatre tomboy ""Climène"" (Edith Allen). All the ingredients are here for a super story of intrigue, betrayal, corruption and of love with plenty of action and more than a few twists as the story gathers pace. Novarro is very good in the title role - his mastery of the characterful stage performances as well as that of the more earnest ""Moreau"" is enjoyable, as is the contribution from Stone as his nemesis. The sets and costumes are sumptuous, and the film engrossing for just over two hours. Oddly enough, although I certainly enjoyed the 1952 version too - I think that this might just edge it.",2022-03-28T13:08:45Z,2022-03-28T13:08:45Z,https://www.themoviedb.org/review/6241b35d0f3655005ff7546b
6537b68041aac400e0402b9b,34023,JPV852,JPV852,,/xNLOqXXVJf9m7WngUMLIMFsjKgh.jpg,6.0,"More disgusting than unnerving or scary, this horror/dark comedy had its moments and Seamus O'Brien as the lead Sardu was a lot of fun. As a 1970s splatter film, I thought it was alright as I'm not always a fan of these sort of movies. **3.0/5**",2023-10-24T12:20:16Z,2023-10-24T12:20:16Z,https://www.themoviedb.org/review/6537b68041aac400e0402b9b
66e76b38050f14e4fccfbdff,10237,micar6,micar6,,,8.0,"The ""anti-Bonnie and Clyde,"" as described by the film's director Leonard Kastle. Who? Yeah, I never heard of him either. He made one movie and it's 1) a classic, 2) part of the Criterion Collection, and 3) one of François Truffaut's favorites. It was also a movie Martin Scorsese started to direct but was let go! So what is it? A low-budget, independent true crime story about a notorious team of con artists and killers. It has gorgeous black and white camerawork and excellent acting. It's creepy and original, and entirely gripping.",2024-09-15T23:18:16Z,2024-09-17T15:13:47Z,https://www.themoviedb.org/review/66e76b38050f14e4fccfbdff
66edcdb07300a5ba213ad861,42622,Wuchak,Wuchak,,/4KVM1VkqmXLOuwj1jjaSdxbvBDk.jpg,7.0,"**_Amusing late 60’s musical with dynamic performances by the cast_**

An Irish father and daughter come to America and settle a couple of miles from Fort Knox in Kentucky. As Sharon (Petula Clark) falls for the community’s returning prodigal son (Don Francks), Finian (Fred Astaire) deals with a leprechaun (Tommy Steele) that desperately needs the pot of gold he “borrowed” while a mute dancing girl catches the leprechaun’s eye (Barbara Hancock).

""Finian’s Rainbow"" (1968) is a fun musical based on the 1947 Broadway play, helmed by Francis Ford Coppola after proving his mettle with “You’re a Big Boy Now.” Although overlong, it’s an energetic mix of Elvis’ “Follow that Dream,” Astaire musicals and “The Wizard of Oz.” The above-noted cast members are all highlights, along with Keenan Wynn as the racist Senator and Al Freeman Jr as the research botanist. Astaire was 68 during shooting while Petula was 34; Franks was 35 (but looked older) while dancer Barbara Hancock was only 17. Speaking of the latter, she shines as she frolics about doing flips and what have you.

Someone criticized that the movie borrowed too many Hippie elements from the musical “Hair,” but this is totally bogus seeing as how the film started shooting (with a finished script) in late June, 1967, and ""Hair"" didn't debut off-Broadway until four months later. It didn’t make it to Broadway until 1968 while the movie version came out in 1979. No doubt the scriptwriters & Coppola naturally tried to make the 1947 musical more relevant to the mid-60s, but this had zero to do with ripping off ""Hair."" Personally, I didn't perceive much if any ""Hair""-like elements and, honestly, it could easily fit the time-frame of the late ’40s. 

Wynn’s character was inspired by real-life Senator Theodore Bilbo of Mississippi, a Democrat, who died seven months after the musical debuted. Film studios wouldn’t touch it due to the satirical bits pertaining to racism (like the Senator amusingly morphing into a black man); that is, unless they could change the script, which the writers wouldn’t allow. By the mid-60s, however, the time was right.

Coppola had nothing to do with the cutting off of Astaire's feet during his dancing scenes. After shooting had been done in 35mm, Warner Brothers chose to convert the movie to the wider 70mm and sell it as a “preserved-ticket roadshow attraction,” which was achieved by cropping off the tops and bottoms of the picture frame. Unfortunately, this included some shots of Astaire's footwork, which I didn't even notice while watching (in other words, it's a nothing burger).

This was Astaire’s last musical.

It runs 2 hours, 25 minutes, and was shot on studio sound-stages and the back lot at Warner Brothers Burbank Studios and Walt Disney's Golden Oak Ranch, as well as Potrero Valley, Thousand Oaks, although one sequence was shot in Napa Valley near Coppola's home, north of Oakland, as well another west of there in Bodega Bay. The opening includes scenic shots of iconic spots in the USA (with stand-ins for Astaire and Clark).

GRADE: B",2024-09-20T19:32:00Z,2024-09-23T21:05:54Z,https://www.themoviedb.org/review/66edcdb07300a5ba213ad861
63ab15b509dda4007cb9c9a1,6477,Michael,Gnislew,Michael,,6.0,"Als Kind habe ich die Zeichentrickserie von Alvin und die Chipmunks geliebt um den Animations-/Realfilmmix habe ich nach den schlechten Erfahrungen mit ähnlichen Filmen biser einen Bogen gemacht. Zu Unrech! Natürlich ist Alvin und die Chipmunks kein Meisterwerk. Natürlich präsentiert der Film keine komplexe Story. Und dennoch hat der Film mir Spaß gemacht. Die animierten Chipmunks fügen sich gut in den Film ein und „Earl“ Jason Lee weiß prima mit ihren zu agieren. Wenn die Chipmunks Chaos in der Wohnung von Lees Filmfigur Dave stiften oder ihren ersten großen Auftritt haben, dann schwingt natürlich ein Stück Kindheitserinnerung mit, aber ein Stück Kindheitserinnerung, die mit diesem Film angemessen in die Neuzeit transportiert wurde. Alvin und die Chipmunks ist somit seichte Unterhaltung, wenn es einfach mal ein relaxter Couchtag werden soll. [Sneakfilm.de]",2022-12-27T15:56:37Z,2022-12-27T15:56:37Z,https://www.themoviedb.org/review/63ab15b509dda4007cb9c9a1
64a0f9d64a52f800e82ddf84,6477,Andre Gonzales,SoSmooth1982,Andre Gonzales,/ast1oGYDI7Li9daLuOV4UxGiXj.jpg,8.0,Love this movie. Kind of funny and cute to see these little hairy beasts singing pop songs. At least the songs weren't bad.,2023-07-02T04:15:18Z,2023-07-02T04:15:18Z,https://www.themoviedb.org/review/64a0f9d64a52f800e82ddf84
68657054fedbbead7dfb8716,6477,RealZero,BryanGreyson,RealZero,/tvnvrXH44WQIz6csSjptquF02wv.jpg,7.0,"Alvin and the Chipmunks is a nice, family friendly movie about finding a place and your family in life, development of care and empathy for each other and many of the usual US comedy tropes.

While the movie in itself is nothing crazy special, I consider it to be quite cutely done.

The three Chipmunks look and are animated very nicely and while, like the original story of them, requires quite some suspension of disbelieve on how the world simply accepts talking rodents, they make for a really cute movie.

The familiar care of the three brothers is cute, their singing and dancing is well-animated and the fur detail is really nice.

Knowing the 1986 cartoon it was unusual to see Dave so ""cold"" towards them, but that only allowed the movie to show more of the very beginning of how their relationship grows.

The one thing I was not a fan of was the temporarily tried-for romance between the human characters, but this luckily didn't have a big place.

It was a good start into the franchise, I like it.

Family values, becoming a family, and how children need and deserve to ""just be children"". <3",2025-07-02T17:45:56Z,2025-07-09T15:58:38Z,https://www.themoviedb.org/review/68657054fedbbead7dfb8716
62a784b1a8b2ca0068d2d752,22602,CinemaSerf,Geronimo1967,CinemaSerf,/9HcQx0Yfbxy8eqr3ft66X9uWMf0.jpg,5.0,"John Wayne arrives in a town to find the occupants of the saloon have been brutally gunned down. The sheriff duly arrives (after the event, of course) and ""Randy"" is arrested as the prime suspect. He is busted out by Roberta Vaughn and determines to find the culprits and prove his innocence - and to get the gal!. It's all a bit routine, but Wayne, and the quirky contributions from Gabby Hayes as ""Matt the Mute"" keep it interesting for the 50-odd minutes it all takes.",2022-06-13T18:40:49Z,2022-06-13T18:40:49Z,https://www.themoviedb.org/review/62a784b1a8b2ca0068d2d752
5f9b74b453866e0037e5cf57,46547,couchplotato,couchplotato,couchplotato,/3azvJtcJAbFiUir5VrDSEq7VxrB.jpg,,"Canadiana.
About a drunk Newfoundlander poet who is spiralling downwards and takes everyone in his life down with him.  Sad and funny at the same time. Joel Thomas Hynes’ Newfoundlander accent shines on as usual, which is quite charming.",2020-10-30T02:04:36Z,2021-06-23T15:58:46Z,https://www.themoviedb.org/review/5f9b74b453866e0037e5cf57
5659073fc3a36857da000bb1,32613,John Chard,John Chard,,/utEXl2EDiXBK6f41wCLsvprvMg4.jpg,7.5,"One of our links is missing!

It's as nutty as a Dundee Cake is Horror Express, but a wonderful slice of horror it is. Boasting Christopher Lee and Peter Cushing as a twin elegant force that are fighting evil, pic is in safe hands. As the title suggests, story takes place on a train, a Trans-Siberian Express no less. Anthropologist Prof. Sir Alexander Saxton (Lee) has discovered a creature frozen during one of his mountain expeditions, and has it safely locked up during the train journey. Yeah, right! Pretty soon grisly deaths start occurring so Saxton and Dr. Wells (Cushing) must find out what the beast is and how to stop it - if it can be stopped that is...

It's a splendid amalgamation of films like And Then There Were None and The Thing from Another World. Although it's often cheap looking, the modest budget actually makes the ""B"" movie roots engage rather than hinder. Telly Savalas' introduction late in the day doesn't make a lot of sense, and he hams it for all he's worth, but again there's a horror charm about it as the blood does flow and eyeballs do pop. While the revelation and modus operandi of the creature, the science aspects of it, contains good thought and doesn't insult the viewers in spite of the nuttiness of it all.

Great fun, so go buy a ticket and get on board. 7.5/10 ",2015-11-28T01:45:35Z,2024-05-16T15:22:12Z,https://www.themoviedb.org/review/5659073fc3a36857da000bb1
5c8d23f3c3a368611f493784,32613,Wuchak,Wuchak,,/4KVM1VkqmXLOuwj1jjaSdxbvBDk.jpg,7.0,"***Originally titled ""Panic on the Trans-Siberian Express""*** 

A British anthropologist (Christopher Lee) discovers a frozen prehistoric “missing link” in 1906, Manchuria, and transports it to Europe by train. All hell breaks loose when the eerie thing escapes and preys on the passengers. Peter Cushing plays a colleague while Telly Savalas hams it up as an intimidating Cossack officer in the last act.

A joint UK/Spanish production, “Horror Express” (1972) isn’t a Hammer film, but it has the aura of one, and I love Hammer films. The best way to describe it is as a meshing of ""The Thing,” ""Murder On The Orient Express,"" “Ten Little Indians,” ""Trog,"" ""The Good, the Bad and the Ugly"" and a few Hammer flicks with Lee & Cushing. The horrific creature obviously influenced Chris Claremont’s Proteus, aka Mutant X, in the X-Men comic seven years later.

You might be curious as to why I included ""The Good, The Bad and The Ugly"" in the list; it's because the quality score by in John Cacavas will bring to mind that popular Western composition, except that it's a more eerie and fitting for early 70’s horror. Another highlight is that it features two gorgeous redheads: Helga Line, who was 39 years-old during shooting, and 24 year-old Silvia Tortosa as a Countess.

In its time ""Horror Express"" was cutting edge horrific entertainment. It may be dated now, but the film at least takes its subject seriously and is never campy. I’d give it a higher rating except that it loses its mojo in the last act and becomes dull. Up to that point, though, this is stellar early 70’s Gothic horror.

The film runs 88 minutes and was shot in Madrid, Spain.

GRADE: B",2019-03-16T16:27:31Z,2021-06-23T15:58:19Z,https://www.themoviedb.org/review/5c8d23f3c3a368611f493784
64732db69ae61301045ac242,32613,CinemaSerf,Geronimo1967,CinemaSerf,/9HcQx0Yfbxy8eqr3ft66X9uWMf0.jpg,6.0,"Christopher Lee, Peter Cushing and Telly Savalas - yes, Kojak himself, star in this Anglo-Spanish horror flick about a beastie unearthed in China that wreaks havoc on the train that is bringing it back to Europe. The story is actually quite good; though the quality of the print I saw was pretty dreadful so sadly it became more of a perseverance exercise, than one of enjoyment. The direction is quite taut, and it builds to quite an exciting crescendo. As you'd expect, the music and dubbing are not quite what they might be, and the exterior sets could do with some more glue - but that isn't too off-putting. Give it a go.",2023-05-28T10:32:22Z,2023-05-28T10:32:22Z,https://www.themoviedb.org/review/64732db69ae61301045ac242
56175ca4c3a3680fa0001cbf,3076,John Chard,John Chard,,/utEXl2EDiXBK6f41wCLsvprvMg4.jpg,6.0,"I only want to die. That's why I'm here. If I ever find peace I'll find it here.

In an effort to revitalise their monster franchise at the box offices, Universal hit on the idea of of featuring more than one monster in a movie. Frankenstein Meets the Wolf Man was to be the first of many such ventures.

Lon Chaney Jr is back as Larry Talbot/The Wolf Man, who after being awoken by unsuspecting grave robbers, is once again tortured by his curse and desperately wants an end to his misery. Seeking out the Gypsy woman Maleva (Maria Ouspenskaya), the pair of them head off to find Dr. Frankenstein in the hope of finding a solution. He's dead, though, but there's another scientist on hand for help and as the villagers once again take unkindly to someone rekindling old nightmares, all while the Frankenstein Monster (Bela Lugosi) is found preserved in ice...

It's in effect a sequel to both The Wolf Man and The Ghost of Frankenstein, though as would become the norm, Monster Frank is a bit part player in a film bearing his name. The film is delightfully brisk and with Chaney doing good work as the tortured Talbot - with the relationship between Maleva and himself quite touching - the story carries emotional weight. However, Lugosi doesn't look right for the role of the monster, Patrick Knowles' switcharoo to a mad scientist is ill thought out, while the big smack down finale is sadly all too brief.

Nobody in the film, except maybe Chaney, was done any favours in the editing and writing rooms, but it's still a whole bunch of fun for fans of the Universal Monsters series. 6/10",2015-10-09T06:20:20Z,2024-05-16T15:22:11Z,https://www.themoviedb.org/review/56175ca4c3a3680fa0001cbf
62b81df519690c005145d3d5,3076,CinemaSerf,Geronimo1967,CinemaSerf,/9HcQx0Yfbxy8eqr3ft66X9uWMf0.jpg,6.0,"A couple of grave-robbers get much more than they bargained for when they desecrate the tomb of Wolf-Man ""Larry Talbot"" (Lon Chaney Jr.) who is ultimately seeking the peace of death. Teaming up with a gypsy ""Maleva"" who knows his secret they set off to find the one man who can fulfil his wish - ""Dr. Frankenstein"". He is long since dead but his daughter agrees to help find the papers in her late father's derelict castle. There they stumble upon his monster (Bela Lugosi) and free it from captivity in a block of ice. It goes on the rampage and we find ourselves in the more traditional monster-hunt scenario. Dennis Hoey is again cast as the policeman (a role he played frequently in Roy William Neill's ""Sherlock Holmes"" films) and Patric Knowles and Ilona Massey provide solid support in this entertaining, if predictable, short terror feature. Could have done without the song, I think, though.",2022-06-26T08:51:01Z,2022-06-26T08:51:01Z,https://www.themoviedb.org/review/62b81df519690c005145d3d5
62b81e0f67203d0d3a125294,3076,CinemaSerf,Geronimo1967,CinemaSerf,/9HcQx0Yfbxy8eqr3ft66X9uWMf0.jpg,6.0,"A couple of grave-robbers get much more than they bargained for when they desecrate the tomb of Wolf-Man ""Larry Talbot"" (Lon Chaney Jr.) who is ultimately seeking the peace of death. Teaming up with a gypsy ""Maleva"" who knows his secret they set off to find the one man who can fulfil his wish - ""Dr. Frankenstein"". He is long since dead but his daughter agrees to help find the papers in her late father's derelict castle. There they stumble upon his monster (Bela Lugosi) and free it from captivity in a block of ice. It goes on the rampage and we find ourselves in the more traditional monster-hunt scenario. Dennis Hoey is again cast as the policeman (a role he played frequently in Roy William Neill's ""Sherlock Holmes"" films) and Patric Knowles and Ilona Massey provide solid support in this entertaining, if predictable, short terror feature. Could have done without the song, I think, though.",2022-06-26T08:51:27Z,2022-06-26T08:51:27Z,https://www.themoviedb.org/review/62b81e0f67203d0d3a125294
59cf8788c3a3681e3701c639,41611,John Chard,John Chard,,/utEXl2EDiXBK6f41wCLsvprvMg4.jpg,7.0,"Peligro!

Jeopardy is directed by John Sturges and adapted to screenplay by Mel Dinelli from Maurice Zimm's radio play ""A Question of Time"". It stars Barbara Stanwyck, Barry Sullivan, Ralph Meeker and Lee Aaker. Music is by Dimitri Tiomkin and cinematography by Victor Milner.

Running just shy of 70 minutes, Jeopardy is a classic lesson in how to garner great suspense from a small cast and set-up. Beginning with jaunty music and the scene setting of a family of three off for a vacation, it's all Americana bliss, but it's not long before fate deals the family some bad cards and we land firmly in thriller territory. The dialogue is safe and assured, with the stars turning in rich characterisations as written, particularly a wonderfully oily Meeker as the villain of the piece. Though very much plein air as a production, a claustrophobic and fraught air grips the play and drags the viewer in wholesale, a sense of cruel luck, danger and ironies hold things in a noir realm. While a turn of events in the narrative is deftly played, the sub-text shattering to the point we don't need to see it to feel it.

Unfortunately some irritants stop it from hitting the top end of the scale. Daft ironies and highly improbable contrivances chip away at the pic's other strengths, one scene has the son (Aaker) trapped on a dilapidated pier, to which his dad calls out ""stay right where you are"", I mean really, what else was the lad going to do?! Some crude back projection work also dampens down some otherwise nice production touches (Calif locales just lovely), while the ending kinda dilutes a previous moral kicker. But irritants aside, this holds its head up high as a picture well worth investing time in. 7.5/10",2017-09-30T12:01:12Z,2024-05-16T15:22:17Z,https://www.themoviedb.org/review/59cf8788c3a3681e3701c639
53fea0bb0e0a262de80030d8,16227,John Chard,John Chard,,/utEXl2EDiXBK6f41wCLsvprvMg4.jpg,7.0,"Dark Passage, light journey.

*** This review may contain spoilers ***

Vincent Parry has been imprisoned in San Quentin for murdering his wife, he escapes at sets about clearing his name. After being picked up, and then hidden by Irene Jansen (who has followed his case closely), Parry gets a tip from a cab driver which leads him to an underground plastic surgeon. After being given a new face, Parry must keep away from the police and find out just who did in fact kill his wife?

OK, so the plot isn't much to write home about, but the star appeal of the leads and a quite simply brilliant supporting performance lifts this noirish thriller way above average. Humphrey Bogart is Vincent Parry and Lauren Bacall is Irene Jansen, so it's with a tinge of sadness that Dark Passage is considered the weakest film of the four collaborations from the special duo. And though in plot and screenplay that may well be true, I maintain that the sexual chemistry here is as electric as it is in The Big Sleep. Has to be said, though, that both Bacall & Bogart are playing second fiddle to a waspish turn from Agnes Moorehead as Madge Rapf, she ups the ante and grabs the attention span when the film drifts close to a stand still.

The clever camera technique of viewing the events from Vincent's eyes works well for the first third of the film (we never see Vincent's face), but heavy with Bogarts' narration, this loses impact once Vincent gets his new face. The mysterious element to the plot doesn't quite get the jolt that it should because sadly we know it's Bogart from the off, So when the reveal comes about it just falls a little flat. Still, the film works as a more than serviceable thriller, with great acting and a very tidy turn of events in the ending make Dark Passage recommended viewing for noirish thriller fans. 7/10",2014-08-28T03:23:39Z,2024-05-16T15:22:05Z,https://www.themoviedb.org/review/53fea0bb0e0a262de80030d8
63097e26ca7ec6007efceacd,16227,tmdb28039023,tmdb28039023,,,2.0,"Humphrey Bogart spends at least half of Dark Passage heard but not seen. When the movie isn’t shot from his point of view – little more than a gimmick in any day and age, though I guess in 1947 it might have had the benefit of novelty; sort of like a first-person shooter long before first-person shooters –, Bogie’s face is either a shadowy silhouette or wrapped in bandages. The latter is the result of a back-alley plastic surgery, which is itself an oddity since this is an extreme that more often than not only true villains will go to – perhaps because only a truly guilty conscience could bear to part with the face in the mirror.

In this case, however, Vincent Parry (Bogart) is a the victim of a Miscarriage of Justice who sets out to Clear My Name. What happens if he does manage to prove his innocence? Will he then undergo further cosmetic surgery and go back to looking like whatever it was he looked like before? Or will he just go through the rest of his life with a surgically rearranged visage? Something tells me ol’ Vince did not think this through; on the other hand, he could have done a lot worse – like, for instance, Peter Lorre in The Face Behind the Mask.

Of course, for all the good his new face does him, he might as well have kept the old one and saved himself the money and the time – and one could say the same of writer/director Delmer Daves; I mean, what’s the point of getting Bogie (who had by then starred in, among others, The Maltese Falcon, Casablanca, To Have and Have Not, and The Big Sleep) only to have us play peek-a-boo with him for the first half of the film?",2022-08-27T02:15:02Z,2022-09-03T15:21:48Z,https://www.themoviedb.org/review/63097e26ca7ec6007efceacd
5af1d67792514106830001be,13633,Bazzjazz,Bazzjazz,Bazzjazz,/gZBZb4zWYdaOv2gUlaUl82iFE4F.jpg,8.0,"Being an early favorite of when I first discovered the potential of Sean Penn. 
Really gritty film centered around some youths that are ‘raging against the machine’ and learned to fend for themselves on the street.

It’s a good film if you can appreciate it in it’s own time and merit.",2018-05-08T16:55:19Z,2021-06-23T15:58:08Z,https://www.themoviedb.org/review/5af1d67792514106830001be
63848b001b157d00c9f8ef8c,13633,CinemaSerf,Geronimo1967,CinemaSerf,/9HcQx0Yfbxy8eqr3ft66X9uWMf0.jpg,6.0,"Sean Penn is ""O'Brien"" who is sent down for the accidental killing of an eight year old lad. His time in prison subjects him to the usual pressures and bullying but he allies with the shrewd electronics whizz ""Horowitz"" (Eric Gurry) and slowly but surely starts to learn the ropes, turn the tables and thrive. When he learns that the older brother of the dead boy has seriously assaulted his girlfriend ""JC"" (a few, sparing, contributions from Ally Sheedy) and is now incarcerated in the same institution, a deadly reckoning is on the cards with ""Paco"" (Esai Morales). Penn never did shy away from the grittier roles and here he carries off his part quite efficiently, though without much sparkle, but the rest of the cast - especially prison scumbag ""Lofgren"" (the always one-dimensional Clancy Brown) - really only make up the numbers as this predictable and rather plodding two hours of slowly building revenge drama heads to it's inevitable conclusion. It might have been more impactful at the time, but forty years on it is a wordy variation on a well travelled theme that is easy to watch and just as easy to forget.",2022-11-28T10:18:40Z,2022-11-28T10:18:40Z,https://www.themoviedb.org/review/63848b001b157d00c9f8ef8c
6548ebcc532acb011b1034f4,13633,RobMcJ,RobMcJ,,/Z7bFd3WUjNahplGaC21WgFVyNd.jpg,7.0,"Originally watched this on TV (WUTV Buffalo 29) and I vividly remembered the soda can scene - (although I thought he put them in a sock) plus the performances of Sean Penn and Esai Morales. I did not remember a young Ally Sheedy, Clancy Brown and Alan Ruck.",2023-11-06T13:36:12Z,2023-11-07T19:16:36Z,https://www.themoviedb.org/review/6548ebcc532acb011b1034f4
54da8934c3a368122d000448,94134,clipper314,clipper314,clipper314,,7.0,"One of the earliest adorable romantic comedies with UK's Jessie Matthews. Who was already bubbly, but had yet to stumble across the musical formula which would produce her best films like Evergreen (1934), First a Girl (1935), It's Love Again (1936) and Sailing Along (1938). Still very enjoyable in all it's predictability thanks to this sweet gal.",2015-02-10T22:41:56Z,2021-06-23T15:57:32Z,https://www.themoviedb.org/review/54da8934c3a368122d000448
67718b35e9cac07ec4129770,50177,CinemaSerf,Geronimo1967,CinemaSerf,/9HcQx0Yfbxy8eqr3ft66X9uWMf0.jpg,6.0,"A wealthy man is half way up his library ladder when he is taken ill and dies. Nobody quite knows where the now deceased ""Danemore"" made his fortune so his assistant ""Bishop"" (Robert Mitchum) decides to find out more about his enigmatic employer. He's somewhat taken aback by just how little the widow (Genevieve Page) knows about things, but there is perhaps one clue in Vienna. Once he gets there, though, he is quickly embroiled in some post-war machinations that takes him to Sweden where a recent suicide amidst a wealthy family, taking a shine to the daughter of the house ""Brita"" (Ingrid Thulin) and the behaviour of his newly acquired gadfly ""Spring"" (Frederic O'Brady) only muddles things up even more. Mitchum is quite effective here delivering his best less-is-more style of characterisation, but I found neither Page nor Thulin really made much impact on a story where the roles of the women were actually a lot more important than in many of these post-war noirs. It's a but too wordy and the pace could also be doing with a bit of it's own electric shock treatment as it struggles to build or sustain much momentum. There is some nice photography to accompany the travelogue elements of the story and the mystery just about delivers, but it's nothing much to write home about.",2024-12-29T17:47:33Z,2024-12-29T17:47:33Z,https://www.themoviedb.org/review/67718b35e9cac07ec4129770
59aec370c3a3682c7c05b855,43150,Kandarr,Kandarr,,,10.0,"This movie really threw Shirley Temple into the spotlight, and for good reason. She hits every note perfectly, and showed that she had what it took to move beyond shorts and into feature films. The problems that Little Miss Marker suffers from are mostly caused by the times. The sound is pretty bad throughout the movie, the levels are all over the place, and the acting from a few characters is completely over the top. Of course, that's all due from the movie being made in 1934. The entire industry was still figuring out the whole sound thing, and this film is definitely a reminder of that. However, Little Miss Marker is still a heartwarming little movie with memorable performances and a solid story.",2017-09-05T15:32:00Z,2021-06-23T15:58:00Z,https://www.themoviedb.org/review/59aec370c3a3682c7c05b855
5b7df853c3a3683415009f2a,30366,CRCulver,CRCulver,,,3.0,"This is a sequel to <i>Leningrad Cowboys Go America</i> of four years before, where Finnish auteur Aki Kaurismäki introduced one of his most absurd creations: an extravagantly quiffed ""Russian"" rock band from the wilds of Siberia, supposedly the worst band in the world, played by Finnish actors who speak only Finnish and then broken English to each other.

That first film was a sort of road movie, where the Leningrad Cowboys played a series of ramshackle bars across the American South while headed towards Mexico to perform at a wedding. Unbeknownst to them, the village idiot Igor (Kari Väänänen), who aspires to be one of them, has arrived in the United States too in pursuit, and their manager Vladimir (played by the late, great Matti Pellonpää) exploited them all the way by taking their earnings for his own luxurious desires. <i>Leningrad Cowboys Meet Moses</i> follows closely on the action of the first film, as Vladimir reappears after an unexplained absence, having become an extravagantly bearded religious fanatic and calling himself Moses. Their former manager wants to lead the band, who have become stranded in Mexico, back to their home in Siberia. This sequel has the same general format as its predecessor, though this time the road trip is from France back through Europe to the Russian border. Vladimir has stolen something important, and French actor André Wilms plays an American CIA agent pursuing him on the road back home (his thick French accent again clashing with his character's supposed origin).

<i>Leningrad Cowboys Meet Moses</i> is among Kaurismäki's worst films, and one of those sequels that should have never been made. Already with the first film one was just as likely to sigh at the lameness of it all as chuckle at the gags. The sequel, however, is a much more somber film than its predecessor, which mean there are even less gags, and virtually every scene feels like milking a formula. While it might be worth a try if you are a committed fan of Kaurismäki's body of work, I would be very reluctant to recommend this (or even the vastly superior LENINGRAD COWBOYS GO America) to a general audience.",2018-08-22T23:57:07Z,2021-06-23T15:58:11Z,https://www.themoviedb.org/review/5b7df853c3a3683415009f2a
63724f498fdda90098356f65,36489,CinemaSerf,Geronimo1967,CinemaSerf,/9HcQx0Yfbxy8eqr3ft66X9uWMf0.jpg,4.0,"This is hilarious. Bela Lugosi once again assumes the role as the megalomaniac scientist. This time determined to create a race of atomic superhumans from his astonishingly well equipped forest cabin in the middle of nowhere so he can rule the world. After a while, the locals cotton on after spotting his ""monsters"" in the woods and a journalist and her cop fiancé are soon hot on his trail. Tor Johnson steals this as the monosyllabic ""Lobo"" - his sidekick; and there has to be special mention to the daftest looking rubber octopus ever to grace the screen. To be fair, I saw a colourised version (an act of sacrilege in itself) which I think accentuated all the negatives in what might have been a passable b&w effort, but in colour it just looked ridiculous.",2022-11-14T14:23:05Z,2022-11-14T14:23:05Z,https://www.themoviedb.org/review/63724f498fdda90098356f65
5d1a35fa8a84d27f56cc42df,23159,John Chard,John Chard,,/utEXl2EDiXBK6f41wCLsvprvMg4.jpg,8.0,"What is the law? It's a gun pointed at somebody's head. All depends upon which end of the gun you stand, whether the law is just or not. 

The Talk of the Town is directed by George Stevens and Stevens co-produces with Fred Guiol. It's adapted by Dale Van Every, Irwin Shaw and Sidney Buchman from a story by Sidney Harmon. It stars Cary Grant, Jean Arthur, Ronald Colman, Rex Ingram and Edgar Buchanan.

Leopold Dilg (Grant), a radical and political thinking man, is accused of burning down a mill and causing the death of a foreman in the subsequent fire. On trial for his life, he decides to escape from jail and makes his way to the home of his school day friend Nora Shelley (Arthur). However, his timing couldn't be worse, for Nora has taken in a tenant for the summer, a law professor, Michael Lightcap (Colman). Passing him off as the gardener, Nora has to hope that Lightcap doesn't cop on to Dilg being an escaped prisoner. But with both men feeling each other out, and both having designs on Nora, something is going to have to give.

Though nominated in seven Academy Award categories, ""The Talk of the Town"" won none. Perhaps more surprisingly is that of those seven nominations, none were for acting or direction. Surprising because the film is impeccably acted and smoothly directed. It was, however, rightly nominated for Best Picture (it lost out to William Wyler's ""Mrs. Miniver"") and was a big smash at the box office. The public quickly warmed to the blend of comedy with intelligent politico musings. The set up is safe, a potential love triangle - with the three leads playing off each other sublimely - is nicely played out whilst the two men partake in discussions about the law, the applications of such and its moral worth. The comedy that comes in fits and starts is not so much of the screwball variety, but more that of ebullience born out of beautifully written sequences. Some argue that the plot is heavily reliant on contrivances (how many 1940s comedies aren't?), but ultimately that is easily forgiven given the quality on show across the board. 8/10",2019-07-01T16:34:02Z,2024-05-16T15:22:22Z,https://www.themoviedb.org/review/5d1a35fa8a84d27f56cc42df
63aade835ad76b00ae8e6410,43388,CinemaSerf,Geronimo1967,CinemaSerf,/9HcQx0Yfbxy8eqr3ft66X9uWMf0.jpg,7.0,"H. Rider Haggard's story of jungle intrigue and treasure hunting is given the lavish Hollywood treatment in this colourful adaptation of the story. In this slightly different version, Stewart Granger (""Allan Quatermain"") is hired by Deborah Kerr (""Elizabeth Curtis"") to track down her brother lost whilst off in search of King Solomon's legendary treasure. Unlike the 1937 version; this becomes more of a romance - as you might expect given the leading performers; and as such it loses much of it's grittiness and the tension is much more tied to their relationship than to their exploits in hostile territory. The film looks great (Oscar for cinematography) but some stories are best left in their original B&W iteration.",2022-12-27T12:01:07Z,2022-12-27T12:01:07Z,https://www.themoviedb.org/review/63aade835ad76b00ae8e6410
65192f5cc50ad2014dcdced3,49114,tmdb76622195,tmdb76622195,,,8.0,"Teenage Scott (Erik MacArthur) is presented with thirty dollar teen prostitute Emily (Sara Gilbert) on his birthday, and she figures out why he is not interested in her. The final film is also a good effort, with MacArthur and Gilbert scoring major indie film points, and they have a really nice chemistry. Emily's character is not delved into much, because this is not her story. Cooke's direction is fine, if not a bit awkward here and there, and Christopher Landon's script is smart- watch for the inside joke concerning Emily's choice of TV viewing habits. A solid entry.",2023-10-01T08:35:40Z,2023-10-01T08:35:41Z,https://www.themoviedb.org/review/65192f5cc50ad2014dcdced3
690499a645b7cae6c846323f,49114,punkcarrot,punkcarrot,,,,"If you watch this in 2025 or later, be aware that it aged rather poorly. The premise alone is a huge red flag and violation of a child's privacy. I've seen this before though and it does make me wonder if in some families, it's seen as normal to hire a prostiture for your kid. For me it really isn't.

Even though this is a short film, it has a massive plothole. Emily / Michelle ends up telling Scott that she knew he was queer from the start - and yet tried to push him to have sex with her?

There's also an unecessary and offensive trans joke somewhere in the middle. Even in 1999, I believe someone should have vetoed this when reading the script.

It has its moments but considering the length, the moments are but a few seconds.",2025-10-31T11:12:38Z,2025-11-16T18:40:37Z,https://www.themoviedb.org/review/690499a645b7cae6c846323f
5dd4a1b1e267de00169c2663,22972,tmdb15690715,tmdb15690715,,,,Its about the false allegation of US that Iraq had WMD. Which turns out to be a manipulated intel for personal gains of few people.,2019-11-20T02:15:13Z,2021-06-23T15:58:29Z,https://www.themoviedb.org/review/5dd4a1b1e267de00169c2663
5dd4c85a3faba00019f3db03,22972,debasish.lipu46@gmail.com,debasish.lipu46@gmail.com,,,,Good Action Movie.,2019-11-20T05:00:10Z,2021-06-23T15:58:29Z,https://www.themoviedb.org/review/5dd4c85a3faba00019f3db03
6298d4edd71fb416ca295a08,22972,CinemaSerf,Geronimo1967,CinemaSerf,/9HcQx0Yfbxy8eqr3ft66X9uWMf0.jpg,5.0,"Whilst I didn't hate this film, I really did wonder who on earth it was for? Is it just one of those retrospective conscience-salving efforts designed to deflect the attention of the audience as to just who told us all what ahead of the invasion or Iraq? In any case, the plot seems to suggest that that whole invasion was predicated on an elaborate American scheme to install a puppet administrations in that country. Based on what, precisely? Well - that's what ""Miller"" (Matt Damon) and his team of elite WMD hunters are on site to discover. What now follows is a rather pedestrian affair with loads of CIA cloak and dagger drama as the team constantly come up empty in their search. Is there a leak somewhere? Did the things just simply never exist? Is their a broader game afoot? Well those are the questions about which I couldn't say I was really very bothered. To make these intrigues work effectively, the writing and the acting have to be far sharper and nuanced than here in this rather simplistic take on not just the Allied (i.e. not just US involvement in Iraq) activities, but on the attitudes of the local population who are portrayed here as either little better than sheep farmers, or as duplicitous murderers. Damon is going through the motions, as is a slightly oddly cast Jason Isaacs (""Briggs"") and a completely underwhelming Greg Kinnear as ""Poundstone"" - the Pentagon man charged with leading the search. Add to the mix the faintly annoying interventions of investigative journalist ""Lawrie Dayne"" (Amy Ryan) and the whole thing is, frankly, a derivate mess. At times the pace is active, but for the most part is just plods along towards an ending that is probably all that this speculative and weak script could hope to offer us.",2022-06-02T15:19:09Z,2022-06-02T15:19:09Z,https://www.themoviedb.org/review/6298d4edd71fb416ca295a08
527a64cf19c2956a7106e81d,4910,John Chard,John Chard,,/utEXl2EDiXBK6f41wCLsvprvMg4.jpg,8.0,"The Pelham Paranoia.

With its 1970s chic cheese and swagger and Roger Moore's excellent performance, The Man Who Haunted Himself has a considerable cult fan base. Directed by British legend Basil Dearden, plot finds Moore as Harold Pelham, who after being involved in a serious car accident, comes around from the trauma to find that his life is being turned upside down. It seems that somebody is impersonating him, people he knows swear he was in places he hasn't been, that he has been making decisions at work that he knows nothing about, and that he has a sexy mistress that threatens to destroy his marriage. Is he going mad? A victim of a collective practical joke? Or is there really something more sinister going on?

Don't be a slave to convention!

So yeah! A cult gem waiting to be rediscovered is The Man Who Haunted Himself, it has a plot that positively bristles with intrigue. As the doppleganger motif is tightly wound by Dearden, who smartly sticks to understated scene constructions as opposed to supernatural excess, there's a realistic and human feel to the story. The makers are not going for jolt shocks, but taking a considered approach that has the pertinent mystery elements lurking in the background, waiting for their chance to reveal themselves for the utterly thrilling finale. A finale that is bold and special, obvious but not, and definitely tinged with cunning ambiguity.

With Moore drawing on talent from his acting pool that many thought he didn't have (two different characterisations smartly realised here), and Dearden pulling the technical strings (love those off-kilter angles and multi mirrored images), this is a film that has surprises in store all across the board. 8/10",2013-11-06T15:48:31Z,2024-05-16T15:22:02Z,https://www.themoviedb.org/review/527a64cf19c2956a7106e81d
